Дата;Часы;Факт, Мвт*ч;Плановая температура;
06.07.2013;0;7,901;20;
06.07.2013;1;7,992;19;
06.07.2013;2;7,897;19;
06.07.2013;3;7,791;19;
06.07.2013;4;7,649;19;
06.07.2013;5;7,775;20;
06.07.2013;6;8,001;22;
06.07.2013;7;7,968;24;
06.07.2013;8;8,501;25;
06.07.2013;9;8,489;26;
06.07.2013;10;8,488;27;
06.07.2013;11;8,682;27;
06.07.2013;12;8,724;28;
06.07.2013;13;8,849;28;
06.07.2013;14;8,905;28;
06.07.2013;15;8,866;28;
06.07.2013;16;8,774;28;
06.07.2013;17;8,749;28;
06.07.2013;18;8,829;27;
06.07.2013;19;8,225;26;
06.07.2013;20;8,127;25;
06.07.2013;21;8,228;23;
06.07.2013;22;8,073;22;
06.07.2013;23;7,816;21;
07.07.2013;0;7,867;20;
07.07.2013;1;7,889;19;
07.07.2013;2;7,736;19;
07.07.2013;3;7,838;19;
07.07.2013;4;7,787;20;
07.07.2013;5;7,893;21;
07.07.2013;6;7,9;22;
07.07.2013;7;8,006;24;
07.07.2013;8;8,383;25;
07.07.2013;9;8,484;26;
07.07.2013;10;8,85;27;
07.07.2013;11;9,044;28;
07.07.2013;12;9,08;29;
07.07.2013;13;9,249;29;
07.07.2013;14;9,224;29;
07.07.2013;15;9,148;29;
07.07.2013;16;9,156;29;
07.07.2013;17;9,123;29;
07.07.2013;18;8,875;28;
07.07.2013;19;8,388;27;
07.07.2013;20;8,038;26;
07.07.2013;21;8,027;25;
07.07.2013;22;8,027;23;
07.07.2013;23;7,875;22;
08.07.2013;0;7,863;22;
08.07.2013;1;7,826;21;
08.07.2013;2;7,871;21;
08.07.2013;3;7,837;21;
08.07.2013;4;7,83;22;
08.07.2013;5;7,992;23;
08.07.2013;6;8,232;24;
08.07.2013;7;8,393;26;
08.07.2013;8;8,858;28;
08.07.2013;9;9,11;29;
08.07.2013;10;9,307;30;
08.07.2013;11;9,447;31;
08.07.2013;12;9,61;31;
08.07.2013;13;9,395;32;
08.07.2013;14;9,329;32;
08.07.2013;15;9,514;32;
08.07.2013;16;9,324;32;
08.07.2013;17;8,757;31;
08.07.2013;18;8,762;30;
08.07.2013;19;9,19;29;
08.07.2013;20;8,548;27;
08.07.2013;21;8,505;26;
08.07.2013;22;8,135;25;
08.07.2013;23;7,935;23;
09.07.2013;0;8,174;22;
09.07.2013;1;8,051;22;
09.07.2013;2;7,808;21;
09.07.2013;3;7,892;21;
09.07.2013;4;7,872;21;
09.07.2013;5;7,69;22;
09.07.2013;6;7,641;24;
09.07.2013;7;7,9;25;
09.07.2013;8;7,997;26;
09.07.2013;9;8,09;27;
09.07.2013;10;8,22;27;
09.07.2013;11;8,677;28;
09.07.2013;12;8,543;28;
09.07.2013;13;8,342;28;
09.07.2013;14;8,502;28;
09.07.2013;15;8,4;28;
09.07.2013;16;8,324;27;
09.07.2013;17;8,254;26;
09.07.2013;18;8,115;24;
09.07.2013;19;7,964;23;
09.07.2013;20;7,946;22;
09.07.2013;21;7,938;21;
09.07.2013;22;7,805;21;
09.07.2013;23;7,732;20;
10.07.2013;0;7,859;20;
10.07.2013;1;7,783;20;
10.07.2013;2;7,69;20;
10.07.2013;3;7,792;20;
10.07.2013;4;7,799;20;
10.07.2013;5;7,78;20;
10.07.2013;6;7,808;21;
10.07.2013;7;8,034;22;
10.07.2013;8;8,305;23;
10.07.2013;9;8,455;23;
10.07.2013;10;8,799;24;
10.07.2013;11;9,081;25;
10.07.2013;12;9,207;25;
10.07.2013;13;9,194;25;
10.07.2013;14;9,496;25;
10.07.2013;15;8,846;24;
10.07.2013;16;8,602;23;
10.07.2013;17;8,341;22;
10.07.2013;18;8,174;20;
10.07.2013;19;8,06;19;
10.07.2013;20;7,792;18;
10.07.2013;21;7,791;17;
10.07.2013;22;7,935;16;
10.07.2013;23;7,875;16;
11.07.2013;0;7,803;19;
11.07.2013;1;7,721;18;
11.07.2013;2;7,733;17;
11.07.2013;3;7,551;17;
11.07.2013;4;7,683;17;
11.07.2013;5;7,644;17;
11.07.2013;6;7,707;18;
11.07.2013;7;7,695;19;
11.07.2013;8;7,674;20;
11.07.2013;9;7,577;20;
11.07.2013;10;7,934;21;
11.07.2013;11;8,119;21;
11.07.2013;12;8,233;21;
11.07.2013;13;8,291;20;
11.07.2013;14;8,224;20;
11.07.2013;15;8,174;20;
11.07.2013;16;8,047;19;
11.07.2013;17;7,985;17;
11.07.2013;18;8,051;16;
11.07.2013;19;7,905;15;
11.07.2013;20;7,552;14;
11.07.2013;21;7,623;14;
11.07.2013;22;7,712;13;
11.07.2013;23;7,729;13;
12.07.2013;0;7,695;12;
12.07.2013;1;7,703;11;
12.07.2013;2;7,69;11;
12.07.2013;3;7,645;11;
12.07.2013;4;7,636;12;
12.07.2013;5;7,518;12;
12.07.2013;6;7,598;12;
12.07.2013;7;7,661;12;
12.07.2013;8;7,712;13;
12.07.2013;9;7,724;13;
12.07.2013;10;7,787;14;
12.07.2013;11;7,846;14;
12.07.2013;12;7,901;14;
12.07.2013;13;7,733;15;
12.07.2013;14;7,917;15;
12.07.2013;15;7,897;15;
12.07.2013;16;7,892;15;
12.07.2013;17;7,896;15;
12.07.2013;18;7,741;15;
12.07.2013;19;7,896;14;
12.07.2013;20;7,745;13;
12.07.2013;21;7,628;13;
12.07.2013;22;7,443;12;
12.07.2013;23;7,38;12;
13.07.2013;0;7,548;11;
13.07.2013;1;7,518;11;
13.07.2013;2;7,556;11;
13.07.2013;3;7,552;11;
13.07.2013;4;7,56;11;
13.07.2013;5;7,54;12;
13.07.2013;6;7,666;13;
13.07.2013;7;7,674;14;
13.07.2013;8;7,715;15;
13.07.2013;9;7,762;16;
13.07.2013;10;7,775;17;
13.07.2013;11;7,934;18;
13.07.2013;12;8,022;18;
13.07.2013;13;8,145;18;
13.07.2013;14;8,051;18;
13.07.2013;15;7,935;18;
13.07.2013;16;7,762;18;
13.07.2013;17;7,371;17;
13.07.2013;18;7,367;16;
13.07.2013;19;7,22;15;
13.07.2013;20;7,191;14;
13.07.2013;21;7,262;13;
13.07.2013;22;7,149;12;
13.07.2013;23;7,233;12;
14.07.2013;0;7,215;9;
14.07.2013;1;7,347;9;
14.07.2013;2;7,237;9;
14.07.2013;3;7,107;9;
14.07.2013;4;7,136;9;
14.07.2013;5;7,245;11;
14.07.2013;6;7,317;12;
14.07.2013;7;7,413;13;
14.07.2013;8;7,703;15;
14.07.2013;9;7,658;16;
14.07.2013;10;8,106;17;
14.07.2013;11;8,027;18;
14.07.2013;12;8,17;18;
14.07.2013;13;8,051;19;
14.07.2013;14;8,224;19;
14.07.2013;15;8,005;19;
14.07.2013;16;7,809;19;
14.07.2013;17;7,803;19;
14.07.2013;18;7,813;18;
14.07.2013;19;7,67;17;
14.07.2013;20;7,623;16;
14.07.2013;21;7,498;15;
14.07.2013;22;7,522;14;
14.07.2013;23;7,511;13;
15.07.2013;0;7,656;14;
15.07.2013;1;7,682;13;
15.07.2013;2;7,582;13;
15.07.2013;3;7,481;12;
15.07.2013;4;7,442;13;
15.07.2013;5;7,523;14;
15.07.2013;6;7,635;15;
15.07.2013;7;7,851;17;
15.07.2013;8;8,081;19;
15.07.2013;9;8,237;20;
15.07.2013;10;8,463;21;
15.07.2013;11;8,485;22;
15.07.2013;12;8,451;22;
15.07.2013;13;8,631;23;
15.07.2013;14;8,552;23;
15.07.2013;15;8,291;23;
15.07.2013;16;8,219;23;
15.07.2013;17;8,06;22;
15.07.2013;18;8,082;21;
15.07.2013;19;7,783;19;
15.07.2013;20;7,782;18;
15.07.2013;21;7,839;16;
15.07.2013;22;7,648;15;
15.07.2013;23;7,628;15;
16.07.2013;0;7,657;14;
16.07.2013;1;7,552;14;
16.07.2013;2;7,56;14;
16.07.2013;3;7,489;14;
16.07.2013;4;7,448;14;
16.07.2013;5;7,589;15;
16.07.2013;6;7,712;15;
16.07.2013;7;7,829;16;
16.07.2013;8;7,867;16;
16.07.2013;9;8,131;17;
16.07.2013;10;8,153;17;
16.07.2013;11;8,086;18;
16.07.2013;12;8,169;18;
16.07.2013;13;8,127;19;
16.07.2013;14;8,321;19;
16.07.2013;15;8,27;19;
16.07.2013;16;7,976;18;
16.07.2013;17;8,12;18;
16.07.2013;18;7,984;18;
16.07.2013;19;7,989;17;
16.07.2013;20;7,812;17;
16.07.2013;21;7,649;16;
16.07.2013;22;7,787;15;
16.07.2013;23;7,489;15;
17.07.2013;0;7,379;15;
17.07.2013;1;7,372;15;
17.07.2013;2;7,43;15;
17.07.2013;3;7,376;15;
17.07.2013;4;7,354;15;
17.07.2013;5;7,262;15;
17.07.2013;6;7,393;16;
17.07.2013;7;7,531;17;
17.07.2013;8;7,573;19;
17.07.2013;9;7,753;20;
17.07.2013;10;7,842;21;
17.07.2013;11;8,275;22;
17.07.2013;12;8,148;22;
17.07.2013;13;8,223;22;
17.07.2013;14;8,203;21;
17.07.2013;15;8,271;21;
17.07.2013;16;8,102;21;
17.07.2013;17;8,031;21;
17.07.2013;18;8,014;20;
17.07.2013;19;7,75;20;
17.07.2013;20;7,694;19;
17.07.2013;21;7,552;18;
17.07.2013;22;7,607;17;
17.07.2013;23;7,674;17;
18.07.2013;0;7,606;17;
18.07.2013;1;7,699;16;
18.07.2013;2;7,577;16;
18.07.2013;3;7,602;16;
18.07.2013;4;7,645;16;
18.07.2013;5;7,829;17;
18.07.2013;6;7,851;18;
18.07.2013;7;8,001;20;
18.07.2013;8;8,123;22;
18.07.2013;9;8,275;24;
18.07.2013;10;8,639;25;
18.07.2013;11;8,641;26;
18.07.2013;12;8,731;26;
18.07.2013;13;8,796;27;
18.07.2013;14;8,854;27;
18.07.2013;15;8,803;27;
18.07.2013;16;8,649;27;
18.07.2013;17;8,581;26;
18.07.2013;18;8,446;25;
18.07.2013;19;8,278;23;
18.07.2013;20;7,842;22;
18.07.2013;21;7,88;20;
18.07.2013;22;7,762;19;
18.07.2013;23;7,72;18;
19.07.2013;0;7,573;18;
19.07.2013;1;7,691;17;
19.07.2013;2;7,716;17;
19.07.2013;3;7,652;16;
19.07.2013;4;7,59;16;
19.07.2013;5;7,594;18;
19.07.2013;6;7,888;19;
19.07.2013;7;8,312;21;
19.07.2013;8;8,493;23;
19.07.2013;9;8,715;24;
19.07.2013;10;8,376;23;
19.07.2013;11;8,32;22;
19.07.2013;12;8,43;21;
19.07.2013;13;8,489;20;
19.07.2013;14;8,278;20;
19.07.2013;15;8,493;20;
19.07.2013;16;8,547;20;
19.07.2013;17;8,451;20;
19.07.2013;18;8,287;19;
19.07.2013;19;8,141;17;
19.07.2013;20;7,891;16;
19.07.2013;21;7,985;16;
19.07.2013;22;7,715;15;
19.07.2013;23;7,746;14;
20.07.2013;0;7,728;15;
20.07.2013;1;7,801;15;
20.07.2013;2;7,669;15;
20.07.2013;3;7,779;14;
20.07.2013;4;7,741;14;
20.07.2013;5;7,791;14;
20.07.2013;6;7,724;15;
20.07.2013;7;7,775;17;
20.07.2013;8;7,892;18;
20.07.2013;9;8,107;19;
20.07.2013;10;8,114;20;
20.07.2013;11;8,304;21;
20.07.2013;12;8,152;22;
20.07.2013;13;8,052;22;
20.07.2013;14;7,863;22;
20.07.2013;15;7,922;21;
20.07.2013;16;7,968;20;
20.07.2013;17;7,888;20;
20.07.2013;18;7,82;19;
20.07.2013;19;7,649;18;
20.07.2013;20;7,506;17;
20.07.2013;21;7,539;16;
20.07.2013;22;7,43;15;
20.07.2013;23;7,431;14;
21.07.2013;0;7,388;14;
21.07.2013;1;7,694;13;
21.07.2013;2;7,439;13;
21.07.2013;3;7,577;13;
21.07.2013;4;7,443;13;
21.07.2013;5;7,527;14;
21.07.2013;6;7,603;15;
21.07.2013;7;7,674;17;
21.07.2013;8;7,853;18;
21.07.2013;9;7,931;20;
21.07.2013;10;8,085;21;
21.07.2013;11;8,271;22;
21.07.2013;12;8,471;23;
21.07.2013;13;8,522;23;
21.07.2013;14;8,606;23;
21.07.2013;15;8,484;23;
21.07.2013;16;8,321;22;
21.07.2013;17;8,208;21;
21.07.2013;18;8,081;20;
21.07.2013;19;7,77;19;
21.07.2013;20;7,834;17;
21.07.2013;21;7,774;16;
21.07.2013;22;7,594;16;
21.07.2013;23;7,733;15;
22.07.2013;0;7,758;16;
22.07.2013;1;7,682;15;
22.07.2013;2;7,568;15;
22.07.2013;3;7,755;15;
22.07.2013;4;7,79;15;
22.07.2013;5;7,784;15;
22.07.2013;6;7,724;16;
22.07.2013;7;7,842;17;
22.07.2013;8;8,106;18;
22.07.2013;9;8,274;19;
22.07.2013;10;8,241;20;
22.07.2013;11;8,291;21;
22.07.2013;12;8,435;21;
22.07.2013;13;8,492;21;
22.07.2013;14;8,401;21;
22.07.2013;15;8,081;21;
22.07.2013;16;8,254;20;
22.07.2013;17;8,059;20;
22.07.2013;18;7,947;19;
22.07.2013;19;7,729;18;
22.07.2013;20;7,694;17;
22.07.2013;21;7,716;16;
22.07.2013;22;7,641;15;
22.07.2013;23;7,547;14;
23.07.2013;0;7,59;13;
23.07.2013;1;7,623;13;
23.07.2013;2;7,489;12;
23.07.2013;3;7,427;13;
23.07.2013;4;7,522;13;
23.07.2013;5;7,619;14;
23.07.2013;6;7,64;16;
23.07.2013;7;7,813;17;
23.07.2013;8;7,946;19;
23.07.2013;9;8,023;21;
23.07.2013;10;8,022;22;
23.07.2013;11;8,241;23;
23.07.2013;12;8,187;23;
23.07.2013;13;8,16;23;
23.07.2013;14;7,93;24;
23.07.2013;15;7,948;23;
23.07.2013;16;7,917;23;
23.07.2013;17;7,887;22;
23.07.2013;18;7,922;21;
23.07.2013;19;7,661;20;
23.07.2013;20;7,338;19;
23.07.2013;21;7,435;18;
23.07.2013;22;7,392;17;
23.07.2013;23;7,355;17;
24.07.2013;0;7,749;16;
24.07.2013;1;7,581;16;
24.07.2013;2;7,444;15;
24.07.2013;3;7,265;15;
24.07.2013;4;7,426;15;
24.07.2013;5;7,548;15;
24.07.2013;6;7,578;16;
24.07.2013;7;7,8;16;
24.07.2013;8;7,879;17;
24.07.2013;9;7,779;17;
24.07.2013;10;7,833;18;
24.07.2013;11;7,921;19;
24.07.2013;12;7,931;19;
24.07.2013;13;8,244;19;
24.07.2013;14;8,2;20;
24.07.2013;15;8,236;19;
24.07.2013;16;8,254;19;
24.07.2013;17;8,215;19;
24.07.2013;18;8,186;18;
24.07.2013;19;7,775;17;
24.07.2013;20;7,657;16;
24.07.2013;21;7,757;16;
24.07.2013;22;7,675;15;
24.07.2013;23;7,506;15;
25.07.2013;0;7,476;16;
25.07.2013;1;7,607;15;
25.07.2013;2;7,64;15;
25.07.2013;3;7,665;15;
25.07.2013;4;7,619;15;
25.07.2013;5;7,367;15;
25.07.2013;6;7,422;16;
25.07.2013;7;7,397;17;
25.07.2013;8;7,485;18;
25.07.2013;9;7,518;19;
25.07.2013;10;7,602;20;
25.07.2013;11;8,006;20;
25.07.2013;12;7,98;21;
25.07.2013;13;8,057;21;
25.07.2013;14;8,161;21;
25.07.2013;15;8,278;21;
25.07.2013;16;8,111;21;
25.07.2013;17;7,963;21;
25.07.2013;18;7,926;20;
25.07.2013;19;7,833;19;
25.07.2013;20;7,678;18;
25.07.2013;21;7,784;17;
25.07.2013;22;7,787;17;
25.07.2013;23;7,72;16;
26.07.2013;0;7,691;15;
26.07.2013;1;7,715;15;
26.07.2013;2;7,648;15;
26.07.2013;3;7,771;15;
26.07.2013;4;7,842;15;
26.07.2013;5;7,85;16;
26.07.2013;6;7,817;17;
26.07.2013;7;7,817;18;
26.07.2013;8;7,572;19;
26.07.2013;9;7,514;20;
26.07.2013;10;7,758;21;
26.07.2013;11;7,821;22;
26.07.2013;12;8,308;23;
26.07.2013;13;8,334;24;
26.07.2013;14;8,534;24;
26.07.2013;15;8,61;25;
26.07.2013;16;8,682;25;
26.07.2013;17;8,842;24;
26.07.2013;18;8,488;24;
26.07.2013;19;8,489;23;
26.07.2013;20;8,207;22;
26.07.2013;21;8,153;22;
26.07.2013;22;8,106;21;
26.07.2013;23;8,056;20;
27.07.2013;0;7,905;20;
27.07.2013;1;8,002;20;
27.07.2013;2;8,004;20;
27.07.2013;3;7,931;20;
27.07.2013;4;7,875;21;
27.07.2013;5;7,863;21;
27.07.2013;6;8,06;22;
27.07.2013;7;8,367;23;
27.07.2013;8;8,648;24;
27.07.2013;9;8,942;26;
27.07.2013;10;9,132;27;
27.07.2013;11;9,286;28;
27.07.2013;12;9,262;29;
27.07.2013;13;9,026;30;
27.07.2013;14;8,963;30;
27.07.2013;15;9,051;30;
27.07.2013;16;9,077;30;
27.07.2013;17;9,081;29;
27.07.2013;18;8,783;27;
27.07.2013;19;8,702;26;
27.07.2013;20;8,438;25;
27.07.2013;21;8,375;23;
27.07.2013;22;8,287;22;
27.07.2013;23;8,186;21;
28.07.2013;0;7,973;21;
28.07.2013;1;7,989;20;
28.07.2013;2;8,014;20;
28.07.2013;3;7,913;20;
28.07.2013;4;7,862;20;
28.07.2013;5;8,103;21;
28.07.2013;6;8,064;23;
28.07.2013;7;8,317;25;
28.07.2013;8;8,657;27;
28.07.2013;9;9,265;29;
28.07.2013;10;9,643;31;
28.07.2013;11;9,946;33;
28.07.2013;12;10,111;33;
28.07.2013;13;10,125;33;
28.07.2013;14;10,115;33;
28.07.2013;15;9,854;32;
28.07.2013;16;9,307;32;
28.07.2013;17;8,786;31;
28.07.2013;18;8,691;30;
28.07.2013;19;8,506;28;
28.07.2013;20;8,185;26;
28.07.2013;21;8,384;25;
28.07.2013;22;8,207;24;
28.07.2013;23;8,073;23;
29.07.2013;0;8,136;23;
29.07.2013;1;8,056;22;
29.07.2013;2;7,968;21;
29.07.2013;3;7,98;21;
29.07.2013;4;7,783;21;
29.07.2013;5;7,955;22;
29.07.2013;6;8,124;24;
29.07.2013;7;8,388;26;
29.07.2013;8;8,77;28;
29.07.2013;9;9,37;30;
29.07.2013;10;9,635;32;
29.07.2013;11;9,35;33;
29.07.2013;12;9,568;34;
29.07.2013;13;9,74;34;
29.07.2013;14;9,619;33;
29.07.2013;15;9,261;32;
29.07.2013;16;8,678;31;
29.07.2013;17;8,996;30;
29.07.2013;18;9,111;29;
29.07.2013;19;8,122;27;
29.07.2013;20;7,796;26;
29.07.2013;21;7,67;24;
29.07.2013;22;7,787;24;
29.07.2013;23;7,674;23;
30.07.2013;0;8,068;23;
30.07.2013;1;8,119;22;
30.07.2013;2;8,094;22;
30.07.2013;3;8,056;21;
30.07.2013;4;7,805;21;
30.07.2013;5;7,766;21;
30.07.2013;6;8,278;22;
30.07.2013;7;8,321;22;
30.07.2013;8;8,421;23;
30.07.2013;9;8,501;24;
30.07.2013;10;8,615;25;
30.07.2013;11;8,67;25;
30.07.2013;12;8,601;26;
30.07.2013;13;8,581;26;
30.07.2013;14;8,686;27;
30.07.2013;15;8,942;27;
30.07.2013;16;8,888;26;
30.07.2013;17;8,779;25;
30.07.2013;18;8,417;24;
30.07.2013;19;8,328;22;
30.07.2013;20;8,048;21;
30.07.2013;21;8,266;20;
30.07.2013;22;8,149;20;
30.07.2013;23;7,938;19;
31.07.2013;0;7,909;19;
31.07.2013;1;7,988;19;
31.07.2013;2;8,069;18;
31.07.2013;3;8,018;18;
31.07.2013;4;7,985;18;
31.07.2013;5;7,955;18;
31.07.2013;6;8,094;19;
31.07.2013;7;8,11;20;
31.07.2013;8;8,262;20;
31.07.2013;9;8,355;21;
31.07.2013;10;8,404;22;
31.07.2013;11;8,438;22;
31.07.2013;12;8,312;22;
31.07.2013;13;8,547;22;
31.07.2013;14;8,556;22;
31.07.2013;15;8,581;22;
31.07.2013;16;8,455;21;
31.07.2013;17;8,476;21;
31.07.2013;18;8,451;20;
31.07.2013;19;8,212;19;
31.07.2013;20;8,22;19;
31.07.2013;21;8,27;18;
31.07.2013;22;8,245;18;
31.07.2013;23;8,228;17;
01.08.2013;0;8,068;16;
01.08.2013;1;8,119;16;
01.08.2013;2;8,094;16;
01.08.2013;3;8,056;16;
01.08.2013;4;7,805;16;
01.08.2013;5;7,766;17;
01.08.2013;6;8,278;17;
01.08.2013;7;8,321;17;
01.08.2013;8;8,421;18;
01.08.2013;9;8,501;19;
01.08.2013;10;8,615;19;
01.08.2013;11;8,67;20;
01.08.2013;12;8,601;21;
01.08.2013;13;8,581;22;
01.08.2013;14;8,686;22;
01.08.2013;15;8,942;22;
01.08.2013;16;8,888;21;
01.08.2013;17;8,779;20;
01.08.2013;18;8,417;19;
01.08.2013;19;8,328;19;
01.08.2013;20;8,048;18;
01.08.2013;21;8,266;17;
01.08.2013;22;8,149;16;
01.08.2013;23;7,938;16;
02.08.2013;0;7,909;16;
02.08.2013;1;7,816;15;
02.08.2013;2;7,893;15;
02.08.2013;3;7,997;15;
02.08.2013;4;7,956;15;
02.08.2013;5;7,946;16;
02.08.2013;6;8,082;18;
02.08.2013;7;8,332;20;
02.08.2013;8;8,409;21;
02.08.2013;9;8,715;23;
02.08.2013;10;8,687;24;
02.08.2013;11;8,614;25;
02.08.2013;12;8,715;26;
02.08.2013;13;8,816;26;
02.08.2013;14;8,746;26;
02.08.2013;15;8,896;25;
02.08.2013;16;9,118;24;
02.08.2013;17;8,82;23;
02.08.2013;18;8,872;22;
02.08.2013;19;8,824;21;
02.08.2013;20;8,324;20;
02.08.2013;21;8,422;19;
02.08.2013;22;8,249;18;
02.08.2013;23;8,195;17;
03.08.2013;0;8,182;18;
03.08.2013;1;8,241;17;
03.08.2013;2;8,396;17;
03.08.2013;3;8,278;17;
03.08.2013;4;8,225;17;
03.08.2013;5;8,337;18;
03.08.2013;6;8,434;19;
03.08.2013;7;8,485;20;
03.08.2013;8;8,648;22;
03.08.2013;9;9,068;22;
03.08.2013;10;9,047;23;
03.08.2013;11;8,946;24;
03.08.2013;12;9,131;24;
03.08.2013;13;9,136;25;
03.08.2013;14;9,241;25;
03.08.2013;15;8,857;24;
03.08.2013;16;8,964;24;
03.08.2013;17;9,098;23;
03.08.2013;18;8,996;22;
03.08.2013;19;8,61;21;
03.08.2013;20;8,279;20;
03.08.2013;21;8,17;19;
03.08.2013;22;8,215;18;
03.08.2013;23;8,111;18;
04.08.2013;0;8,156;18;
04.08.2013;1;8,086;18;
04.08.2013;2;8,156;17;
04.08.2013;3;8,246;17;
04.08.2013;4;8,047;17;
04.08.2013;5;8,002;18;
04.08.2013;6;8,177;20;
04.08.2013;7;8,543;22;
04.08.2013;8;8,741;24;
04.08.2013;9;9,186;25;
04.08.2013;10;9,123;26;
04.08.2013;11;9,366;27;
04.08.2013;12;9,405;27;
04.08.2013;13;9,077;28;
04.08.2013;14;9,327;28;
04.08.2013;15;9,514;28;
04.08.2013;16;9,354;27;
04.08.2013;17;9,404;27;
04.08.2013;18;9,094;26;
04.08.2013;19;8,891;25;
04.08.2013;20;8,686;23;
04.08.2013;21;8,653;22;
04.08.2013;22;8,308;22;
04.08.2013;23;8,304;21;
05.08.2013;0;8,366;20;
05.08.2013;1;8,442;20;
05.08.2013;2;8,351;19;
05.08.2013;3;8,299;19;
05.08.2013;4;8,17;19;
05.08.2013;5;8,005;20;
05.08.2013;6;8,393;22;
05.08.2013;7;8,778;24;
05.08.2013;8;9,207;25;
05.08.2013;9;9,286;26;
05.08.2013;10;9,56;27;
05.08.2013;11;9,559;28;
05.08.2013;12;9,665;29;
05.08.2013;13;9,761;29;
05.08.2013;14;9,972;29;
05.08.2013;15;9,739;29;
05.08.2013;16;9,304;28;
05.08.2013;17;9,157;27;
05.08.2013;18;9,008;26;
05.08.2013;19;8,787;24;
05.08.2013;20;8,233;23;
05.08.2013;21;8,199;22;
05.08.2013;22;8,203;21;
05.08.2013;23;8,094;21;
06.08.2013;0;8,211;20;
06.08.2013;1;8,093;20;
06.08.2013;2;8,204;19;
06.08.2013;3;7,989;19;
06.08.2013;4;8,064;19;
06.08.2013;5;8,023;20;
06.08.2013;6;8,32;21;
06.08.2013;7;8,556;23;
06.08.2013;8;8,925;24;
06.08.2013;9;9,056;26;
06.08.2013;10;9,101;26;
06.08.2013;11;9,279;27;
06.08.2013;12;9,337;28;
06.08.2013;13;9,299;28;
06.08.2013;14;9,173;28;
06.08.2013;15;9,405;28;
06.08.2013;16;9,13;28;
06.08.2013;17;9,228;27;
06.08.2013;18;9,093;26;
06.08.2013;19;8,695;24;
06.08.2013;20;8,56;22;
06.08.2013;21;8,191;21;
06.08.2013;22;8,295;21;
06.08.2013;23;8,077;20;
07.08.2013;0;8,039;19;
07.08.2013;1;8,044;19;
07.08.2013;2;8,026;18;
07.08.2013;3;7,897;18;
07.08.2013;4;7,98;18;
07.08.2013;5;8,102;18;
07.08.2013;6;8,367;20;
07.08.2013;7;8,48;22;
07.08.2013;8;8,678;23;
07.08.2013;9;8,786;25;
07.08.2013;10;8,981;26;
07.08.2013;11;9,131;27;
07.08.2013;12;9,425;28;
07.08.2013;13;9,3;28;
07.08.2013;14;9,341;28;
07.08.2013;15;9,21;28;
07.08.2013;16;9,43;27;
07.08.2013;17;9,232;27;
07.08.2013;18;8,971;25;
07.08.2013;19;8,872;24;
07.08.2013;20;8,505;22;
07.08.2013;21;8,3;21;
07.08.2013;22;8,383;20;
07.08.2013;23;8,362;20;
08.08.2013;0;8,463;19;
08.08.2013;1;8,321;19;
08.08.2013;2;8,187;18;
08.08.2013;3;8,186;18;
08.08.2013;4;8,236;18;
08.08.2013;5;8,149;19;
08.08.2013;6;8,4;20;
08.08.2013;7;8,543;22;
08.08.2013;8;8,8;23;
08.08.2013;9;9,047;24;
08.08.2013;10;9,165;26;
08.08.2013;11;8,887;26;
08.08.2013;12;8,989;27;
08.08.2013;13;9,022;27;
08.08.2013;14;9;27;
08.08.2013;15;9,006;27;
08.08.2013;16;8,879;27;
08.08.2013;17;8,665;26;
08.08.2013;18;8,795;25;
08.08.2013;19;8,745;23;
08.08.2013;20;8,484;21;
08.08.2013;21;8,561;20;
08.08.2013;22;8,329;19;
08.08.2013;23;8,165;18;
09.08.2013;0;8,01;18;
09.08.2013;1;7,988;17;
09.08.2013;2;7,93;17;
09.08.2013;3;8,166;16;
09.08.2013;4;8,308;16;
09.08.2013;5;8,207;17;
09.08.2013;6;8,43;19;
09.08.2013;7;8,619;21;
09.08.2013;8;8,735;22;
09.08.2013;9;8,843;24;
09.08.2013;10;8,87;25;
09.08.2013;11;8,917;26;
09.08.2013;12;9,093;27;
09.08.2013;13;9,35;27;
09.08.2013;14;9,552;28;
09.08.2013;15;9,37;28;
09.08.2013;16;9,488;27;
09.08.2013;17;9,215;27;
09.08.2013;18;9,224;26;
09.08.2013;19;8,757;24;
09.08.2013;20;8,388;23;
09.08.2013;21;8,262;21;
09.08.2013;22;8,261;20;
09.08.2013;23;8,195;20;
10.08.2013;0;8,275;19;
10.08.2013;1;8,119;19;
10.08.2013;2;8,245;18;
10.08.2013;3;8,068;18;
10.08.2013;4;8,157;18;
10.08.2013;5;8,321;19;
10.08.2013;6;8,358;21;
10.08.2013;7;8,606;23;
10.08.2013;8;8,879;25;
10.08.2013;9;9,278;27;
10.08.2013;10;9,401;28;
10.08.2013;11;9,673;29;
10.08.2013;12;9,815;29;
10.08.2013;13;9,648;30;
10.08.2013;14;9,753;30;
10.08.2013;15;9,736;30;
10.08.2013;16;9,374;29;
10.08.2013;17;9,468;29;
10.08.2013;18;9,001;28;
10.08.2013;19;8,522;26;
10.08.2013;20;8,342;24;
10.08.2013;21;8,295;23;
10.08.2013;22;8,09;22;
10.08.2013;23;8,358;21;
11.08.2013;0;8,165;21;
11.08.2013;1;8,279;20;
11.08.2013;2;8,027;20;
11.08.2013;3;8,055;19;
11.08.2013;4;8,099;19;
11.08.2013;5;8,563;20;
11.08.2013;6;8,531;21;
11.08.2013;7;8,602;24;
11.08.2013;8;9,039;26;
11.08.2013;9;9,031;27;
11.08.2013;10;9,148;28;
11.08.2013;11;9,105;29;
11.08.2013;12;9,405;30;
11.08.2013;13;9,685;30;
11.08.2013;14;9,14;30;
11.08.2013;15;9,556;30;
11.08.2013;16;9,257;30;
11.08.2013;17;9,14;29;
11.08.2013;18;9,235;28;
11.08.2013;19;9,124;26;
11.08.2013;20;8,706;24;
11.08.2013;21;8,232;23;
11.08.2013;22;8,275;22;
11.08.2013;23;8,056;21;
12.08.2013;0;8,191;20;
12.08.2013;1;8,127;20;
12.08.2013;2;8,253;19;
12.08.2013;3;8,111;18;
12.08.2013;4;7,967;18;
12.08.2013;5;8,12;18;
12.08.2013;6;8,496;20;
12.08.2013;7;8,481;22;
12.08.2013;8;8,69;25;
12.08.2013;9;8,808;26;
12.08.2013;10;8,942;27;
12.08.2013;11;8,976;28;
12.08.2013;12;8,963;29;
12.08.2013;13;8,837;29;
12.08.2013;14;8,921;29;
12.08.2013;15;8,926;29;
12.08.2013;16;8,883;28;
12.08.2013;17;8,964;28;
12.08.2013;18;8,727;26;
12.08.2013;19;8,228;24;
12.08.2013;20;8,216;22;
12.08.2013;21;7,901;21;
12.08.2013;22;7,77;20;
12.08.2013;23;7,711;19;
13.08.2013;0;7,586;18;
13.08.2013;1;7,724;17;
13.08.2013;2;7,784;17;
13.08.2013;3;8,005;16;
13.08.2013;4;7,964;17;
13.08.2013;5;8,035;17;
13.08.2013;6;8,01;19;
13.08.2013;7;8,27;21;
13.08.2013;8;8,732;24;
13.08.2013;9;9,186;26;
13.08.2013;10;9,014;27;
13.08.2013;11;9,479;28;
13.08.2013;12;9,53;29;
13.08.2013;13;9,816;29;
13.08.2013;14;9,951;30;
13.08.2013;15;9,563;30;
13.08.2013;16;9,455;30;
13.08.2013;17;9,11;29;
13.08.2013;18;8,728;28;
13.08.2013;19;8,757;26;
13.08.2013;20;8,85;25;
13.08.2013;21;8,67;24;
13.08.2013;22;8,471;23;
13.08.2013;23;8,421;22;
14.08.2013;0;8,502;21;
14.08.2013;1;8,509;21;
14.08.2013;2;8,497;20;
14.08.2013;3;8,501;20;
14.08.2013;4;8,489;20;
14.08.2013;5;8,393;20;
14.08.2013;6;8,441;21;
14.08.2013;7;8,603;22;
14.08.2013;8;8,58;23;
14.08.2013;9;8,502;25;
14.08.2013;10;8,472;26;
14.08.2013;11;8,563;26;
14.08.2013;12;8,548;27;
14.08.2013;13;8,577;27;
14.08.2013;14;8,409;27;
14.08.2013;15;8,493;27;
14.08.2013;16;8,875;26;
14.08.2013;17;8,925;26;
14.08.2013;18;8,673;25;
14.08.2013;19;8,573;23;
14.08.2013;20;8,543;22;
14.08.2013;21;8,581;21;
14.08.2013;22;8,224;21;
14.08.2013;23;8,174;20;
15.08.2013;0;8,199;18;
15.08.2013;1;8,291;18;
15.08.2013;2;8,182;17;
15.08.2013;3;8,228;17;
15.08.2013;4;8,123;17;
15.08.2013;5;8,153;17;
15.08.2013;6;8,279;19;
15.08.2013;7;8,479;20;
15.08.2013;8;8,669;21;
15.08.2013;9;8,675;22;
15.08.2013;10;8,563;23;
15.08.2013;11;8,598;23;
15.08.2013;12;8,787;23;
15.08.2013;13;8,946;24;
15.08.2013;14;9,064;23;
15.08.2013;15;8,972;23;
15.08.2013;16;8,749;23;
15.08.2013;17;8,656;22;
15.08.2013;18;8,565;21;
15.08.2013;19;8,497;20;
15.08.2013;20;8,732;19;
15.08.2013;21;8,606;18;
15.08.2013;22;8,439;17;
15.08.2013;23;8,488;17;
16.08.2013;0;8,068;17;
16.08.2013;1;8,119;17;
16.08.2013;2;8,094;17;
16.08.2013;3;8,056;17;
16.08.2013;4;7,805;17;
16.08.2013;5;7,766;18;
16.08.2013;6;8,278;19;
16.08.2013;7;8,321;20;
16.08.2013;8;8,421;20;
16.08.2013;9;8,501;21;
16.08.2013;10;8,615;22;
16.08.2013;11;8,67;23;
16.08.2013;12;8,601;24;
16.08.2013;13;8,581;24;
16.08.2013;14;8,686;24;
16.08.2013;15;8,942;23;
16.08.2013;16;8,888;22;
16.08.2013;17;8,779;22;
16.08.2013;18;8,417;21;
16.08.2013;19;8,328;20;
16.08.2013;20;8,048;20;
16.08.2013;21;8,266;19;
16.08.2013;22;8,149;18;
16.08.2013;23;7,938;18;
17.08.2013;0;8,309;17;
17.08.2013;1;8,37;17;
17.08.2013;2;8,464;17;
17.08.2013;3;8,35;17;
17.08.2013;4;8,362;17;
17.08.2013;5;8,51;18;
17.08.2013;6;8,555;19;
17.08.2013;7;8,472;21;
17.08.2013;8;8,3;23;
17.08.2013;9;7,737;25;
17.08.2013;10;7,737;26;
17.08.2013;11;8,409;28;
17.08.2013;12;8,693;29;
17.08.2013;13;8,649;30;
17.08.2013;14;9,001;31;
17.08.2013;15;9,153;31;
17.08.2013;16;9,193;30;
17.08.2013;17;8,888;29;
17.08.2013;18;8,716;28;
17.08.2013;19;8,597;26;
17.08.2013;20;8,724;24;
17.08.2013;21;8,694;23;
17.08.2013;22;8,779;22;
17.08.2013;23;8,58;21;
18.08.2013;0;8,472;20;
18.08.2013;1;8,569;19;
18.08.2013;2;8,552;19;
18.08.2013;3;8,446;18;
18.08.2013;4;8,321;19;
18.08.2013;5;8,304;19;
18.08.2013;6;8,724;21;
18.08.2013;7;8,685;22;
18.08.2013;8;9,052;24;
18.08.2013;9;9,375;26;
18.08.2013;10;9,631;28;
18.08.2013;11;9,719;29;
18.08.2013;12;9,652;30;
18.08.2013;13;9,719;31;
18.08.2013;14;9,85;31;
18.08.2013;15;10,067;31;
18.08.2013;16;9,875;30;
18.08.2013;17;9,32;29;
18.08.2013;18;9,182;27;
18.08.2013;19;8,959;26;
18.08.2013;20;8,879;25;
18.08.2013;21;8,85;23;
18.08.2013;22;8,841;22;
18.08.2013;23;8,837;21;
19.08.2013;0;8,653;21;
19.08.2013;1;8,56;20;
19.08.2013;2;8,753;19;
19.08.2013;3;8,648;18;
19.08.2013;4;8,464;18;
19.08.2013;5;8,467;18;
19.08.2013;6;8,329;19;
19.08.2013;7;8,38;19;
19.08.2013;8;8,513;20;
19.08.2013;9;8,481;21;
19.08.2013;10;8,303;21;
19.08.2013;11;8,51;22;
19.08.2013;12;8,518;22;
19.08.2013;13;8,627;23;
19.08.2013;14;8,686;23;
19.08.2013;15;8,716;23;
19.08.2013;16;8,744;23;
19.08.2013;17;8,569;22;
19.08.2013;18;8,522;21;
19.08.2013;19;8,392;19;
19.08.2013;20;8,514;18;
19.08.2013;21;8,409;17;
19.08.2013;22;8,362;15;
19.08.2013;23;8,413;14;
20.08.2013;0;8,35;14;
20.08.2013;1;8,203;13;
20.08.2013;2;8,245;12;
20.08.2013;3;8,165;12;
20.08.2013;4;7,989;12;
20.08.2013;5;8,056;12;
20.08.2013;6;8,182;13;
20.08.2013;7;8,186;15;
20.08.2013;8;8,275;16;
20.08.2013;9;8,32;18;
20.08.2013;10;8,317;19;
20.08.2013;11;8,354;20;
20.08.2013;12;8,283;21;
20.08.2013;13;8,312;21;
20.08.2013;14;7,98;22;
20.08.2013;15;8,321;22;
20.08.2013;16;8,392;22;
20.08.2013;17;8,497;21;
20.08.2013;18;8,312;20;
20.08.2013;19;8,417;19;
20.08.2013;20;8,313;18;
20.08.2013;21;8,329;17;
20.08.2013;22;8,165;17;
20.08.2013;23;8,018;16;
21.08.2013;0;8,237;16;
21.08.2013;1;8,085;15;
21.08.2013;2;8,153;14;
21.08.2013;3;8,194;14;
21.08.2013;4;7,985;14;
21.08.2013;5;8,005;14;
21.08.2013;6;8,073;15;
21.08.2013;7;8,06;15;
21.08.2013;8;8,086;16;
21.08.2013;9;7,921;17;
21.08.2013;10;8,174;17;
21.08.2013;11;8,157;18;
21.08.2013;12;7,947;19;
21.08.2013;13;7,997;20;
21.08.2013;14;8,039;20;
21.08.2013;15;8,165;21;
21.08.2013;16;8,077;21;
21.08.2013;17;7,855;20;
21.08.2013;18;8,064;20;
21.08.2013;19;7,905;19;
21.08.2013;20;7,795;18;
21.08.2013;21;7,859;17;
21.08.2013;22;7,817;16;
21.08.2013;23;7,577;15;
22.08.2013;0;7,623;11;
22.08.2013;1;7,699;10;
22.08.2013;2;7,666;10;
22.08.2013;3;7,719;10;
22.08.2013;4;7,561;10;
22.08.2013;5;7,573;10;
22.08.2013;6;7,77;12;
22.08.2013;7;7,846;13;
22.08.2013;8;7,993;15;
22.08.2013;9;8,031;16;
22.08.2013;10;8,085;17;
22.08.2013;11;7,993;18;
22.08.2013;12;8,119;19;
22.08.2013;13;8,052;20;
22.08.2013;14;8,018;20;
22.08.2013;15;8,082;20;
22.08.2013;16;8,299;19;
22.08.2013;17;7,997;18;
22.08.2013;18;7,876;18;
22.08.2013;19;7,821;16;
22.08.2013;20;7,883;16;
22.08.2013;21;7,754;15;
22.08.2013;22;7,775;14;
22.08.2013;23;7,703;13;
23.08.2013;0;7,695;13;
23.08.2013;1;7,753;13;
23.08.2013;2;7,695;12;
23.08.2013;3;7,817;12;
23.08.2013;4;7,787;12;
23.08.2013;5;7,619;13;
23.08.2013;6;7,699;13;
23.08.2013;7;7,888;14;
23.08.2013;8;7,842;15;
23.08.2013;9;7,837;16;
23.08.2013;10;7,809;16;
23.08.2013;11;7,724;17;
23.08.2013;12;7,699;17;
23.08.2013;13;7,632;17;
23.08.2013;14;7,732;17;
23.08.2013;15;7,813;17;
23.08.2013;16;7,963;16;
23.08.2013;17;7,993;16;
23.08.2013;18;7,909;14;
23.08.2013;19;7,964;13;
23.08.2013;20;7,921;13;
23.08.2013;21;7,893;12;
23.08.2013;22;7,904;12;
23.08.2013;23;7,876;11;
24.08.2013;0;7,921;11;
24.08.2013;1;7,792;11;
24.08.2013;2;7,72;10;
24.08.2013;3;7,686;10;
24.08.2013;4;7,695;10;
24.08.2013;5;7,691;11;
24.08.2013;6;7,623;11;
24.08.2013;7;7,636;12;
24.08.2013;8;7,754;13;
24.08.2013;9;7,875;14;
24.08.2013;10;7,922;14;
24.08.2013;11;7,888;15;
24.08.2013;12;7,804;16;
24.08.2013;13;7,867;16;
24.08.2013;14;8,001;17;
24.08.2013;15;7,976;17;
24.08.2013;16;7,985;17;
24.08.2013;17;7,905;16;
24.08.2013;18;7,745;15;
24.08.2013;19;7,758;14;
24.08.2013;20;7,812;13;
24.08.2013;21;7,859;12;
24.08.2013;22;7,711;11;
24.08.2013;23;7,548;10;
25.08.2013;0;7,653;10;
25.08.2013;1;7,728;10;
25.08.2013;2;7,821;9;
25.08.2013;3;7,863;9;
25.08.2013;4;7,821;9;
25.08.2013;5;7,774;10;
25.08.2013;6;7,8;11;
25.08.2013;7;7,783;12;
25.08.2013;8;7,938;13;
25.08.2013;9;7,998;14;
25.08.2013;10;8,064;15;
25.08.2013;11;7,892;15;
25.08.2013;12;7,913;16;
25.08.2013;13;7,964;16;
25.08.2013;14;8,001;16;
25.08.2013;15;8,014;16;
25.08.2013;16;8,023;16;
25.08.2013;17;7,993;15;
25.08.2013;18;7,913;14;
25.08.2013;19;7,804;13;
25.08.2013;20;7,754;12;
25.08.2013;21;7,804;12;
25.08.2013;22;7,757;12;
25.08.2013;23;7,817;11;
26.08.2013;0;7,77;10;
26.08.2013;1;7,792;10;
26.08.2013;2;7,728;10;
26.08.2013;3;7,754;10;
26.08.2013;4;7,699;10;
26.08.2013;5;7,816;10;
26.08.2013;6;7,762;11;
26.08.2013;7;7,649;12;
26.08.2013;8;7,783;13;
26.08.2013;9;7,963;14;
26.08.2013;10;7,943;14;
26.08.2013;11;7,926;15;
26.08.2013;12;8,022;15;
26.08.2013;13;8,06;16;
26.08.2013;14;8,14;16;
26.08.2013;15;8,098;16;
26.08.2013;16;7,821;15;
26.08.2013;17;7,926;15;
26.08.2013;18;7,8;14;
26.08.2013;19;7,682;13;
26.08.2013;20;7,758;12;
26.08.2013;21;7,774;12;
26.08.2013;22;7,788;11;
26.08.2013;23;7,627;11;
27.08.2013;0;7,775;11;
27.08.2013;1;7,833;11;
27.08.2013;2;7,64;10;
27.08.2013;3;7,712;10;
27.08.2013;4;7,867;10;
27.08.2013;5;7,724;11;
27.08.2013;6;7,855;11;
27.08.2013;7;7,783;11;
27.08.2013;8;7,774;12;
27.08.2013;9;8,027;12;
27.08.2013;10;7,85;12;
27.08.2013;11;7,812;12;
27.08.2013;12;7,909;13;
27.08.2013;13;7,838;13;
27.08.2013;14;8,052;12;
27.08.2013;15;7,926;12;
27.08.2013;16;7,909;12;
27.08.2013;17;7,938;12;
27.08.2013;18;8,014;11;
27.08.2013;19;7,85;10;
27.08.2013;20;7,813;9;
27.08.2013;21;7,745;9;
27.08.2013;22;7,703;9;
27.08.2013;23;7,695;9;
28.08.2013;0;7,657;8;
28.08.2013;1;7,724;8;
28.08.2013;2;7,737;7;
28.08.2013;3;7,711;7;
28.08.2013;4;7,834;7;
28.08.2013;5;7,783;7;
28.08.2013;6;7,762;7;
28.08.2013;7;7,837;8;
28.08.2013;8;7,691;8;
28.08.2013;9;7,447;9;
28.08.2013;10;7,418;10;
28.08.2013;11;7,476;11;
28.08.2013;12;7,745;12;
28.08.2013;13;7,867;13;
28.08.2013;14;7,934;13;
28.08.2013;15;7,842;12;
28.08.2013;16;7,989;12;
28.08.2013;17;8,06;11;
28.08.2013;18;8,006;11;
28.08.2013;19;7,829;10;
28.08.2013;20;7,917;10;
28.08.2013;21;7,767;10;
28.08.2013;22;7,846;10;
28.08.2013;23;7,619;9;
29.08.2013;0;7,745;9;
29.08.2013;1;7,716;8;
29.08.2013;2;7,632;8;
29.08.2013;3;7,699;7;
29.08.2013;4;7,627;7;
29.08.2013;5;7,624;8;
29.08.2013;6;7,636;8;
29.08.2013;7;7,594;10;
29.08.2013;8;7,728;12;
29.08.2013;9;7,682;13;
29.08.2013;10;8,09;15;
29.08.2013;11;8,035;16;
29.08.2013;12;8,039;17;
29.08.2013;13;8,081;18;
29.08.2013;14;8,186;18;
29.08.2013;15;8,191;18;
29.08.2013;16;8,173;18;
29.08.2013;17;7,892;17;
29.08.2013;18;7,855;15;
29.08.2013;19;7,879;14;
29.08.2013;20;7,884;12;
29.08.2013;21;7,729;11;
29.08.2013;22;7,72;11;
29.08.2013;23;7,673;10;
30.08.2013;0;7,788;9;
30.08.2013;1;7,72;9;
30.08.2013;2;7,724;8;
30.08.2013;3;7,535;8;
30.08.2013;4;7,426;8;
30.08.2013;5;7,35;8;
30.08.2013;6;7,607;9;
30.08.2013;7;7,724;11;
30.08.2013;8;7,913;13;
30.08.2013;9;7,935;15;
30.08.2013;10;8,085;16;
30.08.2013;11;8,14;17;
30.08.2013;12;8,245;18;
30.08.2013;13;8,228;19;
30.08.2013;14;8,266;19;
30.08.2013;15;8,3;19;
30.08.2013;16;8,19;19;
30.08.2013;17;8,153;18;
30.08.2013;18;8,127;17;
30.08.2013;19;7,985;15;
30.08.2013;20;8,077;14;
30.08.2013;21;7,632;14;
30.08.2013;22;7,627;14;
30.08.2013;23;7,687;14;
31.08.2013;0;7,728;13;
31.08.2013;1;7,695;12;
31.08.2013;2;7,741;12;
31.08.2013;3;7,766;11;
31.08.2013;4;7,758;11;
31.08.2013;5;7,644;11;
31.08.2013;6;7,741;12;
31.08.2013;7;7,829;14;
31.08.2013;8;7,817;16;
31.08.2013;9;8,043;17;
31.08.2013;10;8,153;19;
31.08.2013;11;8,321;19;
31.08.2013;12;8,177;20;
31.08.2013;13;8,065;21;
31.08.2013;14;8,257;21;
31.08.2013;15;8,426;21;
31.08.2013;16;8,203;21;
31.08.2013;17;8,203;20;
31.08.2013;18;8,056;19;
31.08.2013;19;8,001;17;
31.08.2013;20;7,859;16;
31.08.2013;21;7,825;15;
31.08.2013;22;7,854;14;
31.08.2013;23;7,8;14;
01.09.2013;0;7,733;13;
01.09.2013;1;7,564;12;
01.09.2013;2;7,552;12;
01.09.2013;3;7,666;11;
01.09.2013;4;7,749;11;
01.09.2013;5;7,775;12;
01.09.2013;6;7,833;13;
01.09.2013;7;7,783;15;
01.09.2013;8;7,665;17;
01.09.2013;9;7,699;19;
01.09.2013;10;7,876;20;
01.09.2013;11;7,968;21;
01.09.2013;12;7,921;22;
01.09.2013;13;7,897;23;
01.09.2013;14;8,093;23;
01.09.2013;15;8,149;23;
01.09.2013;16;8,295;22;
01.09.2013;17;8,056;21;
01.09.2013;18;8,098;20;
01.09.2013;19;7,724;18;
01.09.2013;20;7,725;17;
01.09.2013;21;7,829;16;
01.09.2013;22;7,951;15;
01.09.2013;23;7,863;15;
02.09.2013;0;7,703;13;
02.09.2013;1;7,98;13;
02.09.2013;2;7,804;12;
02.09.2013;3;7,661;12;
02.09.2013;4;7,552;11;
02.09.2013;5;7,624;12;
02.09.2013;6;7,778;13;
02.09.2013;7;7,691;15;
02.09.2013;8;7,8;17;
02.09.2013;9;8,022;19;
02.09.2013;10;8,052;21;
02.09.2013;11;8,224;22;
02.09.2013;12;8,19;22;
02.09.2013;13;8,229;23;
02.09.2013;14;8,333;23;
02.09.2013;15;8,333;23;
02.09.2013;16;8,3;22;
02.09.2013;17;8,266;21;
02.09.2013;18;8,035;20;
02.09.2013;19;7,938;19;
02.09.2013;20;7,955;18;
02.09.2013;21;7,972;17;
02.09.2013;22;7,817;16;
02.09.2013;23;7,863;15;
03.09.2013;0;7,766;14;
03.09.2013;1;7,808;14;
03.09.2013;2;7,632;13;
03.09.2013;3;7,291;13;
03.09.2013;4;7,485;12;
03.09.2013;5;7,771;13;
03.09.2013;6;7,82;13;
03.09.2013;7;7,935;15;
03.09.2013;8;8,081;18;
03.09.2013;9;8,413;20;
03.09.2013;10;8,451;21;
03.09.2013;11;8,45;22;
03.09.2013;12;8,38;23;
03.09.2013;13;8,509;23;
03.09.2013;14;8,514;23;
03.09.2013;15;8,716;23;
03.09.2013;16;8,635;22;
03.09.2013;17;8,296;21;
03.09.2013;18;8,005;20;
03.09.2013;19;7,951;19;
03.09.2013;20;8,065;17;
03.09.2013;21;8,005;16;
03.09.2013;22;7,939;16;
03.09.2013;23;7,888;15;
04.09.2013;0;7,951;14;
04.09.2013;1;8,001;14;
04.09.2013;2;8,052;13;
04.09.2013;3;8,018;13;
04.09.2013;4;7,98;13;
04.09.2013;5;7,93;13;
04.09.2013;6;7,922;14;
04.09.2013;7;8,069;16;
04.09.2013;8;8,266;18;
04.09.2013;9;8,438;21;
04.09.2013;10;8,577;22;
04.09.2013;11;8,665;23;
04.09.2013;12;8,627;24;
04.09.2013;13;8,917;24;
04.09.2013;14;9,148;24;
04.09.2013;15;8,892;24;
04.09.2013;16;8,946;24;
04.09.2013;17;8,728;23;
04.09.2013;18;8,501;21;
04.09.2013;19;8,38;20;
04.09.2013;20;8,182;18;
04.09.2013;21;8,274;17;
04.09.2013;22;8,199;17;
04.09.2013;23;7,938;16;
05.09.2013;0;8,144;16;
05.09.2013;1;7,972;16;
05.09.2013;2;7,909;15;
05.09.2013;3;8,145;15;
05.09.2013;4;8,098;15;
05.09.2013;5;8,018;15;
05.09.2013;6;8,068;16;
05.09.2013;7;8,149;17;
05.09.2013;8;8,241;17;
05.09.2013;9;8,572;18;
05.09.2013;10;8,728;19;
05.09.2013;11;8,72;20;
05.09.2013;12;8,766;20;
05.09.2013;13;8,854;21;
05.09.2013;14;9,101;21;
05.09.2013;15;8,775;21;
05.09.2013;16;8,644;20;
05.09.2013;17;8,492;19;
05.09.2013;18;8,195;18;
05.09.2013;19;8,148;17;
05.09.2013;20;8,237;16;
05.09.2013;21;8,111;16;
05.09.2013;22;8,303;15;
05.09.2013;23;8,119;14;
06.09.2013;0;8,25;14;
06.09.2013;1;8,207;13;
06.09.2013;2;8,299;13;
06.09.2013;3;8,174;12;
06.09.2013;4;8,127;12;
06.09.2013;5;7,998;13;
06.09.2013;6;7,925;14;
06.09.2013;7;8,199;15;
06.09.2013;8;8,367;17;
06.09.2013;9;8,988;19;
06.09.2013;10;8,758;20;
06.09.2013;11;8,862;22;
06.09.2013;12;8,678;22;
06.09.2013;13;8,896;23;
06.09.2013;14;8,854;23;
06.09.2013;15;8,875;23;
06.09.2013;16;8,799;22;
06.09.2013;17;8,581;21;
06.09.2013;18;8,485;20;
06.09.2013;19;8,077;19;
06.09.2013;20;8,186;18;
06.09.2013;21;8,505;17;
06.09.2013;22;8,405;16;
06.09.2013;23;8,22;16;
07.09.2013;0;8,27;15;
07.09.2013;1;8,211;14;
07.09.2013;2;7,93;12;
07.09.2013;3;7,88;11;
07.09.2013;4;7,829;11;
07.09.2013;5;7,863;10;
07.09.2013;6;7,921;10;
07.09.2013;7;7,775;10;
07.09.2013;8;7,821;11;
07.09.2013;9;8,001;11;
07.09.2013;10;8,081;11;
07.09.2013;11;8,14;12;
07.09.2013;12;8,178;12;
07.09.2013;13;8,245;12;
07.09.2013;14;8,157;11;
07.09.2013;15;8,09;11;
07.09.2013;16;8,161;10;
07.09.2013;17;8,135;10;
07.09.2013;18;8,229;9;
07.09.2013;19;8,261;9;
07.09.2013;20;8,149;9;
07.09.2013;21;8,241;8;
07.09.2013;22;8,127;8;
07.09.2013;23;8,022;8;
08.09.2013;0;8,077;7;
08.09.2013;1;8,082;7;
08.09.2013;2;8,014;7;
08.09.2013;3;8,093;7;
08.09.2013;4;8,103;7;
08.09.2013;5;8,009;8;
08.09.2013;6;7,993;8;
08.09.2013;7;8,103;9;
08.09.2013;8;7,9;10;
08.09.2013;9;8,086;10;
08.09.2013;10;8,072;11;
08.09.2013;11;7,977;11;
08.09.2013;12;8,106;12;
08.09.2013;13;8,228;12;
08.09.2013;14;8,308;13;
08.09.2013;15;8,174;13;
08.09.2013;16;8,131;12;
08.09.2013;17;7,687;12;
08.09.2013;18;7,707;11;
08.09.2013;19;7,514;10;
08.09.2013;20;7,775;10;
08.09.2013;21;7,817;10;
08.09.2013;22;7,938;9;
08.09.2013;23;7,665;9;
09.09.2013;0;7,914;8;
09.09.2013;1;7,661;8;
09.09.2013;2;7,989;8;
09.09.2013;3;7,917;8;
09.09.2013;4;7,854;9;
09.09.2013;5;7,725;9;
09.09.2013;6;7,858;10;
09.09.2013;7;7,918;10;
09.09.2013;8;7,787;11;
09.09.2013;9;8,022;12;
09.09.2013;10;8,035;14;
09.09.2013;11;7,968;15;
09.09.2013;12;7,989;16;
09.09.2013;13;8,257;17;
09.09.2013;14;8,502;18;
09.09.2013;15;8,698;18;
09.09.2013;16;8,619;18;
09.09.2013;17;8,388;17;
09.09.2013;18;8,367;16;
09.09.2013;19;8,287;16;
09.09.2013;20;8,123;15;
09.09.2013;21;8,22;14;
09.09.2013;22;8,203;13;
09.09.2013;23;8,299;13;
10.09.2013;0;8,359;12;
10.09.2013;1;8,375;11;
10.09.2013;2;8,152;11;
10.09.2013;3;8,25;10;
10.09.2013;4;8,022;10;
10.09.2013;5;7,846;11;
10.09.2013;6;7,481;12;
10.09.2013;7;7,766;13;
10.09.2013;8;7,968;15;
10.09.2013;9;8,165;16;
10.09.2013;10;8,203;18;
10.09.2013;11;8,299;19;
10.09.2013;12;8,405;20;
10.09.2013;13;8,3;20;
10.09.2013;14;8,329;20;
10.09.2013;15;8,32;20;
10.09.2013;16;8,317;19;
10.09.2013;17;8,19;18;
10.09.2013;18;8,199;17;
10.09.2013;19;8,136;16;
10.09.2013;20;7,98;15;
10.09.2013;21;7,959;14;
10.09.2013;22;7,767;13;
10.09.2013;23;7,892;12;
11.09.2013;0;7,879;12;
11.09.2013;1;8,09;11;
11.09.2013;2;8,182;10;
11.09.2013;3;8,123;10;
11.09.2013;4;7,867;10;
11.09.2013;5;7,871;10;
11.09.2013;6;7,926;11;
11.09.2013;7;7,829;12;
11.09.2013;8;7,943;14;
11.09.2013;9;8,169;15;
11.09.2013;10;8,266;17;
11.09.2013;11;8,35;17;
11.09.2013;12;8,443;18;
11.09.2013;13;8,35;18;
11.09.2013;14;8,425;18;
11.09.2013;15;8,237;18;
11.09.2013;16;8,119;18;
11.09.2013;17;8,237;17;
11.09.2013;18;7,875;16;
11.09.2013;19;7,993;15;
11.09.2013;20;8,102;15;
11.09.2013;21;8,14;14;
11.09.2013;22;8,048;14;
11.09.2013;23;8,073;13;
12.09.2013;0;8,051;10;
12.09.2013;1;8,203;10;
12.09.2013;2;8,111;10;
12.09.2013;3;8,094;9;
12.09.2013;4;8,098;9;
12.09.2013;5;8,157;9;
12.09.2013;6;7,892;10;
12.09.2013;7;7,913;11;
12.09.2013;8;7,775;13;
12.09.2013;9;7,976;15;
12.09.2013;10;8,043;16;
12.09.2013;11;8,01;17;
12.09.2013;12;7,943;18;
12.09.2013;13;8,102;19;
12.09.2013;14;8,329;19;
12.09.2013;15;8,316;19;
12.09.2013;16;8,275;19;
12.09.2013;17;8,228;17;
12.09.2013;18;8,047;16;
12.09.2013;19;8,061;15;
12.09.2013;20;8,005;14;
12.09.2013;21;8,027;13;
12.09.2013;22;8,01;12;
12.09.2013;23;8,064;12;
13.09.2013;0;8,052;12;
13.09.2013;1;7,942;11;
13.09.2013;2;8,014;11;
13.09.2013;3;7,968;11;
13.09.2013;4;8,069;11;
13.09.2013;5;8,056;11;
13.09.2013;6;7,863;12;
13.09.2013;7;7,946;13;
13.09.2013;8;7,863;14;
13.09.2013;9;8,115;16;
13.09.2013;10;8,211;17;
13.09.2013;11;8,292;18;
13.09.2013;12;8,383;19;
13.09.2013;13;8,569;20;
13.09.2013;14;8,669;20;
13.09.2013;15;8,463;20;
13.09.2013;16;8,594;19;
13.09.2013;17;8,253;18;
13.09.2013;18;7,972;17;
13.09.2013;19;7,985;16;
13.09.2013;20;7,871;15;
13.09.2013;21;8,19;15;
13.09.2013;22;7,914;14;
13.09.2013;23;8,018;13;
14.09.2013;0;8,022;13;
14.09.2013;1;8,018;12;
14.09.2013;2;8,031;12;
14.09.2013;3;8,052;12;
14.09.2013;4;8,123;11;
14.09.2013;5;8,073;12;
14.09.2013;6;8,048;12;
14.09.2013;7;8,06;13;
14.09.2013;8;8,068;15;
14.09.2013;9;7,851;16;
14.09.2013;10;8,072;18;
14.09.2013;11;8,09;19;
14.09.2013;12;8,337;20;
14.09.2013;13;8,464;20;
14.09.2013;14;8,632;20;
14.09.2013;15;8,703;20;
14.09.2013;16;8,702;19;
14.09.2013;17;8,602;18;
14.09.2013;18;8,279;17;
14.09.2013;19;8,186;16;
14.09.2013;20;7,787;15;
14.09.2013;21;7,69;14;
14.09.2013;22;7,738;14;
14.09.2013;23;7,606;13;
15.09.2013;0;7,904;14;
15.09.2013;1;7,859;13;
15.09.2013;2;7,893;13;
15.09.2013;3;7,804;12;
15.09.2013;4;8,017;12;
15.09.2013;5;7,872;12;
15.09.2013;6;7,951;13;
15.09.2013;7;7,821;14;
15.09.2013;8;7,984;16;
15.09.2013;9;8,262;17;
15.09.2013;10;8,535;19;
15.09.2013;11;8,628;20;
15.09.2013;12;8,739;21;
15.09.2013;13;8,746;21;
15.09.2013;14;8,665;21;
15.09.2013;15;8,539;21;
15.09.2013;16;8,572;20;
15.09.2013;17;8,539;19;
15.09.2013;18;8,19;18;
15.09.2013;19;8,031;16;
15.09.2013;20;8,069;15;
15.09.2013;21;8,119;15;
15.09.2013;22;8,11;14;
15.09.2013;23;8,023;14;
16.09.2013;0;7,733;12;
16.09.2013;1;7,564;12;
16.09.2013;2;7,552;11;
16.09.2013;3;7,666;11;
16.09.2013;4;7,749;10;
16.09.2013;5;7,775;11;
16.09.2013;6;7,833;12;
16.09.2013;7;7,783;13;
16.09.2013;8;7,665;15;
16.09.2013;9;7,699;17;
16.09.2013;10;7,876;19;
16.09.2013;11;7,968;20;
16.09.2013;12;7,921;21;
16.09.2013;13;7,897;22;
16.09.2013;14;8,093;22;
16.09.2013;15;8,149;21;
16.09.2013;16;8,295;20;
16.09.2013;17;8,056;19;
16.09.2013;18;8,098;17;
16.09.2013;19;7,724;16;
16.09.2013;20;7,725;15;
16.09.2013;21;7,829;14;
16.09.2013;22;7,951;13;
16.09.2013;23;7,863;12;
17.09.2013;0;7,854;11;
17.09.2013;1;8,019;11;
17.09.2013;2;8,051;10;
17.09.2013;3;7,993;9;
17.09.2013;4;8,115;9;
17.09.2013;5;8,065;9;
17.09.2013;6;8,148;10;
17.09.2013;7;8,106;11;
17.09.2013;8;8,094;12;
17.09.2013;9;8,156;14;
17.09.2013;10;8,246;15;
17.09.2013;11;8,312;16;
17.09.2013;12;8,422;17;
17.09.2013;13;8,341;18;
17.09.2013;14;8,321;18;
17.09.2013;15;8,337;18;
17.09.2013;16;8,283;17;
17.09.2013;17;8,245;16;
17.09.2013;18;8,157;14;
17.09.2013;19;8,047;13;
17.09.2013;20;8,031;12;
17.09.2013;21;7,959;11;
17.09.2013;22;8,056;10;
17.09.2013;23;7,91;9;
18.09.2013;0;7,971;9;
18.09.2013;1;7,808;8;
18.09.2013;2;7,847;7;
18.09.2013;3;7,9;7;
18.09.2013;4;7,863;6;
18.09.2013;5;7,984;7;
18.09.2013;6;7,859;8;
18.09.2013;7;7,653;10;
18.09.2013;8;7,627;12;
18.09.2013;9;7,401;14;
18.09.2013;10;7,439;16;
18.09.2013;11;7,494;17;
18.09.2013;12;7,58;18;
18.09.2013;13;7,683;19;
18.09.2013;14;7,98;20;
18.09.2013;15;7,838;19;
18.09.2013;16;7,816;19;
18.09.2013;17;7,695;17;
18.09.2013;18;7,67;16;
18.09.2013;19;7,661;15;
18.09.2013;20;7,678;14;
18.09.2013;21;7,644;13;
18.09.2013;22;7,511;12;
18.09.2013;23;7,611;12;
19.09.2013;0;7,585;9;
19.09.2013;1;7,611;8;
19.09.2013;2;7,564;7;
19.09.2013;3;7,716;7;
19.09.2013;4;7,711;6;
19.09.2013;5;7,658;6;
19.09.2013;6;7,749;6;
19.09.2013;7;8,039;8;
19.09.2013;8;7,917;10;
19.09.2013;9;7,968;11;
19.09.2013;10;7,88;13;
19.09.2013;11;7,959;13;
19.09.2013;12;8,006;14;
19.09.2013;13;8,203;15;
19.09.2013;14;8,199;15;
19.09.2013;15;8,551;15;
19.09.2013;16;8,128;14;
19.09.2013;17;7,926;13;
19.09.2013;18;7,947;12;
19.09.2013;19;7,996;10;
19.09.2013;20;8,183;10;
19.09.2013;21;8,127;9;
19.09.2013;22;8,14;8;
19.09.2013;23;7,984;7;
20.09.2013;0;7,998;6;
20.09.2013;1;7,993;6;
20.09.2013;2;7,867;6;
20.09.2013;3;8,135;5;
20.09.2013;4;8,115;5;
20.09.2013;5;8,082;5;
20.09.2013;6;8,392;6;
20.09.2013;7;8,299;8;
20.09.2013;8;8,346;11;
20.09.2013;9;8,472;15;
20.09.2013;10;8,594;17;
20.09.2013;11;8,79;19;
20.09.2013;12;8,716;20;
20.09.2013;13;8,501;21;
20.09.2013;14;8,702;22;
20.09.2013;15;8,724;22;
20.09.2013;16;8,741;21;
20.09.2013;17;8,443;20;
20.09.2013;18;8,219;18;
20.09.2013;19;8,25;16;
20.09.2013;20;8,509;15;
20.09.2013;21;8,464;14;
20.09.2013;22;8,517;14;
20.09.2013;23;8,367;13;
21.09.2013;0;8,246;13;
21.09.2013;1;8,379;13;
21.09.2013;2;8,161;13;
21.09.2013;3;8,115;12;
21.09.2013;4;8,094;12;
21.09.2013;5;8,19;12;
21.09.2013;6;8,085;12;
21.09.2013;7;8,346;14;
21.09.2013;8;8,43;16;
21.09.2013;9;8,627;18;
21.09.2013;10;8,669;19;
21.09.2013;11;8,741;19;
21.09.2013;12;8,795;19;
21.09.2013;13;8,841;19;
21.09.2013;14;8,619;19;
21.09.2013;15;8,581;19;
21.09.2013;16;8,48;19;
21.09.2013;17;8,434;18;
21.09.2013;18;8,367;17;
21.09.2013;19;8,216;16;
21.09.2013;20;8,27;16;
21.09.2013;21;8,396;15;
21.09.2013;22;8,22;14;
21.09.2013;23;8,178;14;
22.09.2013;0;7,921;14;
22.09.2013;1;8,086;14;
22.09.2013;2;7,93;13;
22.09.2013;3;8,186;13;
22.09.2013;4;8,098;13;
22.09.2013;5;8,207;13;
22.09.2013;6;7,96;14;
22.09.2013;7;8,153;16;
22.09.2013;8;7,983;17;
22.09.2013;9;8,208;19;
22.09.2013;10;8,296;21;
22.09.2013;11;8,442;22;
22.09.2013;12;8,4;23;
22.09.2013;13;8,443;23;
22.09.2013;14;8,497;24;
22.09.2013;15;8,4;23;
22.09.2013;16;8,35;22;
22.09.2013;17;8,186;21;
22.09.2013;18;8,267;20;
22.09.2013;19;8,403;19;
22.09.2013;20;8,212;18;
22.09.2013;21;8,258;17;
22.09.2013;22;8,128;17;
22.09.2013;23;7,933;16;
23.09.2013;0;7,88;15;
23.09.2013;1;8,039;15;
23.09.2013;2;7,952;14;
23.09.2013;3;7,975;13;
23.09.2013;4;8,023;13;
23.09.2013;5;7,88;13;
23.09.2013;6;7,997;14;
23.09.2013;7;8,059;16;
23.09.2013;8;8,283;18;
23.09.2013;9;8,569;20;
23.09.2013;10;8,762;22;
23.09.2013;11;8,832;24;
23.09.2013;12;8,846;25;
23.09.2013;13;9,094;25;
23.09.2013;14;9,126;25;
23.09.2013;15;8,917;25;
23.09.2013;16;8,661;24;
23.09.2013;17;8,355;22;
23.09.2013;18;8,29;21;
23.09.2013;19;8,183;19;
23.09.2013;20;8,026;18;
23.09.2013;21;7,83;17;
23.09.2013;22;7,904;16;
23.09.2013;23;8,077;15;
24.09.2013;0;8,002;14;
24.09.2013;1;7,934;13;
24.09.2013;2;8,081;13;
24.09.2013;3;8,001;12;
24.09.2013;4;7,964;11;
24.09.2013;5;7,834;12;
24.09.2013;6;7,954;13;
24.09.2013;7;7,989;14;
24.09.2013;8;8,036;16;
24.09.2013;9;8,211;19;
24.09.2013;10;8,534;21;
24.09.2013;11;8,72;22;
24.09.2013;12;8,871;23;
24.09.2013;13;9,048;24;
24.09.2013;14;8,924;24;
24.09.2013;15;8,955;24;
24.09.2013;16;8,536;22;
24.09.2013;17;8,35;21;
24.09.2013;18;8,227;19;
24.09.2013;19;8,178;17;
24.09.2013;20;8,078;16;
24.09.2013;21;8,098;14;
24.09.2013;22;7,908;13;
24.09.2013;23;7,901;12;
25.09.2013;0;7,96;12;
25.09.2013;1;8,014;11;
25.09.2013;2;7,996;10;
25.09.2013;3;7,842;10;
25.09.2013;4;7,825;9;
25.09.2013;5;7,607;10;
25.09.2013;6;7,892;11;
25.09.2013;7;7,758;13;
25.09.2013;8;8,039;15;
25.09.2013;9;8,275;18;
25.09.2013;10;8,219;20;
25.09.2013;11;8,468;21;
25.09.2013;12;8,489;22;
25.09.2013;13;8,22;22;
25.09.2013;14;8,051;22;
25.09.2013;15;8,132;21;
25.09.2013;16;8,09;20;
25.09.2013;17;8,32;18;
25.09.2013;18;8,304;17;
25.09.2013;19;8,031;15;
25.09.2013;20;8,043;14;
25.09.2013;21;8,001;14;
25.09.2013;22;8,023;13;
25.09.2013;23;7,863;12;
26.09.2013;0;8,144;11;
26.09.2013;1;8,223;11;
26.09.2013;2;8,216;10;
26.09.2013;3;8,111;10;
26.09.2013;4;8,094;9;
26.09.2013;5;8,06;9;
26.09.2013;6;8,211;10;
26.09.2013;7;8,145;11;
26.09.2013;8;8,228;12;
26.09.2013;9;8,16;14;
26.09.2013;10;8,204;15;
26.09.2013;11;8,186;17;
26.09.2013;12;8,279;18;
26.09.2013;13;8,475;18;
26.09.2013;14;8,481;19;
26.09.2013;15;8,459;18;
26.09.2013;16;8,539;17;
26.09.2013;17;8,362;16;
26.09.2013;18;8,216;15;
26.09.2013;19;8,229;14;
26.09.2013;20;8,105;13;
26.09.2013;21;8,031;12;
26.09.2013;22;7,872;12;
26.09.2013;23;7,918;11;
27.09.2013;0;7,908;10;
27.09.2013;1;8,06;9;
27.09.2013;2;8,174;9;
27.09.2013;3;8,031;8;
27.09.2013;4;7,934;8;
27.09.2013;5;7,8;8;
27.09.2013;6;7,951;9;
27.09.2013;7;7,968;10;
27.09.2013;8;8,118;13;
27.09.2013;9;8,128;15;
27.09.2013;10;8,241;16;
27.09.2013;11;8,312;17;
27.09.2013;12;8,421;17;
27.09.2013;13;8,304;17;
27.09.2013;14;8,43;17;
27.09.2013;15;8,421;17;
27.09.2013;16;8,363;16;
27.09.2013;17;8,241;15;
27.09.2013;18;8,262;13;
27.09.2013;19;8,194;12;
27.09.2013;20;8,149;11;
27.09.2013;21;8,232;11;
27.09.2013;22;8,098;10;
27.09.2013;23;8,333;9;
28.09.2013;0;8,035;10;
28.09.2013;1;8,191;9;
28.09.2013;2;8,022;9;
28.09.2013;3;8,001;9;
28.09.2013;4;7,968;9;
28.09.2013;5;8,078;9;
28.09.2013;6;7,933;9;
28.09.2013;7;7,964;10;
28.09.2013;8;7,909;12;
28.09.2013;9;8,128;13;
28.09.2013;10;8,37;15;
28.09.2013;11;8,187;16;
28.09.2013;12;8,325;16;
28.09.2013;13;8,441;17;
28.09.2013;14;8,426;17;
28.09.2013;15;8,439;17;
28.09.2013;16;8,329;16;
28.09.2013;17;8,144;15;
28.09.2013;18;7,98;13;
28.09.2013;19;8,103;12;
28.09.2013;20;8,122;12;
28.09.2013;21;8,006;12;
28.09.2013;22;8,086;13;
28.09.2013;23;7,951;13;
29.09.2013;0;7,879;13;
29.09.2013;1;7,976;13;
29.09.2013;2;7,767;13;
29.09.2013;3;7,985;12;
29.09.2013;4;7,862;12;
29.09.2013;5;7,838;12;
29.09.2013;6;7,728;12;
29.09.2013;7;7,896;13;
29.09.2013;8;8,044;14;
29.09.2013;9;8,073;15;
29.09.2013;10;8,174;16;
29.09.2013;11;8,088;17;
29.09.2013;12;8,158;17;
29.09.2013;13;8,224;17;
29.09.2013;14;8,169;17;
29.09.2013;15;8,358;17;
29.09.2013;16;8,132;16;
29.09.2013;17;8,279;15;
29.09.2013;18;8,169;14;
29.09.2013;19;8,064;13;
29.09.2013;20;8,036;12;
29.09.2013;21;7,98;12;
29.09.2013;22;8,018;11;
29.09.2013;23;7,804;10;
30.09.2013;0;7,955;10;
30.09.2013;1;7,897;10;
30.09.2013;2;7,963;9;
30.09.2013;3;7,699;9;
30.09.2013;4;7,733;8;
30.09.2013;5;7,72;8;
30.09.2013;6;7,782;9;
30.09.2013;7;7,805;10;
30.09.2013;8;7,871;12;
30.09.2013;9;7,893;13;
30.09.2013;10;8,097;15;
30.09.2013;11;8,027;16;
30.09.2013;12;8,027;17;
30.09.2013;13;8,093;18;
30.09.2013;14;8,245;18;
30.09.2013;15;8,136;18;
30.09.2013;16;8,073;17;
30.09.2013;17;8,03;16;
30.09.2013;18;7,842;15;
30.09.2013;19;7,888;14;
30.09.2013;20;7,981;14;
30.09.2013;21;8,097;13;
30.09.2013;22;7,96;13;
30.09.2013;23;8,065;12;
01.10.2013;0;8,061;12;
01.10.2013;1;7,962;11;
01.10.2013;2;7,926;11;
01.10.2013;3;7,863;10;
01.10.2013;4;7,868;9;
01.10.2013;5;8,005;9;
01.10.2013;6;8,001;10;
01.10.2013;7;7,993;12;
01.10.2013;8;7,935;14;
01.10.2013;9;8,228;16;
01.10.2013;10;8,177;18;
01.10.2013;11;8,401;20;
01.10.2013;12;8,611;21;
01.10.2013;13;8,677;22;
01.10.2013;14;8,669;22;
01.10.2013;15;9,06;22;
01.10.2013;16;8,64;21;
01.10.2013;17;8,526;19;
01.10.2013;18;8,405;17;
01.10.2013;19;8,094;16;
01.10.2013;20;8,056;15;
01.10.2013;21;8,127;15;
01.10.2013;22;8,262;14;
01.10.2013;23;8,312;13;
02.10.2013;0;8,077;13;
02.10.2013;1;8,136;12;
02.10.2013;2;7,972;12;
02.10.2013;3;7,921;11;
02.10.2013;4;7,956;11;
02.10.2013;5;7,938;11;
02.10.2013;6;7,829;11;
02.10.2013;7;7,947;12;
02.10.2013;8;8,123;13;
02.10.2013;9;8,106;14;
02.10.2013;10;8,094;15;
02.10.2013;11;8,191;15;
02.10.2013;12;8,128;16;
02.10.2013;13;8,269;16;
02.10.2013;14;8,354;16;
02.10.2013;15;8,317;16;
02.10.2013;16;8,254;15;
02.10.2013;17;8,223;14;
02.10.2013;18;8,132;12;
02.10.2013;19;8,01;12;
02.10.2013;20;8,027;11;
02.10.2013;21;8,097;10;
02.10.2013;22;8,35;10;
02.10.2013;23;8,241;9;
03.10.2013;0;8,258;11;
03.10.2013;1;8,169;11;
03.10.2013;2;7,938;10;
03.10.2013;3;8,103;10;
03.10.2013;4;7,901;10;
03.10.2013;5;8,194;9;
03.10.2013;6;7,976;9;
03.10.2013;7;8,027;10;
03.10.2013;8;7,972;11;
03.10.2013;9;7,712;12;
03.10.2013;10;7,82;13;
03.10.2013;11;7,838;14;
03.10.2013;12;8,002;14;
03.10.2013;13;8,076;15;
03.10.2013;14;7,909;15;
03.10.2013;15;8,002;14;
03.10.2013;16;7,757;14;
03.10.2013;17;7,737;13;
03.10.2013;18;7,56;12;
03.10.2013;19;7,708;11;
03.10.2013;20;7,88;10;
03.10.2013;21;7,938;10;
03.10.2013;22;7,98;9;
03.10.2013;23;7,712;9;
04.10.2013;0;7,716;9;
04.10.2013;1;7,674;8;
04.10.2013;2;7,838;8;
04.10.2013;3;7,757;8;
04.10.2013;4;7,821;7;
04.10.2013;5;7,61;8;
04.10.2013;6;7,838;9;
04.10.2013;7;7,972;9;
04.10.2013;8;7,859;11;
04.10.2013;9;8,001;12;
04.10.2013;10;8,022;13;
04.10.2013;11;8,208;14;
04.10.2013;12;8,174;15;
04.10.2013;13;8,248;16;
04.10.2013;14;8,086;17;
04.10.2013;15;8,355;17;
04.10.2013;16;8,274;17;
04.10.2013;17;8,265;17;
04.10.2013;18;8,162;16;
04.10.2013;19;8,06;16;
04.10.2013;20;7,997;15;
04.10.2013;21;8,052;15;
04.10.2013;22;7,867;15;
04.10.2013;23;7,925;15;
05.10.2013;0;7,935;13;
05.10.2013;1;8,219;12;
05.10.2013;2;8,178;12;
05.10.2013;3;8,04;11;
05.10.2013;4;7,984;10;
05.10.2013;5;8,052;10;
05.10.2013;6;8,085;10;
05.10.2013;7;7,947;10;
05.10.2013;8;8,065;11;
05.10.2013;9;7,997;12;
05.10.2013;10;8,01;13;
05.10.2013;11;7,976;14;
05.10.2013;12;8,09;14;
05.10.2013;13;8,068;15;
05.10.2013;14;7,934;15;
05.10.2013;15;7,884;15;
05.10.2013;16;7,838;14;
05.10.2013;17;7,943;13;
05.10.2013;18;7,883;12;
05.10.2013;19;7,8;12;
05.10.2013;20;7,875;11;
05.10.2013;21;7,943;11;
05.10.2013;22;7,829;11;
05.10.2013;23;8,09;11;
06.10.2013;0;7,938;10;
06.10.2013;1;7,896;9;
06.10.2013;2;7,813;9;
06.10.2013;3;7,984;8;
06.10.2013;4;7,381;8;
06.10.2013;5;7,354;8;
06.10.2013;6;7,308;8;
06.10.2013;7;7,497;9;
06.10.2013;8;7,708;10;
06.10.2013;9;7,817;11;
06.10.2013;10;8,051;12;
06.10.2013;11;8,078;13;
06.10.2013;12;8,295;13;
06.10.2013;13;8,253;14;
06.10.2013;14;8,418;14;
06.10.2013;15;8,219;13;
06.10.2013;16;8,039;13;
06.10.2013;17;7,96;12;
06.10.2013;18;8,018;12;
06.10.2013;19;8,131;11;
06.10.2013;20;8,166;11;
06.10.2013;21;8,283;11;
06.10.2013;22;7,98;11;
06.10.2013;23;8,027;11;
07.10.2013;0;7,98;10;
07.10.2013;1;7,942;10;
07.10.2013;2;8,073;10;
07.10.2013;3;8,073;10;
07.10.2013;4;8,124;10;
07.10.2013;5;8,072;9;
07.10.2013;6;7,997;9;
07.10.2013;7;8,174;9;
07.10.2013;8;7,988;9;
07.10.2013;9;8,161;9;
07.10.2013;10;8,111;9;
07.10.2013;11;8,153;8;
07.10.2013;12;8,266;8;
07.10.2013;13;8,266;8;
07.10.2013;14;8,001;7;
07.10.2013;15;8,212;7;
07.10.2013;16;8,035;6;
07.10.2013;17;8,228;5;
07.10.2013;18;8,094;5;
07.10.2013;19;8,068;5;
07.10.2013;20;8,057;5;
07.10.2013;21;8,068;5;
07.10.2013;22;8,094;5;
07.10.2013;23;8,068;4;
08.10.2013;0;7,913;4;
08.10.2013;1;8,049;4;
08.10.2013;2;8,114;4;
08.10.2013;3;8,157;5;
08.10.2013;4;7,976;5;
08.10.2013;5;7,879;6;
08.10.2013;6;7,906;6;
08.10.2013;7;7,703;7;
08.10.2013;8;7,892;7;
08.10.2013;9;7,724;8;
08.10.2013;10;7,972;8;
08.10.2013;11;7,943;8;
08.10.2013;12;7,845;8;
08.10.2013;13;7,935;8;
08.10.2013;14;7,968;7;
08.10.2013;15;8,018;7;
08.10.2013;16;7,96;6;
08.10.2013;17;7,963;5;
08.10.2013;18;7,917;5;
08.10.2013;19;8,14;4;
08.10.2013;20;7,918;4;
08.10.2013;21;8,026;4;
08.10.2013;22;8,048;4;
08.10.2013;23;8,097;3;
09.10.2013;0;8,141;3;
09.10.2013;1;8,097;3;
09.10.2013;2;8,095;3;
09.10.2013;3;8,009;2;
09.10.2013;4;8,031;2;
09.10.2013;5;8,031;2;
09.10.2013;6;8,027;3;
09.10.2013;7;8,013;3;
09.10.2013;8;8,035;3;
09.10.2013;9;8,002;4;
09.10.2013;10;7,674;4;
09.10.2013;11;7,817;4;
09.10.2013;12;7,786;4;
09.10.2013;13;7,805;4;
09.10.2013;14;7,653;4;
09.10.2013;15;7,816;3;
09.10.2013;16;7,732;3;
09.10.2013;17;7,712;3;
09.10.2013;18;7,728;3;
09.10.2013;19;7,934;3;
09.10.2013;20;7,986;3;
09.10.2013;21;7,971;3;
09.10.2013;22;7,968;3;
09.10.2013;23;8,031;3;
10.10.2013;0;7,993;4;
10.10.2013;1;7,905;3;
10.10.2013;2;7,959;3;
10.10.2013;3;7,884;3;
10.10.2013;4;7,909;3;
10.10.2013;5;7,72;3;
10.10.2013;6;7,767;3;
10.10.2013;7;7,514;3;
10.10.2013;8;7,631;3;
10.10.2013;9;7,569;4;
10.10.2013;10;7,611;4;
10.10.2013;11;7,577;5;
10.10.2013;12;7,766;5;
10.10.2013;13;7,8;5;
10.10.2013;14;7,942;4;
10.10.2013;15;7,893;4;
10.10.2013;16;8,178;3;
10.10.2013;17;8,064;3;
10.10.2013;18;8,056;3;
10.10.2013;19;8,022;3;
10.10.2013;20;8,115;2;
10.10.2013;21;8,056;2;
10.10.2013;22;8,153;2;
10.10.2013;23;7,976;2;
11.10.2013;0;7,956;3;
11.10.2013;1;8,093;2;
11.10.2013;2;8,056;2;
11.10.2013;3;8,212;2;
11.10.2013;4;8,148;2;
11.10.2013;5;8,119;2;
11.10.2013;6;7,963;2;
11.10.2013;7;8,048;2;
11.10.2013;8;8,152;3;
11.10.2013;9;8,019;3;
11.10.2013;10;8,135;4;
11.10.2013;11;8,048;4;
11.10.2013;12;8,19;4;
11.10.2013;13;8,019;4;
11.10.2013;14;8,043;4;
11.10.2013;15;8,052;4;
11.10.2013;16;8,182;3;
11.10.2013;17;8,274;3;
11.10.2013;18;8,191;2;
11.10.2013;19;8,194;2;
11.10.2013;20;8,245;1;
11.10.2013;21;8,149;1;
11.10.2013;22;8,136;0;
11.10.2013;23;8,094;0;
12.10.2013;0;8,131;1;
12.10.2013;1;8,127;1;
12.10.2013;2;8,124;1;
12.10.2013;3;8,127;1;
12.10.2013;4;8,069;1;
12.10.2013;5;8,018;1;
12.10.2013;6;8,072;2;
12.10.2013;7;8,032;2;
12.10.2013;8;8,039;3;
12.10.2013;9;8,047;4;
12.10.2013;10;7,896;5;
12.10.2013;11;7,948;5;
12.10.2013;12;7,892;6;
12.10.2013;13;8,009;6;
12.10.2013;14;8,065;6;
12.10.2013;15;7,988;6;
12.10.2013;16;8,04;6;
12.10.2013;17;8,094;6;
12.10.2013;18;8,022;6;
12.10.2013;19;7,888;6;
12.10.2013;20;7,863;6;
12.10.2013;21;7,947;6;
12.10.2013;22;7,971;7;
12.10.2013;23;7,838;7;
13.10.2013;0;7,893;7;
13.10.2013;1;7,862;7;
13.10.2013;2;8,073;8;
13.10.2013;3;8,098;8;
13.10.2013;4;8,317;8;
13.10.2013;5;8,156;8;
13.10.2013;6;8,178;8;
13.10.2013;7;8,073;8;
13.10.2013;8;8,089;9;
13.10.2013;9;8,17;9;
13.10.2013;10;8,127;10;
13.10.2013;11;8,115;10;
13.10.2013;12;8,093;10;
13.10.2013;13;8,275;11;
13.10.2013;14;8,127;11;
13.10.2013;15;7,998;10;
13.10.2013;16;7,929;10;
13.10.2013;17;7,94;9;
13.10.2013;18;8,022;8;
13.10.2013;19;8,022;8;
13.10.2013;20;8,009;7;
13.10.2013;21;8,112;7;
13.10.2013;22;8,001;7;
13.10.2013;23;8,148;6;
14.10.2013;0;8,064;6;
14.10.2013;1;8,077;5;
14.10.2013;2;7,989;4;
14.10.2013;3;8,094;4;
14.10.2013;4;7,888;3;
14.10.2013;5;7,938;3;
14.10.2013;6;8,052;3;
14.10.2013;7;7,897;4;
14.10.2013;8;7,976;5;
14.10.2013;9;7,888;6;
14.10.2013;10;7,959;8;
14.10.2013;11;7,943;9;
14.10.2013;12;8,04;10;
14.10.2013;13;7,992;10;
14.10.2013;14;7,989;10;
14.10.2013;15;7,913;10;
14.10.2013;16;7,8;9;
14.10.2013;17;7,859;9;
14.10.2013;18;7,761;8;
14.10.2013;19;7,809;8;
14.10.2013;20;7,921;7;
14.10.2013;21;7,927;7;
14.10.2013;22;7,95;7;
14.10.2013;23;7,968;8;
15.10.2013;0;7,837;8;
15.10.2013;1;7,977;8;
15.10.2013;2;8,056;8;
15.10.2013;3;8,127;8;
15.10.2013;4;8,136;8;
15.10.2013;5;8,115;9;
15.10.2013;6;8,098;9;
15.10.2013;7;8,107;9;
15.10.2013;8;8,232;10;
15.10.2013;9;8,185;11;
15.10.2013;10;8,217;12;
15.10.2013;11;7,921;13;
15.10.2013;12;8,085;14;
15.10.2013;13;8,027;14;
15.10.2013;14;8,102;15;
15.10.2013;15;8,178;15;
15.10.2013;16;8,035;14;
15.10.2013;17;8,182;14;
15.10.2013;18;8,082;14;
15.10.2013;19;8,131;14;
15.10.2013;20;8,018;14;
15.10.2013;21;8,211;14;
15.10.2013;22;8,321;14;
15.10.2013;23;8,304;13;
16.10.2013;0;8,061;13;
16.10.2013;1;7,962;12;
16.10.2013;2;7,926;12;
16.10.2013;3;7,863;11;
16.10.2013;4;7,868;11;
16.10.2013;5;8,005;10;
16.10.2013;6;8,001;10;
16.10.2013;7;7,993;10;
16.10.2013;8;7,935;10;
16.10.2013;9;8,228;11;
16.10.2013;10;8,177;12;
16.10.2013;11;8,401;13;
16.10.2013;12;8,611;14;
16.10.2013;13;8,677;15;
16.10.2013;14;8,669;15;
16.10.2013;15;9,06;15;
16.10.2013;16;8,64;15;
16.10.2013;17;8,526;14;
16.10.2013;18;8,405;12;
16.10.2013;19;8,094;12;
16.10.2013;20;8,056;11;
16.10.2013;21;8,127;11;
16.10.2013;22;8,262;11;
16.10.2013;23;8,312;10;
17.10.2013;0;7,997;10;
17.10.2013;1;8,03;10;
17.10.2013;2;8,099;10;
17.10.2013;3;8,005;10;
17.10.2013;4;7,918;10;
17.10.2013;5;7,825;10;
17.10.2013;6;7,842;10;
17.10.2013;7;7,732;10;
17.10.2013;8;7,888;10;
17.10.2013;9;7,943;9;
17.10.2013;10;7,841;9;
17.10.2013;11;7,834;9;
17.10.2013;12;7,816;8;
17.10.2013;13;7,662;7;
17.10.2013;14;7,804;7;
17.10.2013;15;7,342;6;
17.10.2013;16;7,33;5;
17.10.2013;17;7,379;4;
17.10.2013;18;7,288;3;
17.10.2013;19;7,278;2;
17.10.2013;20;7,246;2;
17.10.2013;21;7,342;2;
17.10.2013;22;7,313;2;
17.10.2013;23;6,997;3;
18.10.2013;0;6,985;3;
18.10.2013;1;7,178;3;
18.10.2013;2;7,086;3;
18.10.2013;3;7,22;3;
18.10.2013;4;7,14;3;
18.10.2013;5;7,267;3;
18.10.2013;6;7,203;3;
18.10.2013;7;7,451;3;
18.10.2013;8;7,33;3;
18.10.2013;9;7,434;4;
18.10.2013;10;7,443;4;
18.10.2013;11;7,502;4;
18.10.2013;12;7,262;4;
18.10.2013;13;7,405;4;
18.10.2013;14;7,414;4;
18.10.2013;15;7,375;4;
18.10.2013;16;7,232;4;
18.10.2013;17;7,33;4;
18.10.2013;18;7,346;3;
18.10.2013;19;7,431;3;
18.10.2013;20;7,266;3;
18.10.2013;21;7,312;3;
18.10.2013;22;7,074;2;
18.10.2013;23;7,115;2;
19.10.2013;0;7,052;2;
19.10.2013;1;7,107;2;
19.10.2013;2;7,204;2;
19.10.2013;3;7,409;1;
19.10.2013;4;7,094;1;
19.10.2013;5;7,249;2;
19.10.2013;6;7,267;2;
19.10.2013;7;7,279;3;
19.10.2013;8;7,35;3;
19.10.2013;9;7,451;4;
19.10.2013;10;7,338;5;
19.10.2013;11;7,25;6;
19.10.2013;12;7,287;6;
19.10.2013;13;7,204;7;
19.10.2013;14;7,174;7;
19.10.2013;15;7,304;7;
19.10.2013;16;7,413;6;
19.10.2013;17;7,342;6;
19.10.2013;18;7,414;6;
19.10.2013;19;7,317;5;
19.10.2013;20;7,215;5;
19.10.2013;21;7,267;5;
19.10.2013;22;7,241;5;
19.10.2013;23;7,329;4;
20.10.2013;0;7,112;4;
20.10.2013;1;7,135;4;
20.10.2013;2;7,129;4;
20.10.2013;3;7,153;4;
20.10.2013;4;7,219;5;
20.10.2013;5;7,25;5;
20.10.2013;6;7,267;5;
20.10.2013;7;7,258;5;
20.10.2013;8;7,144;5;
20.10.2013;9;7,238;5;
20.10.2013;10;7,123;5;
20.10.2013;11;7,136;5;
20.10.2013;12;7,048;5;
20.10.2013;13;7,216;5;
20.10.2013;14;7,161;6;
20.10.2013;15;7,174;6;
20.10.2013;16;6,935;6;
20.10.2013;17;6,699;5;
20.10.2013;18;6,989;5;
20.10.2013;19;7,044;4;
20.10.2013;20;7,263;4;
20.10.2013;21;7,199;4;
20.10.2013;22;7,199;4;
20.10.2013;23;7,027;4;
21.10.2013;0;7,111;4;
21.10.2013;1;6,977;4;
21.10.2013;2;7,136;4;
21.10.2013;3;7,14;4;
21.10.2013;4;7,174;4;
21.10.2013;5;7,258;4;
21.10.2013;6;7,254;4;
21.10.2013;7;7,271;4;
21.10.2013;8;7,266;3;
21.10.2013;9;7,237;3;
21.10.2013;10;7,22;3;
21.10.2013;11;7,3;3;
21.10.2013;12;7,203;3;
21.10.2013;13;7,157;2;
21.10.2013;14;7,2;2;
21.10.2013;15;7,128;2;
21.10.2013;16;7,253;2;
21.10.2013;17;7,087;1;
21.10.2013;18;7,249;0;
21.10.2013;19;7,018;0;
21.10.2013;20;7,065;-1;
21.10.2013;21;7,023;-1;
21.10.2013;22;7,011;-2;
21.10.2013;23;6,892;-2;
22.10.2013;0;6,977;-2;
22.10.2013;1;7,093;-3;
22.10.2013;2;7,053;-3;
22.10.2013;3;7,107;-3;
22.10.2013;4;7,14;-3;
22.10.2013;5;6,964;-3;
22.10.2013;6;7,09;-2;
22.10.2013;7;7,049;-2;
22.10.2013;8;7,194;-1;
22.10.2013;9;6,977;-1;
22.10.2013;10;7,103;0;
22.10.2013;11;7,085;1;
22.10.2013;12;6,994;2;
22.10.2013;13;7,195;2;
22.10.2013;14;7,237;2;
22.10.2013;15;7,249;2;
22.10.2013;16;7,216;2;
22.10.2013;17;7,036;1;
22.10.2013;18;7,111;0;
22.10.2013;19;6,976;-1;
22.10.2013;20;6,976;-1;
22.10.2013;21;6,995;-2;
22.10.2013;22;7,132;-2;
22.10.2013;23;7,076;-2;
23.10.2013;0;7,162;-2;
23.10.2013;1;7,09;-2;
23.10.2013;2;7,09;-2;
23.10.2013;3;6,989;-1;
23.10.2013;4;7,053;-1;
23.10.2013;5;7,144;-1;
23.10.2013;6;7,115;0;
23.10.2013;7;6,998;0;
23.10.2013;8;7,031;0;
23.10.2013;9;6,943;0;
23.10.2013;10;6,96;0;
23.10.2013;11;6,892;0;
23.10.2013;12;7,061;0;
23.10.2013;13;6,985;1;
23.10.2013;14;6,754;1;
23.10.2013;15;7,019;1;
23.10.2013;16;6,921;1;
23.10.2013;17;6,952;1;
23.10.2013;18;7,119;2;
23.10.2013;19;7,28;2;
23.10.2013;20;7,215;2;
23.10.2013;21;7,225;2;
23.10.2013;22;7,086;3;
23.10.2013;23;7,044;3;
24.10.2013;0;6,976;3;
24.10.2013;1;7,102;3;
24.10.2013;2;7,216;3;
24.10.2013;3;7,187;3;
24.10.2013;4;7,074;2;
24.10.2013;5;6,964;2;
24.10.2013;6;6,972;1;
24.10.2013;7;6,955;1;
24.10.2013;8;6,893;1;
24.10.2013;9;6,938;0;
24.10.2013;10;6,94;0;
24.10.2013;11;6,964;0;
24.10.2013;12;7,01;0;
24.10.2013;13;6,922;0;
24.10.2013;14;6,989;0;
24.10.2013;15;6,994;0;
24.10.2013;16;7,123;0;
24.10.2013;17;7,002;-1;
24.10.2013;18;6,96;-1;
24.10.2013;19;6,88;-2;
24.10.2013;20;6,879;-2;
24.10.2013;21;6,926;-2;
24.10.2013;22;6,994;-3;
24.10.2013;23;6,897;-3;
25.10.2013;0;7,17;-2;
25.10.2013;1;7,119;-3;
25.10.2013;2;6,998;-3;
25.10.2013;3;7,199;-3;
25.10.2013;4;7,082;-4;
25.10.2013;5;7,149;-4;
25.10.2013;6;7,102;-3;
25.10.2013;7;7,057;-3;
25.10.2013;8;7,068;-3;
25.10.2013;9;7,103;-2;
25.10.2013;10;7,165;-2;
25.10.2013;11;7,053;-2;
25.10.2013;12;7,09;-1;
25.10.2013;13;7,178;-1;
25.10.2013;14;7,208;-1;
25.10.2013;15;7,107;-2;
25.10.2013;16;7,089;-2;
25.10.2013;17;7,095;-2;
25.10.2013;18;7,174;-2;
25.10.2013;19;7,094;-2;
25.10.2013;20;7,044;-2;
25.10.2013;21;7,182;-2;
25.10.2013;22;7,283;-2;
25.10.2013;23;7,144;-2;
26.10.2013;0;7,209;-2;
26.10.2013;1;7,244;-2;
26.10.2013;2;7,25;-2;
26.10.2013;3;7,233;-3;
26.10.2013;4;7,355;-3;
26.10.2013;5;7,278;-3;
26.10.2013;6;7,347;-3;
26.10.2013;7;7,149;-2;
26.10.2013;8;7,237;-2;
26.10.2013;9;7,233;-2;
26.10.2013;10;7,216;-1;
26.10.2013;11;7,06;-1;
26.10.2013;12;7,141;0;
26.10.2013;13;7,149;0;
26.10.2013;14;7,073;0;
26.10.2013;15;7,031;-1;
26.10.2013;16;7,01;-1;
26.10.2013;17;7,128;-2;
26.10.2013;18;7,015;-3;
26.10.2013;19;6,959;-3;
26.10.2013;20;6,968;-3;
26.10.2013;21;7,036;-4;
26.10.2013;22;6,984;-4;
26.10.2013;23;7,045;-4;
27.10.2013;0;7,085;-3;
27.10.2013;1;7,179;-3;
27.10.2013;2;7,123;-3;
27.10.2013;3;7,106;-3;
27.10.2013;4;7,011;-4;
27.10.2013;5;6,935;-4;
27.10.2013;6;6,867;-3;
27.10.2013;7;6,901;-3;
27.10.2013;8;6,914;-2;
27.10.2013;9;6,876;-2;
27.10.2013;10;6,989;-1;
27.10.2013;11;7,01;0;
27.10.2013;12;6,951;0;
27.10.2013;13;6,897;1;
27.10.2013;14;7,027;1;
27.10.2013;15;6,977;0;
27.10.2013;16;6,926;0;
27.10.2013;17;6,712;-1;
27.10.2013;18;6,619;-1;
27.10.2013;19;6,687;-1;
27.10.2013;20;6,981;-1;
27.10.2013;21;7,036;-1;
27.10.2013;22;6,951;-1;
27.10.2013;23;6,96;-1;
28.10.2013;0;7,043;-1;
28.10.2013;1;7,073;-1;
28.10.2013;2;7,074;-1;
28.10.2013;3;7,002;-1;
28.10.2013;4;6,909;-1;
28.10.2013;5;6,91;-1;
28.10.2013;6;7,039;-1;
28.10.2013;7;6,943;-1;
28.10.2013;8;6,85;-1;
28.10.2013;9;7,015;-1;
28.10.2013;10;7,182;-1;
28.10.2013;11;7,263;0;
28.10.2013;12;7,081;0;
28.10.2013;13;7,145;0;
28.10.2013;14;7,065;0;
28.10.2013;15;7,102;0;
28.10.2013;16;7,023;0;
28.10.2013;17;6,926;0;
28.10.2013;18;6,918;0;
28.10.2013;19;7,09;0;
28.10.2013;20;7,023;0;
28.10.2013;21;7,153;0;
28.10.2013;22;7,111;0;
28.10.2013;23;7,035;0;
29.10.2013;0;6,699;1;
29.10.2013;1;7,07;1;
29.10.2013;2;6,985;1;
29.10.2013;3;7,048;1;
29.10.2013;4;7,006;1;
29.10.2013;5;6,876;2;
29.10.2013;6;7,102;2;
29.10.2013;7;7,191;2;
29.10.2013;8;7,165;2;
29.10.2013;9;7,049;2;
29.10.2013;10;7,131;2;
29.10.2013;11;7,061;2;
29.10.2013;12;7,106;2;
29.10.2013;13;7,108;1;
29.10.2013;14;7,119;1;
29.10.2013;15;7,137;1;
29.10.2013;16;6,997;1;
29.10.2013;17;7,216;1;
29.10.2013;18;7,144;0;
29.10.2013;19;7,166;0;
29.10.2013;20;7,119;0;
29.10.2013;21;7,053;0;
29.10.2013;22;6,892;0;
29.10.2013;23;6,914;0;
30.10.2013;0;6,834;0;
30.10.2013;1;6,976;0;
30.10.2013;2;6,763;0;
30.10.2013;3;6,393;-1;
30.10.2013;4;6,308;-1;
30.10.2013;5;6,078;-1;
30.10.2013;6;5,817;-1;
30.10.2013;7;5,603;-1;
30.10.2013;8;5,512;-1;
30.10.2013;9;5,456;-1;
30.10.2013;10;5,405;-1;
30.10.2013;11;5,314;-1;
30.10.2013;12;5,381;-1;
30.10.2013;13;5,338;-1;
30.10.2013;14;5,351;-1;
30.10.2013;15;5,339;-1;
30.10.2013;16;5,38;-1;
30.10.2013;17;5,331;-1;
30.10.2013;18;5,262;-1;
30.10.2013;19;5,301;-1;
30.10.2013;20;5,293;-1;
30.10.2013;21;5,401;-1;
30.10.2013;22;5,444;0;
30.10.2013;23;5,574;0;
31.10.2013;0;0;0;
31.10.2013;1;0;1;
31.10.2013;2;0;1;
31.10.2013;3;0;2;
31.10.2013;4;0;2;
31.10.2013;5;0;3;
31.10.2013;6;0;3;
31.10.2013;7;0;3;
31.10.2013;8;0;3;
31.10.2013;9;0;4;
31.10.2013;10;0;4;
31.10.2013;11;0;3;
31.10.2013;12;0;3;
31.10.2013;13;0;3;
31.10.2013;14;0;3;
31.10.2013;15;0;2;
31.10.2013;16;0;2;
31.10.2013;17;0;2;
31.10.2013;18;0;2;
31.10.2013;19;0;2;
31.10.2013;20;0;2;
31.10.2013;21;0;2;
31.10.2013;22;0;2;
31.10.2013;23;0;2;
01.11.2013;0;5,561;1;
01.11.2013;1;5,545;1;
01.11.2013;2;5,527;1;
01.11.2013;3;5,599;1;
01.11.2013;4;5,629;1;
01.11.2013;5;5,628;1;
01.11.2013;6;5,569;1;
01.11.2013;7;5,658;2;
01.11.2013;8;5,616;2;
01.11.2013;9;5,532;4;
01.11.2013;10;5,599;5;
01.11.2013;11;5,498;6;
01.11.2013;12;5,549;7;
01.11.2013;13;5,661;8;
01.11.2013;14;5,718;9;
01.11.2013;15;5,607;10;
01.11.2013;16;5,687;9;
01.11.2013;17;5,632;9;
01.11.2013;18;5,671;8;
01.11.2013;19;5,607;8;
01.11.2013;20;5,671;7;
01.11.2013;21;5,716;7;
01.11.2013;22;5,78;7;
01.11.2013;23;5,574;6;
02.11.2013;0;5,624;6;
02.11.2013;1;5,729;6;
02.11.2013;2;5,792;6;
02.11.2013;3;5,78;6;
02.11.2013;4;5,729;6;
02.11.2013;5;5,709;6;
02.11.2013;6;5,708;6;
02.11.2013;7;5,704;6;
02.11.2013;8;5,968;7;
02.11.2013;9;6,661;7;
02.11.2013;10;6,251;8;
02.11.2013;11;6,065;10;
02.11.2013;12;6,048;11;
02.11.2013;13;6,175;12;
02.11.2013;14;6,225;12;
02.11.2013;15;6,279;12;
02.11.2013;16;6,661;11;
02.11.2013;17;7,149;11;
02.11.2013;18;7,359;10;
02.11.2013;19;7,242;10;
02.11.2013;20;7,257;10;
02.11.2013;21;7,54;10;
02.11.2013;22;7,56;10;
02.11.2013;23;7,3;9;
03.11.2013;0;7,405;9;
03.11.2013;1;7,502;9;
03.11.2013;2;7,627;8;
03.11.2013;3;7,721;7;
03.11.2013;4;7,551;6;
03.11.2013;5;7,582;5;
03.11.2013;6;7,657;5;
03.11.2013;7;7,509;4;
03.11.2013;8;7,196;3;
03.11.2013;9;7,392;3;
03.11.2013;10;7,279;3;
03.11.2013;11;7,095;3;
03.11.2013;12;7,119;3;
03.11.2013;13;7,14;3;
03.11.2013;14;7,141;3;
03.11.2013;15;7,018;3;
03.11.2013;16;7,14;3;
03.11.2013;17;7,183;2;
03.11.2013;18;7,174;2;
03.11.2013;19;7,245;2;
03.11.2013;20;7,141;2;
03.11.2013;21;7,17;1;
03.11.2013;22;7,052;1;
03.11.2013;23;7,157;1;
04.11.2013;0;7,178;0;
04.11.2013;1;7,166;0;
04.11.2013;2;7,228;0;
04.11.2013;3;6,943;0;
04.11.2013;4;6,893;0;
04.11.2013;5;6,993;0;
04.11.2013;6;7,124;0;
04.11.2013;7;6,981;0;
04.11.2013;8;7,039;0;
04.11.2013;9;7,057;1;
04.11.2013;10;7,056;2;
04.11.2013;11;6,964;2;
04.11.2013;12;6,96;3;
04.11.2013;13;7,015;4;
04.11.2013;14;7,051;4;
04.11.2013;15;7,208;4;
04.11.2013;16;7,015;3;
04.11.2013;17;7,035;2;
04.11.2013;18;7,103;1;
04.11.2013;19;7,153;1;
04.11.2013;20;7,014;1;
04.11.2013;21;6,871;1;
04.11.2013;22;6,872;1;
04.11.2013;23;6,935;1;
05.11.2013;0;6,951;1;
05.11.2013;1;7,086;2;
05.11.2013;2;7,074;2;
05.11.2013;3;7,131;2;
05.11.2013;4;6,998;2;
05.11.2013;5;7,069;2;
05.11.2013;6;6,989;2;
05.11.2013;7;7,111;2;
05.11.2013;8;6,993;2;
05.11.2013;9;7,149;3;
05.11.2013;10;7,065;4;
05.11.2013;11;7,107;6;
05.11.2013;12;7,119;7;
05.11.2013;13;6,981;8;
05.11.2013;14;7,115;8;
05.11.2013;15;7,191;8;
05.11.2013;16;7,346;7;
05.11.2013;17;7,149;6;
05.11.2013;18;7,187;6;
05.11.2013;19;7,102;5;
05.11.2013;20;7,245;5;
05.11.2013;21;7,154;5;
05.11.2013;22;7,173;5;
05.11.2013;23;7,196;5;
06.11.2013;0;7,321;5;
06.11.2013;1;7,275;5;
06.11.2013;2;7,153;5;
06.11.2013;3;7,274;5;
06.11.2013;4;7,229;5;
06.11.2013;5;7,401;5;
06.11.2013;6;7,3;5;
06.11.2013;7;7,203;5;
06.11.2013;8;7,334;5;
06.11.2013;9;7,261;6;
06.11.2013;10;7,326;7;
06.11.2013;11;7,183;7;
06.11.2013;12;7,233;8;
06.11.2013;13;7,219;9;
06.11.2013;14;7,338;9;
06.11.2013;15;7,435;9;
06.11.2013;16;7,4;8;
06.11.2013;17;7,397;8;
06.11.2013;18;7,304;7;
06.11.2013;19;7,354;7;
06.11.2013;20;7,221;7;
06.11.2013;21;7,43;7;
06.11.2013;22;7,397;7;
06.11.2013;23;7,313;7;
07.11.2013;0;7,328;7;
07.11.2013;1;7,246;7;
07.11.2013;2;7,455;7;
07.11.2013;3;7,372;7;
07.11.2013;4;7,363;7;
07.11.2013;5;7,229;7;
07.11.2013;6;7,329;7;
07.11.2013;7;7,384;7;
07.11.2013;8;7,594;7;
07.11.2013;9;8,296;7;
07.11.2013;10;7,799;8;
07.11.2013;11;7,742;8;
07.11.2013;12;7,815;9;
07.11.2013;13;7,88;9;
07.11.2013;14;7,758;9;
07.11.2013;15;7,855;9;
07.11.2013;16;7,82;9;
07.11.2013;17;7,796;8;
07.11.2013;18;7,619;8;
07.11.2013;19;7,367;8;
07.11.2013;20;7,531;7;
07.11.2013;21;7,708;7;
07.11.2013;22;7,61;7;
07.11.2013;23;7,582;7;
08.11.2013;0;7,539;7;
08.11.2013;1;7,532;7;
08.11.2013;2;7,602;7;
08.11.2013;3;7,619;7;
08.11.2013;4;7,628;6;
08.11.2013;5;7,653;6;
08.11.2013;6;7,694;6;
08.11.2013;7;7,788;6;
08.11.2013;8;7,833;6;
08.11.2013;9;7,85;6;
08.11.2013;10;7,959;6;
08.11.2013;11;7,868;7;
08.11.2013;12;7,665;7;
08.11.2013;13;7,909;7;
08.11.2013;14;7,863;7;
08.11.2013;15;7,993;7;
08.11.2013;16;7,934;6;
08.11.2013;17;7,897;6;
08.11.2013;18;8,101;6;
08.11.2013;19;7,893;6;
08.11.2013;20;8,047;6;
08.11.2013;21;7,956;6;
08.11.2013;22;8,021;6;
08.11.2013;23;7,919;5;
09.11.2013;0;8,005;6;
09.11.2013;1;7,955;5;
09.11.2013;2;7,989;5;
09.11.2013;3;7,905;5;
09.11.2013;4;7,913;5;
09.11.2013;5;7,888;5;
09.11.2013;6;7,837;5;
09.11.2013;7;7,783;5;
09.11.2013;8;7,863;5;
09.11.2013;9;7,867;5;
09.11.2013;10;7,733;5;
09.11.2013;11;7,733;6;
09.11.2013;12;7,833;6;
09.11.2013;13;7,867;6;
09.11.2013;14;7,947;6;
09.11.2013;15;7,959;6;
09.11.2013;16;7,774;5;
09.11.2013;17;7,729;5;
09.11.2013;18;7,775;5;
09.11.2013;19;7,782;5;
09.11.2013;20;7,872;5;
09.11.2013;21;7,85;5;
09.11.2013;22;7,837;5;
09.11.2013;23;7,847;5;
10.11.2013;0;7,774;5;
10.11.2013;1;7,741;5;
10.11.2013;2;7,863;5;
10.11.2013;3;7,914;5;
10.11.2013;4;7,736;5;
10.11.2013;5;7,577;5;
10.11.2013;6;7,594;5;
10.11.2013;7;7,603;5;
10.11.2013;8;7,509;5;
10.11.2013;9;6,985;5;
10.11.2013;10;7,028;5;
10.11.2013;11;7,061;5;
10.11.2013;12;6,833;5;
10.11.2013;13;6,98;5;
10.11.2013;14;7,032;5;
10.11.2013;15;7,032;4;
10.11.2013;16;7,157;4;
10.11.2013;17;7,11;4;
10.11.2013;18;6,956;4;
10.11.2013;19;6,993;3;
10.11.2013;20;7,133;3;
10.11.2013;21;7,245;3;
10.11.2013;22;7,17;2;
10.11.2013;23;7,123;2;
11.11.2013;0;7,17;1;
11.11.2013;1;7,312;0;
11.11.2013;2;7,322;-1;
11.11.2013;3;7,203;-1;
11.11.2013;4;7,161;-2;
11.11.2013;5;7,162;-2;
11.11.2013;6;7,199;-2;
11.11.2013;7;7,022;-2;
11.11.2013;8;7,221;-1;
11.11.2013;9;7,233;-1;
11.11.2013;10;7,199;0;
11.11.2013;11;7,052;1;
11.11.2013;12;7,077;2;
11.11.2013;13;7,111;2;
11.11.2013;14;7,132;2;
11.11.2013;15;7,162;2;
11.11.2013;16;7,191;2;
11.11.2013;17;7,241;2;
11.11.2013;18;7,22;2;
11.11.2013;19;7,233;2;
11.11.2013;20;7,065;2;
11.11.2013;21;7,11;2;
11.11.2013;22;7,225;2;
11.11.2013;23;7,154;1;
12.11.2013;0;7,194;1;
12.11.2013;1;7,166;1;
12.11.2013;2;7,123;1;
12.11.2013;3;7,145;1;
12.11.2013;4;7,073;0;
12.11.2013;5;7,019;0;
12.11.2013;6;7,194;0;
12.11.2013;7;7,066;0;
12.11.2013;8;7,115;0;
12.11.2013;9;7,052;1;
12.11.2013;10;7,225;1;
12.11.2013;11;7,186;2;
12.11.2013;12;7,179;3;
12.11.2013;13;7,039;4;
12.11.2013;14;7,292;4;
12.11.2013;15;7,253;3;
12.11.2013;16;7,249;3;
12.11.2013;17;7,204;3;
12.11.2013;18;7,254;3;
12.11.2013;19;7,216;2;
12.11.2013;20;7,279;2;
12.11.2013;21;7,3;2;
12.11.2013;22;7,359;2;
12.11.2013;23;7,321;2;
13.11.2013;0;7,401;2;
13.11.2013;1;7,22;2;
13.11.2013;2;7,174;2;
13.11.2013;3;7,178;2;
13.11.2013;4;7,04;3;
13.11.2013;5;6,775;3;
13.11.2013;6;6,501;3;
13.11.2013;7;6,053;3;
13.11.2013;8;5,994;3;
13.11.2013;9;5,977;4;
13.11.2013;10;5,985;4;
13.11.2013;11;5,75;4;
13.11.2013;12;5,919;5;
13.11.2013;13;6,086;5;
13.11.2013;14;6,577;5;
13.11.2013;15;6,784;5;
13.11.2013;16;6,825;5;
13.11.2013;17;6,918;5;
13.11.2013;18;6,985;5;
13.11.2013;19;7,014;5;
13.11.2013;20;7,196;5;
13.11.2013;21;7,194;5;
13.11.2013;22;7,061;5;
13.11.2013;23;7,061;5;
14.11.2013;0;7,082;5;
14.11.2013;1;7,094;5;
14.11.2013;2;6,989;4;
14.11.2013;3;7,061;4;
14.11.2013;4;6,854;4;
14.11.2013;5;7,141;4;
14.11.2013;6;7,123;4;
14.11.2013;7;7,145;4;
14.11.2013;8;7,236;4;
14.11.2013;9;7,229;4;
14.11.2013;10;7,339;4;
14.11.2013;11;7,228;5;
14.11.2013;12;7,228;5;
14.11.2013;13;7,053;5;
14.11.2013;14;7,341;4;
14.11.2013;15;7,187;4;
14.11.2013;16;7,317;4;
14.11.2013;17;7,149;4;
14.11.2013;18;7,173;3;
14.11.2013;19;7,259;3;
14.11.2013;20;7,136;3;
14.11.2013;21;7,149;2;
14.11.2013;22;7,195;2;
14.11.2013;23;7,098;2;
15.11.2013;0;7,195;2;
15.11.2013;1;7,132;2;
15.11.2013;2;7,228;2;
15.11.2013;3;7,195;2;
15.11.2013;4;7,145;2;
15.11.2013;5;7,052;2;
15.11.2013;6;7,111;2;
15.11.2013;7;7,024;2;
15.11.2013;8;7,039;2;
15.11.2013;9;7,102;2;
15.11.2013;10;7,044;3;
15.11.2013;11;7,061;3;
15.11.2013;12;7,048;3;
15.11.2013;13;7,048;4;
15.11.2013;14;7,12;4;
15.11.2013;15;7,123;3;
15.11.2013;16;7,023;3;
15.11.2013;17;7,145;2;
15.11.2013;18;7,102;2;
15.11.2013;19;7,048;2;
15.11.2013;20;7,153;2;
15.11.2013;21;7,056;2;
15.11.2013;22;7,191;1;
15.11.2013;23;7,191;1;
16.11.2013;0;7,195;1;
16.11.2013;1;7,241;1;
16.11.2013;2;6,986;1;
16.11.2013;3;6,883;0;
16.11.2013;4;7,031;0;
16.11.2013;5;7,196;0;
16.11.2013;6;7,161;0;
16.11.2013;7;7,216;0;
16.11.2013;8;7,174;0;
16.11.2013;9;7,077;0;
16.11.2013;10;7,128;0;
16.11.2013;11;6,985;1;
16.11.2013;12;6,922;1;
16.11.2013;13;6,989;1;
16.11.2013;14;7,111;1;
16.11.2013;15;7,187;1;
16.11.2013;16;7,182;0;
16.11.2013;17;7,129;0;
16.11.2013;18;7,19;0;
16.11.2013;19;7,271;0;
16.11.2013;20;7,174;-1;
16.11.2013;21;7,194;-1;
16.11.2013;22;7,086;-1;
16.11.2013;23;6,91;-1;
17.11.2013;0;6,963;-1;
17.11.2013;1;7,086;-1;
17.11.2013;2;7,024;-1;
17.11.2013;3;7,136;-2;
17.11.2013;4;6,955;-2;
17.11.2013;5;7,17;-3;
17.11.2013;6;7,106;-3;
17.11.2013;7;7,103;-3;
17.11.2013;8;7,158;-3;
17.11.2013;9;7,14;-3;
17.11.2013;10;7,145;-3;
17.11.2013;11;7,031;-3;
17.11.2013;12;7,094;-3;
17.11.2013;13;7,199;-3;
17.11.2013;14;7,208;-3;
17.11.2013;15;6,875;-3;
17.11.2013;16;7,111;-3;
17.11.2013;17;7,019;-4;
17.11.2013;18;7,09;-4;
17.11.2013;19;7,019;-4;
17.11.2013;20;7,04;-5;
17.11.2013;21;6,901;-5;
17.11.2013;22;6,888;-5;
17.11.2013;23;7,048;-5;
18.11.2013;0;7,077;-5;
18.11.2013;1;7,044;-5;
18.11.2013;2;6,905;-6;
18.11.2013;3;7,04;-6;
18.11.2013;4;7,089;-6;
18.11.2013;5;6,961;-6;
18.11.2013;6;6,981;-6;
18.11.2013;7;6,955;-6;
18.11.2013;8;6,956;-6;
18.11.2013;9;7,056;-6;
18.11.2013;10;7,006;-5;
18.11.2013;11;6,863;-4;
18.11.2013;12;6,846;-4;
18.11.2013;13;6,956;-4;
18.11.2013;14;6,901;-4;
18.11.2013;15;6,88;-5;
18.11.2013;16;6,674;-5;
18.11.2013;17;6,725;-5;
18.11.2013;18;6,729;-6;
18.11.2013;19;6,581;-6;
18.11.2013;20;6,545;-6;
18.11.2013;21;6,506;-6;
18.11.2013;22;6,46;-7;
18.11.2013;23;6,439;-7;
19.11.2013;0;6,338;-7;
19.11.2013;1;6,363;-7;
19.11.2013;2;6,393;-8;
19.11.2013;3;6,309;-8;
19.11.2013;4;6,409;-8;
19.11.2013;5;6,385;-8;
19.11.2013;6;6,372;-8;
19.11.2013;7;6,288;-8;
19.11.2013;8;6,279;-8;
19.11.2013;9;6,36;-7;
19.11.2013;10;6,174;-6;
19.11.2013;11;6,266;-5;
19.11.2013;12;6,179;-4;
19.11.2013;13;6,246;-4;
19.11.2013;14;6,308;-4;
19.11.2013;15;6,41;-5;
19.11.2013;16;6,645;-5;
19.11.2013;17;6,649;-6;
19.11.2013;18;6,624;-6;
19.11.2013;19;6,686;-6;
19.11.2013;20;6,713;-6;
19.11.2013;21;6,632;-6;
19.11.2013;22;6,737;-7;
19.11.2013;23;6,633;-7;
20.11.2013;0;6,594;-7;
20.11.2013;1;6,599;-7;
20.11.2013;2;6,64;-7;
20.11.2013;3;6,561;-7;
20.11.2013;4;6,564;-7;
20.11.2013;5;6,574;-7;
20.11.2013;6;6,506;-6;
20.11.2013;7;6,368;-6;
20.11.2013;8;6,48;-6;
20.11.2013;9;6,499;-5;
20.11.2013;10;6,325;-5;
20.11.2013;11;6,38;-4;
20.11.2013;12;6,149;-3;
20.11.2013;13;6,238;-3;
20.11.2013;14;6,212;-3;
20.11.2013;15;6,461;-4;
20.11.2013;16;6,539;-4;
20.11.2013;17;6,62;-4;
20.11.2013;18;6,724;-4;
20.11.2013;19;6,44;-5;
20.11.2013;20;6,379;-5;
20.11.2013;21;6,339;-5;
20.11.2013;22;6,497;-5;
20.11.2013;23;6,431;-5;
21.11.2013;0;6,511;-4;
21.11.2013;1;6,455;-4;
21.11.2013;2;6,359;-4;
21.11.2013;3;6,376;-4;
21.11.2013;4;6,381;-4;
21.11.2013;5;6,396;-4;
21.11.2013;6;6,469;-3;
21.11.2013;7;6,451;-3;
21.11.2013;8;6,532;-3;
21.11.2013;9;6,339;-3;
21.11.2013;10;6,396;-3;
21.11.2013;11;6,33;-2;
21.11.2013;12;6,321;-2;
21.11.2013;13;6,276;-2;
21.11.2013;14;6,233;-2;
21.11.2013;15;6,308;-2;
21.11.2013;16;6,452;-2;
21.11.2013;17;6,507;-3;
21.11.2013;18;6,338;-3;
21.11.2013;19;6,355;-3;
21.11.2013;20;6,375;-3;
21.11.2013;21;6,372;-4;
21.11.2013;22;6,28;-4;
21.11.2013;23;6,237;-4;
22.11.2013;0;6,296;-5;
22.11.2013;1;6,313;-5;
22.11.2013;2;6,322;-5;
22.11.2013;3;6,35;-5;
22.11.2013;4;6,259;-6;
22.11.2013;5;6,309;-6;
22.11.2013;6;6,372;-6;
22.11.2013;7;6,426;-6;
22.11.2013;8;6,363;-6;
22.11.2013;9;6,347;-6;
22.11.2013;10;6,376;-6;
22.11.2013;11;6,476;-6;
22.11.2013;12;6,482;-6;
22.11.2013;13;6,464;-6;
22.11.2013;14;6,556;-7;
22.11.2013;15;6,482;-7;
22.11.2013;16;6,334;-7;
22.11.2013;17;6,393;-7;
22.11.2013;18;6,27;-8;
22.11.2013;19;6,25;-8;
22.11.2013;20;6,402;-8;
22.11.2013;21;6,501;-8;
22.11.2013;22;6,448;-9;
22.11.2013;23;6,372;-9;
23.11.2013;0;6,422;-9;
23.11.2013;1;6,481;-10;
23.11.2013;2;6,599;-10;
23.11.2013;3;6,636;-10;
23.11.2013;4;6,62;-11;
23.11.2013;5;6,519;-11;
23.11.2013;6;6,61;-11;
23.11.2013;7;6,545;-11;
23.11.2013;8;6,665;-11;
23.11.2013;9;6,683;-10;
23.11.2013;10;6,682;-10;
23.11.2013;11;6,515;-10;
23.11.2013;12;6,641;-10;
23.11.2013;13;6,54;-10;
23.11.2013;14;6,615;-10;
23.11.2013;15;6,607;-10;
23.11.2013;16;6,628;-11;
23.11.2013;17;6,615;-11;
23.11.2013;18;6,507;-11;
23.11.2013;19;6,438;-12;
23.11.2013;20;6,431;-12;
23.11.2013;21;6,527;-12;
23.11.2013;22;6,422;-13;
23.11.2013;23;6,393;-13;
24.11.2013;0;6,443;-12;
24.11.2013;1;6,411;-12;
24.11.2013;2;6,342;-12;
24.11.2013;3;6,485;-11;
24.11.2013;4;6,535;-11;
24.11.2013;5;6,506;-11;
24.11.2013;6;6,511;-10;
24.11.2013;7;6,498;-10;
24.11.2013;8;6,456;-10;
24.11.2013;9;6,422;-10;
24.11.2013;10;6,195;-9;
24.11.2013;11;6,086;-9;
24.11.2013;12;6,07;-9;
24.11.2013;13;5,955;-8;
24.11.2013;14;6,066;-8;
24.11.2013;15;6,174;-8;
24.11.2013;16;6,205;-8;
24.11.2013;17;6,388;-7;
24.11.2013;18;6,271;-6;
24.11.2013;19;6,393;-6;
24.11.2013;20;6,405;-5;
24.11.2013;21;6,518;-5;
24.11.2013;22;6,427;-5;
24.11.2013;23;6,519;-4;
25.11.2013;0;6,661;-5;
25.11.2013;1;6,616;-4;
25.11.2013;2;6,641;-4;
25.11.2013;3;6,518;-4;
25.11.2013;4;6,671;-4;
25.11.2013;5;6,615;-4;
25.11.2013;6;6,716;-4;
25.11.2013;7;6,741;-4;
25.11.2013;8;6,633;-3;
25.11.2013;9;6,774;-3;
25.11.2013;10;6,645;-2;
25.11.2013;11;6,699;-2;
25.11.2013;12;6,604;-1;
25.11.2013;13;6,514;-1;
25.11.2013;14;6,578;-1;
25.11.2013;15;6,779;-1;
25.11.2013;16;6,683;-2;
25.11.2013;17;6,758;-2;
25.11.2013;18;6,699;-2;
25.11.2013;19;6,573;-2;
25.11.2013;20;6,611;-2;
25.11.2013;21;6,7;-2;
25.11.2013;22;6,725;-2;
25.11.2013;23;6,636;-3;
26.11.2013;0;6,632;-3;
26.11.2013;1;6,494;-3;
26.11.2013;2;6,7;-3;
26.11.2013;3;6,72;-3;
26.11.2013;4;6,691;-3;
26.11.2013;5;6,645;-3;
26.11.2013;6;6,346;-3;
26.11.2013;7;6,402;-4;
26.11.2013;8;6,413;-4;
26.11.2013;9;6,489;-3;
26.11.2013;10;6,52;-3;
26.11.2013;11;6,61;-2;
26.11.2013;12;6,558;-2;
26.11.2013;13;6,631;-1;
26.11.2013;14;6,548;-1;
26.11.2013;15;6,759;-2;
26.11.2013;16;6,586;-2;
26.11.2013;17;6,679;-2;
26.11.2013;18;6,723;-2;
26.11.2013;19;6,646;-2;
26.11.2013;20;6,599;-1;
26.11.2013;21;6,774;-1;
26.11.2013;22;6,569;-1;
26.11.2013;23;6,624;0;
27.11.2013;0;6,578;0;
27.11.2013;1;6,552;0;
27.11.2013;2;6,758;0;
27.11.2013;3;6,704;0;
27.11.2013;4;6,746;-1;
27.11.2013;5;6,661;-1;
27.11.2013;6;6,632;-1;
27.11.2013;7;6,708;-1;
27.11.2013;8;6,511;-1;
27.11.2013;9;6,594;-1;
27.11.2013;10;6,582;-1;
27.11.2013;11;6,674;0;
27.11.2013;12;6,565;0;
27.11.2013;13;6,418;0;
27.11.2013;14;6,607;1;
27.11.2013;15;6,657;0;
27.11.2013;16;6,691;-1;
27.11.2013;17;6,633;-1;
27.11.2013;18;6,649;-1;
27.11.2013;19;6,619;-1;
27.11.2013;20;6,59;-1;
27.11.2013;21;6,604;-1;
27.11.2013;22;6,631;-2;
27.11.2013;23;6,603;-2;
28.11.2013;0;6,595;-1;
28.11.2013;1;6,54;-1;
28.11.2013;2;6,53;-1;
28.11.2013;3;6,528;-1;
28.11.2013;4;6,443;-1;
28.11.2013;5;6,544;-1;
28.11.2013;6;6,536;-1;
28.11.2013;7;6,586;-1;
28.11.2013;8;6,468;-2;
28.11.2013;9;6,594;-2;
28.11.2013;10;6,583;-2;
28.11.2013;11;6,539;-2;
28.11.2013;12;6,561;-3;
28.11.2013;13;6,468;-3;
28.11.2013;14;6,541;-3;
28.11.2013;15;6,526;-4;
28.11.2013;16;6,607;-4;
28.11.2013;17;6,599;-5;
28.11.2013;18;6,624;-5;
28.11.2013;19;6,527;-6;
28.11.2013;20;6,674;-6;
28.11.2013;21;6,75;-7;
28.11.2013;22;6,704;-7;
28.11.2013;23;6,577;-8;
29.11.2013;0;6,595;-7;
29.11.2013;1;6,565;-8;
29.11.2013;2;6,586;-8;
29.11.2013;3;6,594;-8;
29.11.2013;4;6,582;-8;
29.11.2013;5;6,783;-9;
29.11.2013;6;6,759;-9;
29.11.2013;7;6,817;-9;
29.11.2013;8;6,712;-8;
29.11.2013;9;6,656;-8;
29.11.2013;10;6,729;-7;
29.11.2013;11;6,733;-7;
29.11.2013;12;6,662;-6;
29.11.2013;13;6,725;-6;
29.11.2013;14;6,721;-6;
29.11.2013;15;6,657;-7;
29.11.2013;16;6,615;-7;
29.11.2013;17;6,548;-8;
29.11.2013;18;6,59;-8;
29.11.2013;19;6,549;-8;
29.11.2013;20;6,661;-9;
29.11.2013;21;6,519;-9;
29.11.2013;22;6,527;-9;
29.11.2013;23;6,565;-10;
30.11.2013;0;6,528;-11;
30.11.2013;1;6,43;-11;
30.11.2013;2;6,598;-11;
30.11.2013;3;6,621;-10;
30.11.2013;4;6,417;-10;
30.11.2013;5;6,531;-10;
30.11.2013;6;6,591;-9;
30.11.2013;7;6,522;-9;
30.11.2013;8;6,465;-8;
30.11.2013;9;6,523;-7;
30.11.2013;10;6,569;-6;
30.11.2013;11;6,418;-6;
30.11.2013;12;6,431;-5;
30.11.2013;13;6,552;-4;
30.11.2013;14;6,59;-3;
30.11.2013;15;6,595;-3;
30.11.2013;16;6,666;-2;
30.11.2013;17;6,619;-2;
30.11.2013;18;6,464;-2;
30.11.2013;19;6,506;-1;
30.11.2013;20;6,532;-1;
30.11.2013;21;6,569;-1;
30.11.2013;22;6,628;-2;
30.11.2013;23;6,506;-2;
01.12.2013;0;6,511;-1;
01.12.2013;1;6,506;-1;
01.12.2013;2;6,485;-2;
01.12.2013;3;6,553;-2;
01.12.2013;4;6,434;-3;
01.12.2013;5;6,502;-4;
01.12.2013;6;6,477;-5;
01.12.2013;7;6,46;-6;
01.12.2013;8;6,544;-7;
01.12.2013;9;6,615;-7;
01.12.2013;10;6,624;-7;
01.12.2013;11;6,661;-7;
01.12.2013;12;6,612;-6;
01.12.2013;13;6,578;-6;
01.12.2013;14;6,665;-6;
01.12.2013;15;6,532;-6;
01.12.2013;16;6,628;-7;
01.12.2013;17;6,64;-7;
01.12.2013;18;6,658;-8;
01.12.2013;19;6,665;-8;
01.12.2013;20;6,721;-8;
01.12.2013;21;6,767;-8;
01.12.2013;22;6,695;-8;
01.12.2013;23;6,695;-7;
02.12.2013;0;6,821;-7;
02.12.2013;1;6,754;-7;
02.12.2013;2;6,733;-6;
02.12.2013;3;6,577;-6;
02.12.2013;4;6,628;-6;
02.12.2013;5;6,625;-6;
02.12.2013;6;6,812;-6;
02.12.2013;7;6,666;-6;
02.12.2013;8;6,725;-6;
02.12.2013;9;6,695;-6;
02.12.2013;10;6,716;-5;
02.12.2013;11;6,637;-5;
02.12.2013;12;6,733;-5;
02.12.2013;13;6,712;-5;
02.12.2013;14;6,745;-5;
02.12.2013;15;6,616;-5;
02.12.2013;16;6,602;-6;
02.12.2013;17;6,582;-6;
02.12.2013;18;6,724;-7;
02.12.2013;19;6,671;-7;
02.12.2013;20;6,644;-8;
02.12.2013;21;6,666;-9;
02.12.2013;22;6,553;-9;
02.12.2013;23;6,619;-10;
03.12.2013;0;6,523;-10;
03.12.2013;1;6,528;-11;
03.12.2013;2;6,657;-11;
03.12.2013;3;6,732;-11;
03.12.2013;4;6,67;-11;
03.12.2013;5;6,659;-11;
03.12.2013;6;6,69;-11;
03.12.2013;7;6,708;-12;
03.12.2013;8;6,624;-12;
03.12.2013;9;6,561;-11;
03.12.2013;10;6,527;-10;
03.12.2013;11;6,615;-9;
03.12.2013;12;6,549;-8;
03.12.2013;13;6,547;-8;
03.12.2013;14;6,511;-8;
03.12.2013;15;6,556;-9;
03.12.2013;16;6,629;-9;
03.12.2013;17;6,644;-9;
03.12.2013;18;6,737;-9;
03.12.2013;19;6,742;-9;
03.12.2013;20;6,792;-8;
03.12.2013;21;6,728;-8;
03.12.2013;22;6,775;-8;
03.12.2013;23;6,683;-8;
04.12.2013;0;6,704;-7;
04.12.2013;1;6,687;-7;
04.12.2013;2;6,753;-7;
04.12.2013;3;6,721;-6;
04.12.2013;4;6,649;-6;
04.12.2013;5;6,666;-5;
04.12.2013;6;6,535;-4;
04.12.2013;7;6,679;-4;
04.12.2013;8;6,665;-3;
04.12.2013;9;6,654;-3;
04.12.2013;10;6,666;-2;
04.12.2013;11;6,682;-3;
04.12.2013;12;6,632;-3;
04.12.2013;13;6,527;-4;
04.12.2013;14;6,582;-4;
04.12.2013;15;6,461;-5;
04.12.2013;16;6,493;-6;
04.12.2013;17;6,544;-7;
04.12.2013;18;6,637;-7;
04.12.2013;19;6,56;-8;
04.12.2013;20;6,645;-8;
04.12.2013;21;6,565;-8;
04.12.2013;22;6,549;-9;
04.12.2013;23;6,665;-9;
05.12.2013;0;6,649;-9;
05.12.2013;1;6,624;-9;
05.12.2013;2;6,598;-9;
05.12.2013;3;6,578;-9;
05.12.2013;4;6,582;-9;
05.12.2013;5;6,392;-9;
05.12.2013;6;6,565;-10;
05.12.2013;7;6,503;-10;
05.12.2013;8;6,527;-10;
05.12.2013;9;6,552;-10;
05.12.2013;10;6,636;-10;
05.12.2013;11;6,549;-9;
05.12.2013;12;6,556;-9;
05.12.2013;13;6,721;-9;
05.12.2013;14;6,691;-9;
05.12.2013;15;6,657;-9;
05.12.2013;16;6,62;-9;
05.12.2013;17;6,645;-9;
05.12.2013;18;6,472;-9;
05.12.2013;19;6,586;-9;
05.12.2013;20;6,498;-9;
05.12.2013;21;6,262;-9;
05.12.2013;22;6,217;-10;
05.12.2013;23;6,343;-10;
06.12.2013;0;6,405;-12;
06.12.2013;1;6,599;-12;
06.12.2013;2;6,678;-13;
06.12.2013;3;6,624;-13;
06.12.2013;4;6,674;-14;
06.12.2013;5;6,641;-14;
06.12.2013;6;6,67;-15;
06.12.2013;7;6,614;-16;
06.12.2013;8;6,478;-16;
06.12.2013;9;6,477;-16;
06.12.2013;10;6,489;-15;
06.12.2013;11;6,469;-14;
06.12.2013;12;6,552;-14;
06.12.2013;13;6,577;-14;
06.12.2013;14;6,611;-15;
06.12.2013;15;6,675;-15;
06.12.2013;16;6,711;-15;
06.12.2013;17;6,616;-16;
06.12.2013;18;6,578;-17;
06.12.2013;19;6,602;-17;
06.12.2013;20;6,704;-18;
06.12.2013;21;6,779;-18;
06.12.2013;22;6,679;-19;
06.12.2013;23;6,77;-19;
07.12.2013;0;6,825;-17;
07.12.2013;1;6,784;-17;
07.12.2013;2;6,897;-18;
07.12.2013;3;6,796;-18;
07.12.2013;4;6,754;-18;
07.12.2013;5;6,838;-19;
07.12.2013;6;6,896;-19;
07.12.2013;7;6,851;-19;
07.12.2013;8;6,83;-19;
07.12.2013;9;6,758;-18;
07.12.2013;10;6,755;-18;
07.12.2013;11;6,602;-17;
07.12.2013;12;6,67;-17;
07.12.2013;13;6,683;-17;
07.12.2013;14;6,615;-17;
07.12.2013;15;6,611;-17;
07.12.2013;16;6,658;-18;
07.12.2013;17;6,724;-19;
07.12.2013;18;6,78;-19;
07.12.2013;19;6,699;-20;
07.12.2013;20;6,695;-20;
07.12.2013;21;6,602;-21;
07.12.2013;22;6,528;-21;
07.12.2013;23;6,544;-22;
08.12.2013;0;6,552;-24;
08.12.2013;1;6,59;-24;
08.12.2013;2;6,683;-24;
08.12.2013;3;6,724;-25;
08.12.2013;4;6,621;-25;
08.12.2013;5;6,729;-25;
08.12.2013;6;6,808;-25;
08.12.2013;7;6,699;-25;
08.12.2013;8;6,615;-25;
08.12.2013;9;6,574;-25;
08.12.2013;10;6,762;-24;
08.12.2013;11;6,889;-23;
08.12.2013;12;6,897;-23;
08.12.2013;13;6,644;-22;
08.12.2013;14;6,578;-23;
08.12.2013;15;6,54;-23;
08.12.2013;16;6,233;-24;
08.12.2013;17;6,187;-24;
08.12.2013;18;6,237;-25;
08.12.2013;19;6,532;-25;
08.12.2013;20;6,808;-25;
08.12.2013;21;6,755;-26;
08.12.2013;22;6,648;-26;
08.12.2013;23;6,578;-26;
09.12.2013;0;6,468;-26;
09.12.2013;1;6,431;-26;
09.12.2013;2;6,557;-26;
09.12.2013;3;6,523;-26;
09.12.2013;4;6,409;-26;
09.12.2013;5;6,343;-26;
09.12.2013;6;6,313;-26;
09.12.2013;7;6,212;-26;
09.12.2013;8;6,077;-26;
09.12.2013;9;6,167;-25;
09.12.2013;10;6,22;-24;
09.12.2013;11;6,213;-23;
09.12.2013;12;6,191;-22;
09.12.2013;13;6,313;-21;
09.12.2013;14;6,271;-22;
09.12.2013;15;6,489;-22;
09.12.2013;16;6,469;-22;
09.12.2013;17;6,59;-22;
09.12.2013;18;6,459;-22;
09.12.2013;19;6,351;-22;
09.12.2013;20;6,217;-22;
09.12.2013;21;6,112;-21;
09.12.2013;22;5,955;-21;
09.12.2013;23;5,923;-21;
10.12.2013;0;5,884;-21;
10.12.2013;1;5,738;-21;
10.12.2013;2;5,75;-21;
10.12.2013;3;5,83;-21;
10.12.2013;4;5,83;-22;
10.12.2013;5;6,01;-22;
10.12.2013;6;5,97;-22;
10.12.2013;7;5,837;-23;
10.12.2013;8;5,877;-23;
10.12.2013;9;5,822;-23;
10.12.2013;10;5,708;-22;
10.12.2013;11;5,654;-21;
10.12.2013;12;5,649;-20;
10.12.2013;13;5,582;-19;
10.12.2013;14;5,691;-20;
10.12.2013;15;5,7;-21;
10.12.2013;16;5,767;-21;
10.12.2013;17;5,838;-22;
10.12.2013;18;5,726;-22;
10.12.2013;19;5,586;-22;
10.12.2013;20;5,662;-22;
10.12.2013;21;5,515;-23;
10.12.2013;22;5,51;-23;
10.12.2013;23;5,541;-23;
11.12.2013;0;5,465;-24;
11.12.2013;1;5,498;-24;
11.12.2013;2;5,468;-24;
11.12.2013;3;5,415;-24;
11.12.2013;4;5,544;-24;
11.12.2013;5;5,611;-24;
11.12.2013;6;5,579;-24;
11.12.2013;7;5,67;-24;
11.12.2013;8;5,729;-24;
11.12.2013;9;5,654;-23;
11.12.2013;10;5,582;-22;
11.12.2013;11;5,436;-21;
11.12.2013;12;5,187;-20;
11.12.2013;13;5,086;-20;
11.12.2013;14;4,679;-20;
11.12.2013;15;4,772;-21;
11.12.2013;16;4,843;-21;
11.12.2013;17;4,759;-22;
11.12.2013;18;4,684;-22;
11.12.2013;19;4,657;-22;
11.12.2013;20;4,625;-22;
11.12.2013;21;4,541;-22;
11.12.2013;22;4,477;-22;
11.12.2013;23;4,483;-22;
12.12.2013;0;4,469;-16;
12.12.2013;1;4,448;-16;
12.12.2013;2;4,481;-16;
12.12.2013;3;4,566;-15;
12.12.2013;4;4,587;-15;
12.12.2013;5;4,541;-15;
12.12.2013;6;4,569;-15;
12.12.2013;7;4,629;-15;
12.12.2013;8;4,843;-15;
12.12.2013;9;4,764;-15;
12.12.2013;10;4,792;-15;
12.12.2013;11;4,801;-15;
12.12.2013;12;4,759;-15;
12.12.2013;13;4,658;-16;
12.12.2013;14;4,557;-16;
12.12.2013;15;4,542;-16;
12.12.2013;16;4,565;-17;
12.12.2013;17;4,625;-17;
12.12.2013;18;4,654;-17;
12.12.2013;19;4,789;-16;
12.12.2013;20;4,825;-16;
12.12.2013;21;4,763;-16;
12.12.2013;22;4,722;-16;
12.12.2013;23;4,717;-16;
13.12.2013;0;4,675;-16;
13.12.2013;1;4,641;-16;
13.12.2013;2;4,683;-16;
13.12.2013;3;4,718;-16;
13.12.2013;4;4,658;-17;
13.12.2013;5;4,73;-17;
13.12.2013;6;4,713;-17;
13.12.2013;7;4,691;-17;
13.12.2013;8;4,482;-16;
13.12.2013;9;4,419;-16;
13.12.2013;10;4,338;-15;
13.12.2013;11;4,331;-15;
13.12.2013;12;4,314;-15;
13.12.2013;13;4,423;-15;
13.12.2013;14;4,365;-15;
13.12.2013;15;4,363;-16;
13.12.2013;16;4,306;-16;
13.12.2013;17;4,36;-16;
13.12.2013;18;4,385;-16;
13.12.2013;19;4,406;-16;
13.12.2013;20;4,28;-15;
13.12.2013;21;4,255;-15;
13.12.2013;22;4,268;-15;
13.12.2013;23;4,368;-15;
14.12.2013;0;4,364;-14;
14.12.2013;1;4,339;-14;
14.12.2013;2;4,302;-14;
14.12.2013;3;4,343;-14;
14.12.2013;4;4,226;-14;
14.12.2013;5;4,259;-13;
14.12.2013;6;4,351;-13;
14.12.2013;7;4,424;-13;
14.12.2013;8;4,511;-12;
14.12.2013;9;4,578;-12;
14.12.2013;10;4,65;-11;
14.12.2013;11;4,641;-11;
14.12.2013;12;4,583;-11;
14.12.2013;13;4,502;-11;
14.12.2013;14;4,436;-11;
14.12.2013;15;4,65;-11;
14.12.2013;16;4,78;-11;
14.12.2013;17;4,843;-11;
14.12.2013;18;4,856;-11;
14.12.2013;19;5,074;-11;
14.12.2013;20;5,137;-11;
14.12.2013;21;5,107;-11;
14.12.2013;22;5,12;-11;
14.12.2013;23;5,104;-11;
15.12.2013;0;5,083;-12;
15.12.2013;1;5,136;-12;
15.12.2013;2;5,158;-12;
15.12.2013;3;5,141;-13;
15.12.2013;4;5,04;-13;
15.12.2013;5;5,084;-14;
15.12.2013;6;5,077;-14;
15.12.2013;7;5,146;-14;
15.12.2013;8;5,162;-13;
15.12.2013;9;5,12;-12;
15.12.2013;10;5,121;-12;
15.12.2013;11;5,153;-11;
15.12.2013;12;5,121;-11;
15.12.2013;13;5,031;-10;
15.12.2013;14;5,108;-10;
15.12.2013;15;5,128;-11;
15.12.2013;16;5,049;-11;
15.12.2013;17;5,049;-10;
15.12.2013;18;4,936;-10;
15.12.2013;19;5,048;-10;
15.12.2013;20;5,066;-9;
15.12.2013;21;5,128;-9;
15.12.2013;22;5,255;-9;
15.12.2013;23;5,229;-9;
;;;;
;;;;
;;;;
;;;;
;;;;
;;;;
;;;;
;;;;
;;;;
;;;;
;;;;
;;;;
;;;;
;;;;
;;;;
;;;;
;;;;
;;;;
;;;;
;;;;
;;;;
;;;;
;;;;
;;;;
;;;;
;;;;
;;;;
;;;;
;;;;
;;;;
;;;;
;;;;
;;;;
;;;;
;;;;
;;;;
;;;;
;;;;
;;;;
;;;;
;;;;
;;;;
;;;;
;;;;
;;;;
;;;;
;;;;
;;;;
;;;;
;;;;
;;;;
;;;;
;;;;
;;;;
;;;;
;;;;
;;;;
;;;;
;;;;
;;;;
;;;;
;;;;
;;;;
;;;;
;;;;
;;;;
;;;;
;;;;
;;;;
;;;;
;;;;
;;;;
;;;;
;;;;
;;;;
;;;;
;;;;
;;;;
;;;;
;;;;
;;;;
;;;;
;;;;
;;;;
;;;;
;;;;
;;;;
;;;;
;;;;
;;;;
;;;;
;;;;
;;;;
;;;;
;;;;
;;;;
;;;;
;;;;
;;;;
;;;;
;;;;
;;;;
;;;;
;;;;
;;;;
;;;;
;;;;
;;;;
;;;;
;;;;
;;;;
;;;;
;;;;
;;;;
;;;;
;;;;
;;;;
;;;;
;;;;
;;;;
;;;;
;;;;
;;;;
;;;;
;;;;
;;;;
;;;;
;;;;
;;;;
;;;;
;;;;
;;;;
;;;;
;;;;
;;;;
;;;;
;;;;
;;;;
;;;;
;;;;
;;;;
;;;;
;;;;
;;;;
;;;;
;;;;
;;;;
;;;;
;;;;
;;;;
;;;;
;;;;
;;;;
;;;;
;;;;
;;;;
;;;;
;;;;
;;;;
;;;;
;;;;
;;;;
;;;;
;;;;
;;;;
;;;;
;;;;
;;;;
;;;;
;;;;
;;;;
;;;;
;;;;
;;;;
;;;;
;;;;
;;;;
;;;;
;;;;
;;;;
;;;;
;;;;
;;;;
;;;;
;;;;
;;;;
;;;;
;;;;
;;;;
;;;;
;;;;
;;;;
;;;;
;;;;
;;;;
;;;;
;;;;
;;;;
;;;;
;;;;
;;;;
;;;;
;;;;
;;;;
;;;;
;;;;
;;;;
;;;;
;;;;
;;;;
;;;;
;;;;
;;;;
;;;;
;;;;
;;;;
;;;;
;;;;
;;;;
;;;;
;;;;
;;;;
;;;;
;;;;
;;;;
;;;;
;;;;
;;;;
;;;;
;;;;
;;;;
;;;;
;;;;
;;;;
;;;;
;;;;
;;;;
;;;;
;;;;
;;;;
;;;;
;;;;
;;;;
;;;;
;;;;
;;;;
;;;;
;;;;
;;;;
;;;;
;;;;
;;;;
;;;;
;;;;
;;;;
;;;;
;;;;
;;;;
;;;;
;;;;
;;;;
;;;;
;;;;
;;;;
;;;;
;;;;
;;;;
;;;;
;;;;
;;;;
;;;;
;;;;
;;;;
;;;;
;;;;
;;;;
;;;;
;;;;
;;;;
;;;;
;;;;
;;;;
;;;;
;;;;
;;;;
;;;;
;;;;
;;;;
;;;;
;;;;
;;;;
;;;;
;;;;
;;;;
;;;;
;;;;
;;;;
;;;;
;;;;
;;;;
;;;;
;;;;
;;;;
;;;;
;;;;
;;;;
;;;;
;;;;
;;;;
;;;;
;;;;
;;;;
;;;;
;;;;
;;;;
;;;;
;;;;
;;;;
;;;;
;;;;
;;;;
;;;;
;;;;
;;;;
;;;;
;;;;
;;;;
;;;;
;;;;
;;;;
;;;;
;;;;
;;;;
;;;;
;;;;
;;;;
;;;;
;;;;
;;;;
;;;;
;;;;
;;;;
;;;;
;;;;
;;;;
;;;;
;;;;
;;;;
;;;;
;;;;
;;;;
;;;;
;;;;
;;;;
;;;;
;;;;
;;;;
;;;;
;;;;
;;;;
;;;;
;;;;
;;;;
;;;;
;;;;
;;;;
;;;;
;;;;
;;;;
;;;;
;;;;
;;;;
;;;;
;;;;
;;;;
;;;;
;;;;
;;;;
;;;;
;;;;
;;;;
;;;;
;;;;
;;;;
;;;;
;;;;
;;;;
;;;;
;;;;
;;;;
;;;;
;;;;
;;;;
;;;;
;;;;
;;;;
;;;;
;;;;
;;;;
;;;;
;;;;
;;;;
;;;;
;;;;
;;;;
;;;;
;;;;
;;;;
;;;;
;;;;
;;;;
;;;;
;;;;
;;;;
;;;;
;;;;
;;;;
;;;;
;;;;
;;;;
;;;;
;;;;
;;;;
;;;;
;;;;
;;;;
;;;;
;;;;
;;;;
;;;;
;;;;
;;;;
;;;;
;;;;
;;;;
;;;;
;;;;
;;;;
;;;;
;;;;
;;;;
;;;;
;;;;
;;;;
;;;;
;;;;
;;;;
;;;;
;;;;
;;;;
;;;;
;;;;
;;;;
;;;;
;;;;
;;;;
;;;;
;;;;
;;;;
;;;;
;;;;
;;;;
;;;;
;;;;
;;;;
;;;;
;;;;
;;;;
;;;;
;;;;
;;;;
;;;;
;;;;
;;;;
;;;;
;;;;
;;;;
;;;;
;;;;
;;;;
;;;;
;;;;
;;;;
;;;;
;;;;
;;;;
;;;;
;;;;
;;;;
;;;;
;;;;
;;;;
;;;;
;;;;
;;;;
;;;;
;;;;
;;;;
;;;;
;;;;
;;;;
;;;;
;;;;
;;;;
;;;;
;;;;
;;;;
;;;;
;;;;
;;;;
;;;;
;;;;
;;;;
;;;;
;;;;
;;;;
;;;;
;;;;
;;;;
;;;;
;;;;
;;;;
;;;;
;;;;
;;;;
;;;;
;;;;
;;;;
;;;;
;;;;
;;;;
;;;;
;;;;
;;;;
;;;;
;;;;
;;;;
;;;;
;;;;
;;;;
;;;;
;;;;
;;;;
;;;;
;;;;
;;;;
;;;;
;;;;
;;;;
;;;;
;;;;
;;;;
;;;;
;;;;
;;;;
;;;;
;;;;
;;;;
;;;;
;;;;
;;;;
;;;;
;;;;
;;;;
;;;;
;;;;
;;;;
;;;;
;;;;
;;;;
;;;;
;;;;
;;;;
;;;;
;;;;
;;;;
;;;;
;;;;
;;;;
;;;;
;;;;
;;;;
;;;;
;;;;
;;;;
;;;;
;;;;
;;;;
;;;;
;;;;
;;;;
;;;;
;;;;
;;;;
;;;;
;;;;
;;;;
;;;;
;;;;
;;;;
;;;;
;;;;
;;;;
;;;;
;;;;
;;;;
;;;;
;;;;
;;;;
;;;;
;;;;
;;;;
;;;;
;;;;
;;;;
;;;;
;;;;
;;;;
;;;;
;;;;
;;;;
;;;;
;;;;
;;;;
;;;;
;;;;
;;;;
;;;;
;;;;
;;;;
;;;;
;;;;
;;;;
;;;;
;;;;
;;;;
;;;;
;;;;
;;;;
;;;;
;;;;
;;;;
;;;;
;;;;
;;;;
;;;;
;;;;
;;;;
;;;;
;;;;
;;;;
;;;;
;;;;
;;;;
;;;;
;;;;
;;;;
;;;;
;;;;
;;;;
;;;;
;;;;
;;;;
;;;;
;;;;
;;;;
;;;;
;;;;
;;;;
;;;;
;;;;
;;;;
;;;;
;;;;
;;;;
;;;;
;;;;
;;;;
;;;;
;;;;
;;;;
;;;;
;;;;
;;;;
;;;;
;;;;
;;;;
;;;;
;;;;
;;;;
;;;;
;;;;
;;;;
;;;;
;;;;
;;;;
;;;;
;;;;
;;;;
;;;;
;;;;
;;;;
;;;;
;;;;
;;;;
;;;;
;;;;
;;;;
;;;;
;;;;
;;;;
;;;;
;;;;
;;;;
;;;;
;;;;
;;;;
;;;;
;;;;
;;;;
;;;;
;;;;
;;;;
;;;;
;;;;
;;;;
;;;;
;;;;
;;;;
;;;;
;;;;
;;;;
;;;;
;;;;
;;;;
;;;;
;;;;
;;;;
;;;;
;;;;
;;;;
;;;;
;;;;
;;;;
;;;;
;;;;
;;;;
;;;;
;;;;
;;;;
;;;;
;;;;
;;;;
;;;;
;;;;
;;;;
;;;;
;;;;
;;;;
;;;;
;;;;
;;;;
;;;;
;;;;
;;;;
;;;;
;;;;
;;;;
;;;;
;;;;
;;;;
;;;;
;;;;
;;;;
;;;;
;;;;
;;;;
;;;;
;;;;
;;;;
;;;;
;;;;
;;;;
;;;;
;;;;
;;;;
;;;;
;;;;
;;;;
;;;;
;;;;
;;;;
;;;;
;;;;
;;;;
;;;;
;;;;
;;;;
;;;;
;;;;
;;;;
;;;;
;;;;
;;;;
;;;;
;;;;
;;;;
;;;;
;;;;
;;;;
;;;;
;;;;
;;;;
;;;;
;;;;
;;;;
;;;;
;;;;
;;;;
;;;;
;;;;
;;;;
;;;;
;;;;
;;;;
;;;;
;;;;
;;;;
;;;;
;;;;
;;;;
;;;;
;;;;
;;;;
;;;;
;;;;
;;;;
;;;;
;;;;
;;;;
;;;;
;;;;
;;;;
;;;;
;;;;
;;;;
;;;;
;;;;
;;;;
;;;;
;;;;
;;;;
;;;;
;;;;
;;;;
;;;;
;;;;
;;;;
;;;;
;;;;
;;;;
;;;;
;;;;
;;;;
;;;;
;;;;
;;;;
;;;;
;;;;
;;;;
;;;;
;;;;
;;;;
;;;;
;;;;
;;;;
;;;;
;;;;
;;;;
;;;;
;;;;
;;;;
;;;;
;;;;
;;;;
;;;;
;;;;
;;;;
;;;;
;;;;
;;;;
;;;;
;;;;
;;;;
;;;;
;;;;
;;;;
;;;;
;;;;
;;;;
;;;;
;;;;
;;;;
;;;;
;;;;
;;;;
;;;;
;;;;
;;;;
;;;;
;;;;
;;;;
;;;;
;;;;
;;;;
;;;;
;;;;
;;;;
;;;;
;;;;
;;;;
;;;;
;;;;
;;;;
;;;;
;;;;
;;;;
;;;;
;;;;
;;;;
;;;;
;;;;
;;;;
;;;;
;;;;
;;;;
;;;;
;;;;
;;;;
;;;;
;;;;
;;;;
;;;;
;;;;
;;;;
;;;;
;;;;
;;;;
;;;;
;;;;
;;;;
;;;;
;;;;
;;;;
;;;;
;;;;
;;;;
;;;;
;;;;
;;;;
;;;;
;;;;
;;;;
;;;;
;;;;
;;;;
;;;;
;;;;
;;;;
;;;;
;;;;
;;;;
;;;;
;;;;
;;;;
;;;;
;;;;
;;;;
;;;;
;;;;
;;;;
;;;;
;;;;
;;;;
;;;;
;;;;
;;;;
;;;;
;;;;
;;;;
;;;;
;;;;
;;;;
;;;;
;;;;
;;;;
;;;;
;;;;
;;;;
;;;;
;;;;
;;;;
;;;;
;;;;
;;;;
;;;;
;;;;
;;;;
;;;;
;;;;
;;;;
;;;;
;;;;
;;;;
;;;;
;;;;
;;;;
;;;;
;;;;
;;;;
;;;;
;;;;
;;;;
;;;;
;;;;
;;;;
;;;;
;;;;
;;;;
;;;;
;;;;
;;;;
;;;;
;;;;
;;;;
;;;;
;;;;
;;;;
;;;;
;;;;
;;;;
;;;;
;;;;
;;;;
;;;;
;;;;
;;;;
;;;;
;;;;
;;;;
;;;;
;;;;
;;;;
;;;;
;;;;
;;;;
;;;;
;;;;
;;;;
;;;;
;;;;
;;;;
;;;;
;;;;
;;;;
;;;;
;;;;
;;;;
;;;;
;;;;
;;;;
;;;;
;;;;
;;;;
;;;;
;;;;
;;;;
;;;;
;;;;
;;;;
;;;;
;;;;
;;;;
;;;;
;;;;
;;;;
;;;;
;;;;
;;;;
;;;;
;;;;
;;;;
;;;;
;;;;
;;;;
;;;;
;;;;
;;;;
;;;;
;;;;
;;;;
;;;;
;;;;
;;;;
;;;;
;;;;
;;;;
;;;;
;;;;
;;;;
;;;;
;;;;
;;;;
;;;;
;;;;
;;;;
;;;;
;;;;
;;;;
;;;;
;;;;
;;;;
;;;;
;;;;
;;;;
;;;;
;;;;
;;;;
;;;;
;;;;
;;;;
;;;;
;;;;
;;;;
;;;;
;;;;
;;;;
;;;;
;;;;
;;;;
;;;;
;;;;
;;;;
;;;;
;;;;
;;;;
;;;;
;;;;
;;;;
;;;;
;;;;
;;;;
;;;;
;;;;
;;;;
;;;;
;;;;
;;;;
;;;;
;;;;
;;;;
;;;;
;;;;
;;;;
;;;;
;;;;
;;;;
;;;;
;;;;
;;;;
;;;;
;;;;
;;;;
;;;;
;;;;
;;;;
;;;;
;;;;
;;;;
;;;;
;;;;
;;;;
;;;;
;;;;
;;;;
;;;;
;;;;
;;;;
;;;;
;;;;
;;;;
;;;;
;;;;
;;;;
;;;;
;;;;
;;;;
;;;;
;;;;
;;;;
;;;;
;;;;
;;;;
;;;;
;;;;
;;;;
;;;;
;;;;
;;;;
;;;;
;;;;
;;;;
;;;;
;;;;
;;;;
;;;;
;;;;
;;;;
;;;;
;;;;
;;;;
;;;;
;;;;
;;;;
;;;;
;;;;
;;;;
;;;;
;;;;
;;;;
;;;;
;;;;
;;;;
;;;;
;;;;
;;;;
;;;;
;;;;
;;;;
;;;;
;;;;
;;;;
;;;;
;;;;
;;;;
;;;;
;;;;
;;;;
;;;;
;;;;
;;;;
;;;;
;;;;
;;;;
;;;;
;;;;
;;;;
;;;;
;;;;
;;;;
;;;;
;;;;
;;;;
;;;;
;;;;
;;;;
;;;;
;;;;
;;;;
;;;;
;;;;
;;;;
;;;;
;;;;
;;;;
;;;;
;;;;
;;;;
;;;;
;;;;
;;;;
;;;;
;;;;
;;;;
;;;;
;;;;
;;;;
;;;;
;;;;
;;;;
;;;;
;;;;
;;;;
;;;;
;;;;
;;;;
;;;;
;;;;
;;;;
;;;;
;;;;
;;;;
;;;;
;;;;
;;;;
;;;;
;;;;
;;;;
;;;;
;;;;
;;;;
;;;;
;;;;
;;;;
;;;;
;;;;
;;;;
;;;;
;;;;
;;;;
;;;;
;;;;
;;;;
;;;;
;;;;
;;;;
;;;;
;;;;
;;;;
;;;;
;;;;
;;;;
;;;;
;;;;
;;;;
;;;;
;;;;
;;;;
;;;;
;;;;
;;;;
;;;;
;;;;
;;;;
;;;;
;;;;
;;;;
;;;;
;;;;
;;;;
;;;;
;;;;
;;;;
;;;;
;;;;
;;;;
;;;;
;;;;
;;;;
;;;;
;;;;
;;;;
;;;;
;;;;
;;;;
;;;;
;;;;
;;;;
;;;;
;;;;
;;;;
;;;;
;;;;
;;;;
;;;;
;;;;
;;;;
;;;;
;;;;
;;;;
;;;;
;;;;
;;;;
;;;;
;;;;
;;;;
;;;;
;;;;
;;;;
;;;;
;;;;
;;;;
;;;;
;;;;
;;;;
;;;;
;;;;
;;;;
;;;;
;;;;
;;;;
;;;;
;;;;
;;;;
;;;;
;;;;
;;;;
;;;;
;;;;
;;;;
;;;;
;;;;
;;;;
;;;;
;;;;
;;;;
;;;;
;;;;
;;;;
;;;;
;;;;
;;;;
;;;;
;;;;
;;;;
;;;;
;;;;
;;;;
;;;;
;;;;
;;;;
;;;;
;;;;
;;;;
;;;;
;;;;
;;;;
;;;;
;;;;
;;;;
;;;;
;;;;
;;;;
;;;;
;;;;
;;;;
;;;;
;;;;
;;;;
;;;;
;;;;
;;;;
;;;;
;;;;
;;;;
;;;;
;;;;
;;;;
;;;;
;;;;
;;;;
;;;;
;;;;
;;;;
;;;;
;;;;
;;;;
;;;;
;;;;
;;;;
;;;;
;;;;
;;;;
;;;;
;;;;
;;;;
;;;;
;;;;
;;;;
;;;;
;;;;
;;;;
;;;;
;;;;
;;;;
;;;;
;;;;
;;;;
;;;;
;;;;
;;;;
;;;;
;;;;
;;;;
;;;;
;;;;
;;;;
;;;;
;;;;
;;;;
;;;;
;;;;
;;;;
;;;;
;;;;
;;;;
;;;;
;;;;
;;;;
;;;;
;;;;
;;;;
;;;;
;;;;
;;;;
;;;;
;;;;
;;;;
;;;;
;;;;
;;;;
;;;;
;;;;
;;;;
;;;;
;;;;
;;;;
;;;;
;;;;
;;;;
;;;;
;;;;
;;;;
;;;;
;;;;
;;;;
;;;;
;;;;
;;;;
;;;;
;;;;
;;;;
;;;;
;;;;
;;;;
;;;;
;;;;
;;;;
;;;;
;;;;
;;;;
;;;;
;;;;
;;;;
;;;;
;;;;
;;;;
;;;;
;;;;
;;;;
;;;;
;;;;
;;;;
;;;;
;;;;
;;;;
;;;;
;;;;
;;;;
;;;;
;;;;
;;;;
;;;;
;;;;
;;;;
;;;;
;;;;
;;;;
;;;;
;;;;
;;;;
;;;;
;;;;
;;;;
;;;;
;;;;
;;;;
;;;;
;;;;
;;;;
;;;;
;;;;
;;;;
;;;;
;;;;
;;;;
;;;;
;;;;
;;;;
;;;;
;;;;
;;;;
;;;;
;;;;
;;;;
;;;;
;;;;
;;;;
;;;;
;;;;
;;;;
;;;;
;;;;
;;;;
;;;;
;;;;
;;;;
;;;;
;;;;
;;;;
;;;;
;;;;
;;;;
;;;;
;;;;
;;;;
;;;;
;;;;
;;;;
;;;;
;;;;
;;;;
;;;;
;;;;
;;;;
;;;;
;;;;
;;;;
;;;;
;;;;
;;;;
;;;;
;;;;
;;;;
;;;;
;;;;
;;;;
;;;;
;;;;
;;;;
;;;;
;;;;
;;;;
;;;;
;;;;
;;;;
;;;;
;;;;
;;;;
;;;;
;;;;
;;;;
;;;;
;;;;
;;;;
;;;;
;;;;
;;;;
;;;;
;;;;
;;;;
;;;;
;;;;
;;;;
;;;;
;;;;
;;;;
;;;;
;;;;
;;;;
;;;;
;;;;
;;;;
;;;;
;;;;
;;;;
;;;;
;;;;
;;;;
;;;;
;;;;
;;;;
;;;;
;;;;
;;;;
;;;;
;;;;
;;;;
;;;;
;;;;
;;;;
;;;;
;;;;
;;;;
;;;;
;;;;
;;;;
;;;;
;;;;
;;;;
;;;;
;;;;
;;;;
;;;;
;;;;
;;;;
;;;;
;;;;
;;;;
;;;;
;;;;
;;;;
;;;;
;;;;
;;;;
;;;;
;;;;
;;;;
;;;;
;;;;
;;;;
;;;;
;;;;
;;;;
;;;;
;;;;
;;;;
;;;;
;;;;
;;;;
;;;;
;;;;
;;;;
;;;;
;;;;
;;;;
;;;;
;;;;
;;;;
;;;;
;;;;
;;;;
;;;;
;;;;
;;;;
;;;;
;;;;
;;;;
;;;;
;;;;
;;;;
;;;;
;;;;
;;;;
;;;;
;;;;
;;;;
;;;;
;;;;
;;;;
;;;;
;;;;
;;;;
;;;;
;;;;
;;;;
;;;;
;;;;
;;;;
;;;;
;;;;
;;;;
;;;;
;;;;
;;;;
;;;;
;;;;
;;;;
;;;;
;;;;
;;;;
;;;;
;;;;
;;;;
;;;;
;;;;
;;;;
;;;;
;;;;
;;;;
;;;;
;;;;
;;;;
;;;;
;;;;
;;;;
;;;;
;;;;
;;;;
;;;;
;;;;
;;;;
;;;;
;;;;
;;;;
;;;;
;;;;
;;;;
;;;;
;;;;
;;;;
;;;;
;;;;
;;;;
;;;;
;;;;
;;;;
;;;;
;;;;
;;;;
;;;;
;;;;
;;;;
;;;;
;;;;
;;;;
;;;;
;;;;
;;;;
;;;;
;;;;
;;;;
;;;;
;;;;
;;;;
;;;;
;;;;
;;;;
;;;;
;;;;
;;;;
;;;;
;;;;
;;;;
;;;;
;;;;
;;;;
;;;;
;;;;
;;;;
;;;;
;;;;
;;;;
;;;;
;;;;
;;;;
;;;;
;;;;
;;;;
;;;;
;;;;
;;;;
;;;;
;;;;
;;;;
;;;;
;;;;
;;;;
;;;;
;;;;
;;;;
;;;;
;;;;
;;;;
;;;;
;;;;
;;;;
;;;;
;;;;
;;;;
;;;;
;;;;
;;;;
;;;;
;;;;
;;;;
;;;;
;;;;
;;;;
;;;;
;;;;
;;;;
;;;;
;;;;
;;;;
;;;;
;;;;
;;;;
;;;;
;;;;
;;;;
;;;;
;;;;
;;;;
;;;;
;;;;
;;;;
;;;;
;;;;
;;;;
;;;;
;;;;
;;;;
;;;;
;;;;
;;;;
;;;;
;;;;
;;;;
;;;;
;;;;
;;;;
;;;;
;;;;
;;;;
;;;;
;;;;
;;;;
;;;;
;;;;
;;;;
;;;;
;;;;
;;;;
;;;;
;;;;
;;;;
;;;;
;;;;
;;;;
;;;;
;;;;
;;;;
;;;;
;;;;
;;;;
;;;;
;;;;
;;;;
;;;;
;;;;
;;;;
;;;;
;;;;
;;;;
;;;;
;;;;
;;;;
;;;;
;;;;
;;;;
;;;;
;;;;
;;;;
;;;;
;;;;
;;;;
;;;;
;;;;
;;;;
;;;;
;;;;
;;;;
;;;;
;;;;
;;;;
;;;;
;;;;
;;;;
;;;;
;;;;
;;;;
;;;;
;;;;
;;;;
;;;;
;;;;
;;;;
;;;;
;;;;
;;;;
;;;;
;;;;
;;;;
;;;;
;;;;
;;;;
;;;;
;;;;
;;;;
;;;;
;;;;
;;;;
;;;;
;;;;
;;;;
;;;;
;;;;
;;;;
;;;;
;;;;
;;;;
;;;;
;;;;
;;;;
;;;;
;;;;
;;;;
;;;;
;;;;
;;;;
;;;;
;;;;
;;;;
;;;;
;;;;
;;;;
;;;;
;;;;
;;;;
;;;;
;;;;
;;;;
;;;;
;;;;
;;;;
;;;;
;;;;
;;;;
;;;;
;;;;
;;;;
;;;;
;;;;
;;;;
;;;;
;;;;
;;;;
;;;;
;;;;
;;;;
;;;;
;;;;
;;;;
;;;;
;;;;
;;;;
;;;;
;;;;
;;;;
;;;;
;;;;
;;;;
;;;;
;;;;
;;;;
;;;;
;;;;
;;;;
;;;;
;;;;
;;;;
;;;;
;;;;
;;;;
;;;;
;;;;
;;;;
;;;;
;;;;
;;;;
;;;;
;;;;
;;;;
;;;;
;;;;
;;;;
;;;;
;;;;
;;;;
;;;;
;;;;
;;;;
;;;;
;;;;
;;;;
;;;;
;;;;
;;;;
;;;;
;;;;
;;;;
;;;;
;;;;
;;;;
;;;;
;;;;
;;;;
;;;;
;;;;
;;;;
;;;;
;;;;
;;;;
;;;;
;;;;
;;;;
;;;;
;;;;
;;;;
;;;;
;;;;
;;;;
;;;;
;;;;
;;;;
;;;;
;;;;
;;;;
;;;;
;;;;
;;;;
;;;;
;;;;
;;;;
;;;;
;;;;
;;;;
;;;;
;;;;
;;;;
;;;;
;;;;
;;;;
;;;;
;;;;
;;;;
;;;;
;;;;
;;;;
;;;;
;;;;
;;;;
;;;;
;;;;
;;;;
;;;;
;;;;
;;;;
;;;;
;;;;
;;;;
;;;;
;;;;
;;;;
;;;;
;;;;
;;;;
;;;;
;;;;
;;;;
;;;;
;;;;
;;;;
;;;;
;;;;
;;;;
;;;;
;;;;
;;;;
;;;;
;;;;
;;;;
;;;;
;;;;
;;;;
;;;;
;;;;
;;;;
;;;;
;;;;
;;;;
;;;;
;;;;
;;;;
;;;;
;;;;
;;;;
;;;;
;;;;
;;;;
;;;;
;;;;
;;;;
;;;;
;;;;
;;;;
;;;;
;;;;
;;;;
;;;;
;;;;
;;;;
;;;;
;;;;
;;;;
;;;;
;;;;
;;;;
;;;;
;;;;
;;;;
;;;;
;;;;
;;;;
;;;;
;;;;
;;;;
;;;;
;;;;
;;;;
;;;;
;;;;
;;;;
;;;;
;;;;
;;;;
;;;;
;;;;
;;;;
;;;;
;;;;
;;;;
;;;;
;;;;
;;;;
;;;;
;;;;
;;;;
;;;;
;;;;
;;;;
;;;;
;;;;
;;;;
;;;;
;;;;
;;;;
;;;;
;;;;
;;;;
;;;;
;;;;
;;;;
;;;;
;;;;
;;;;
;;;;
;;;;
;;;;
;;;;
;;;;
;;;;
;;;;
;;;;
;;;;
;;;;
;;;;
;;;;
;;;;
;;;;
;;;;
;;;;
;;;;
;;;;
;;;;
;;;;
;;;;
;;;;
;;;;
;;;;
;;;;
;;;;
;;;;
;;;;
;;;;
;;;;
;;;;
;;;;
;;;;
;;;;
;;;;
;;;;
;;;;
;;;;
;;;;
;;;;
;;;;
;;;;
;;;;
;;;;
;;;;
;;;;
;;;;
;;;;
;;;;
;;;;
;;;;
;;;;
;;;;
;;;;
;;;;
;;;;
;;;;
;;;;
;;;;
;;;;
;;;;
;;;;
;;;;
;;;;
;;;;
;;;;
;;;;
;;;;
;;;;
;;;;
;;;;
;;;;
;;;;
;;;;
;;;;
;;;;
;;;;
;;;;
;;;;
;;;;
;;;;
;;;;
;;;;
;;;;
;;;;
;;;;
;;;;
;;;;
;;;;
;;;;
;;;;
;;;;
;;;;
;;;;
;;;;
;;;;
;;;;
;;;;
;;;;
;;;;
;;;;
;;;;
;;;;
;;;;
;;;;
;;;;
;;;;
;;;;
;;;;
;;;;
;;;;
;;;;
;;;;
;;;;
;;;;
;;;;
;;;;
;;;;
;;;;
;;;;
;;;;
;;;;
;;;;
;;;;
;;;;
;;;;
;;;;
;;;;
;;;;
;;;;
;;;;
;;;;
;;;;
;;;;
;;;;
;;;;
;;;;
;;;;
;;;;
;;;;
;;;;
;;;;
;;;;
;;;;
;;;;
;;;;
;;;;
;;;;
;;;;
;;;;
;;;;
;;;;
;;;;
;;;;
;;;;
;;;;
;;;;
;;;;
;;;;
;;;;
;;;;
;;;;
;;;;
;;;;
;;;;
;;;;
;;;;
;;;;
;;;;
;;;;
;;;;
;;;;
;;;;
;;;;
;;;;
;;;;
;;;;
;;;;
;;;;
;;;;
;;;;
;;;;
;;;;
;;;;
;;;;
;;;;
;;;;
;;;;
;;;;
;;;;
;;;;
;;;;
;;;;
;;;;
;;;;
;;;;
;;;;
;;;;
;;;;
;;;;
;;;;
;;;;
;;;;
;;;;
;;;;
;;;;
;;;;
;;;;
;;;;
;;;;
;;;;
;;;;
;;;;
;;;;
;;;;
;;;;
;;;;
;;;;
;;;;
;;;;
;;;;
;;;;
;;;;
;;;;
;;;;
;;;;
;;;;
;;;;
;;;;
;;;;
;;;;
;;;;
;;;;
;;;;
;;;;
;;;;
;;;;
;;;;
;;;;
;;;;
;;;;
;;;;
;;;;
;;;;
;;;;
;;;;
;;;;
;;;;
;;;;
;;;;
;;;;
;;;;
;;;;
;;;;
;;;;
;;;;
;;;;
;;;;
;;;;
;;;;
;;;;
;;;;
;;;;
;;;;
;;;;
;;;;
;;;;
;;;;
;;;;
;;;;
;;;;
;;;;
;;;;
;;;;
;;;;
;;;;
;;;;
;;;;
;;;;
;;;;
;;;;
;;;;
;;;;
;;;;
;;;;
;;;;
;;;;
;;;;
;;;;
;;;;
;;;;
;;;;
;;;;
;;;;
;;;;
;;;;
;;;;
;;;;
;;;;
;;;;
;;;;
;;;;
;;;;
;;;;
;;;;
;;;;
;;;;
;;;;
;;;;
;;;;
;;;;
;;;;
;;;;
;;;;
;;;;
;;;;
;;;;
;;;;
;;;;
;;;;
;;;;
;;;;
;;;;
;;;;
;;;;
;;;;
;;;;
;;;;
;;;;
;;;;
;;;;
;;;;
;;;;
;;;;
;;;;
;;;;
;;;;
;;;;
;;;;
;;;;
;;;;
;;;;
;;;;
;;;;
;;;;
;;;;
;;;;
;;;;
;;;;
;;;;
;;;;
;;;;
;;;;
;;;;
;;;;
;;;;
;;;;
;;;;
;;;;
;;;;
;;;;
;;;;
;;;;
;;;;
;;;;
;;;;
;;;;
;;;;
;;;;
;;;;
;;;;
;;;;
;;;;
;;;;
;;;;
;;;;
;;;;
;;;;
;;;;
;;;;
;;;;
;;;;
;;;;
;;;;
;;;;
;;;;
;;;;
;;;;
;;;;
;;;;
;;;;
;;;;
;;;;
;;;;
;;;;
;;;;
;;;;
;;;;
;;;;
;;;;
;;;;
;;;;
;;;;
;;;;
;;;;
;;;;
;;;;
;;;;
;;;;
;;;;
;;;;
;;;;
;;;;
;;;;
;;;;
;;;;
;;;;
;;;;
;;;;
;;;;
;;;;
;;;;
;;;;
;;;;
;;;;
;;;;
;;;;
;;;;
;;;;
;;;;
;;;;
;;;;
;;;;
;;;;
;;;;
;;;;
;;;;
;;;;
;;;;
;;;;
;;;;
;;;;
;;;;
;;;;
;;;;
;;;;
;;;;
;;;;
;;;;
;;;;
;;;;
;;;;
;;;;
;;;;
;;;;
;;;;
;;;;
;;;;
;;;;
;;;;
;;;;
;;;;
;;;;
;;;;
;;;;
;;;;
;;;;
;;;;
;;;;
;;;;
;;;;
;;;;
;;;;
;;;;
;;;;
;;;;
;;;;
;;;;
;;;;
;;;;
;;;;
;;;;
;;;;
;;;;
;;;;
;;;;
;;;;
;;;;
;;;;
;;;;
;;;;
;;;;
;;;;
;;;;
;;;;
;;;;
;;;;
;;;;
;;;;
;;;;
;;;;
;;;;
;;;;
;;;;
;;;;
;;;;
;;;;
;;;;
;;;;
;;;;
;;;;
;;;;
;;;;
;;;;
;;;;
;;;;
;;;;
;;;;
;;;;
;;;;
;;;;
;;;;
;;;;
;;;;
;;;;
;;;;
;;;;
;;;;
;;;;
;;;;
;;;;
;;;;
;;;;
;;;;
;;;;
;;;;
;;;;
;;;;
;;;;
;;;;
;;;;
;;;;
;;;;
;;;;
;;;;
;;;;
;;;;
;;;;
;;;;
;;;;
;;;;
;;;;
;;;;
;;;;
;;;;
;;;;
;;;;
;;;;
;;;;
;;;;
;;;;
;;;;
;;;;
;;;;
;;;;
;;;;
;;;;
;;;;
;;;;
;;;;
;;;;
;;;;
;;;;
;;;;
;;;;
;;;;
;;;;
;;;;
;;;;
;;;;
;;;;
;;;;
;;;;
;;;;
;;;;
;;;;
;;;;
;;;;
;;;;
;;;;
;;;;
;;;;
;;;;
;;;;
;;;;
;;;;
;;;;
;;;;
;;;;
;;;;
;;;;
;;;;
;;;;
;;;;
;;;;
;;;;
;;;;
;;;;
;;;;
;;;;
;;;;
;;;;
;;;;
;;;;
;;;;
;;;;
;;;;
;;;;
;;;;
;;;;
;;;;
;;;;
;;;;
;;;;
;;;;
;;;;
;;;;
;;;;
;;;;
;;;;
;;;;
;;;;
;;;;
;;;;
;;;;
;;;;
;;;;
;;;;
;;;;
;;;;
;;;;
;;;;
;;;;
;;;;
;;;;
;;;;
;;;;
;;;;
;;;;
;;;;
;;;;
;;;;
;;;;
;;;;
;;;;
;;;;
;;;;
;;;;
;;;;
;;;;
;;;;
;;;;
;;;;
;;;;
;;;;
;;;;
;;;;
;;;;
;;;;
;;;;
;;;;
;;;;
;;;;
;;;;
;;;;
;;;;
;;;;
;;;;
;;;;
;;;;
;;;;
;;;;
;;;;
;;;;
;;;;
;;;;
;;;;
;;;;
;;;;
;;;;
;;;;
;;;;
;;;;
;;;;
;;;;
;;;;
;;;;
;;;;
;;;;
;;;;
;;;;
;;;;
;;;;
;;;;
;;;;
;;;;
;;;;
;;;;
;;;;
;;;;
;;;;
;;;;
;;;;
;;;;
;;;;
;;;;
;;;;
;;;;
;;;;
;;;;
;;;;
;;;;
;;;;
;;;;
;;;;
;;;;
;;;;
;;;;
;;;;
;;;;
;;;;
;;;;
;;;;
;;;;
;;;;
;;;;
;;;;
;;;;
;;;;
;;;;
;;;;
;;;;
;;;;
;;;;
;;;;
;;;;
;;;;
;;;;
;;;;
;;;;
;;;;
;;;;
;;;;
;;;;
;;;;
;;;;
;;;;
;;;;
;;;;
;;;;
;;;;
;;;;
;;;;
;;;;
;;;;
;;;;
;;;;
;;;;
;;;;
;;;;
;;;;
;;;;
;;;;
;;;;
;;;;
;;;;
;;;;
;;;;
;;;;
;;;;
;;;;
;;;;
;;;;
;;;;
;;;;
;;;;
;;;;
;;;;
;;;;
;;;;
;;;;
;;;;
;;;;
;;;;
;;;;
;;;;
;;;;
;;;;
;;;;
;;;;
;;;;
;;;;
;;;;
;;;;
;;;;
;;;;
;;;;
;;;;
;;;;
;;;;
;;;;
;;;;
;;;;
;;;;
;;;;
;;;;
;;;;
;;;;
;;;;
;;;;
;;;;
;;;;
;;;;
;;;;
;;;;
;;;;
;;;;
;;;;
;;;;
;;;;
;;;;
;;;;
;;;;
;;;;
;;;;
;;;;
;;;;
;;;;
;;;;
;;;;
;;;;
;;;;
;;;;
;;;;
;;;;
;;;;
;;;;
;;;;
;;;;
;;;;
;;;;
;;;;
;;;;
;;;;
;;;;
;;;;
;;;;
;;;;
;;;;
;;;;
;;;;
;;;;
;;;;
;;;;
;;;;
;;;;
;;;;
;;;;
;;;;
;;;;
;;;;
;;;;
;;;;
;;;;
;;;;
;;;;
;;;;
;;;;
;;;;
;;;;
;;;;
;;;;
;;;;
;;;;
;;;;
;;;;
;;;;
;;;;
;;;;
;;;;
;;;;
;;;;
;;;;
;;;;
;;;;
;;;;
;;;;
;;;;
;;;;
;;;;
;;;;
;;;;
;;;;
;;;;
;;;;
;;;;
;;;;
;;;;
;;;;
;;;;
;;;;
;;;;
;;;;
;;;;
;;;;
;;;;
;;;;
;;;;
;;;;
;;;;
;;;;
;;;;
;;;;
;;;;
;;;;
;;;;
;;;;
;;;;
;;;;
;;;;
;;;;
;;;;
;;;;
;;;;
;;;;
;;;;
;;;;
;;;;
;;;;
;;;;
;;;;
;;;;
;;;;
;;;;
;;;;
;;;;
;;;;
;;;;
;;;;
;;;;
;;;;
;;;;
;;;;
;;;;
;;;;
;;;;
;;;;
;;;;
;;;;
;;;;
;;;;
;;;;
;;;;
;;;;
;;;;
;;;;
;;;;
;;;;
;;;;
;;;;
;;;;
;;;;
;;;;
;;;;
;;;;
;;;;
;;;;
;;;;
;;;;
;;;;
;;;;
;;;;
;;;;
;;;;
;;;;
;;;;
;;;;
;;;;
;;;;
;;;;
;;;;
;;;;
;;;;
;;;;
;;;;
;;;;
;;;;
;;;;
;;;;
;;;;
;;;;
;;;;
;;;;
;;;;
;;;;
;;;;
;;;;
;;;;
;;;;
;;;;
;;;;
;;;;
;;;;
;;;;
;;;;
;;;;
;;;;
;;;;
;;;;
;;;;
;;;;
;;;;
;;;;
;;;;
;;;;
;;;;
;;;;
;;;;
;;;;
;;;;
;;;;
;;;;
;;;;
;;;;
;;;;
;;;;
;;;;
;;;;
;;;;
;;;;
;;;;
;;;;
;;;;
;;;;
;;;;
;;;;
;;;;
;;;;
;;;;
;;;;
;;;;
;;;;
;;;;
;;;;
;;;;
;;;;
;;;;
;;;;
;;;;
;;;;
;;;;
;;;;
;;;;
;;;;
;;;;
;;;;
;;;;
;;;;
;;;;
;;;;
;;;;
;;;;
;;;;
;;;;
;;;;
;;;;
;;;;
;;;;
;;;;
;;;;
;;;;
;;;;
;;;;
;;;;
;;;;
;;;;
;;;;
;;;;
;;;;
;;;;
;;;;
;;;;
;;;;
;;;;
;;;;
;;;;
;;;;
;;;;
;;;;
;;;;
;;;;
;;;;
;;;;
;;;;
;;;;
;;;;
;;;;
;;;;
;;;;
;;;;
;;;;
;;;;
;;;;
;;;;
;;;;
;;;;
;;;;
;;;;
;;;;
;;;;
;;;;
;;;;
;;;;
;;;;
;;;;
;;;;
;;;;
;;;;
;;;;
;;;;
;;;;
;;;;
;;;;
;;;;
;;;;
;;;;
;;;;
;;;;
;;;;
;;;;
;;;;
;;;;
;;;;
;;;;
;;;;
;;;;
;;;;
;;;;
;;;;
;;;;
;;;;
;;;;
;;;;
;;;;
;;;;
;;;;
;;;;
;;;;
;;;;
;;;;
;;;;
;;;;
;;;;
;;;;
;;;;
;;;;
;;;;
;;;;
;;;;
;;;;
;;;;
;;;;
;;;;
;;;;
;;;;
;;;;
;;;;
;;;;
;;;;
;;;;
;;;;
;;;;
;;;;
;;;;
;;;;
;;;;
;;;;
;;;;
;;;;
;;;;
;;;;
;;;;
;;;;
;;;;
;;;;
;;;;
;;;;
;;;;
;;;;
;;;;
;;;;
;;;;
;;;;
;;;;
;;;;
;;;;
;;;;
;;;;
;;;;
;;;;
;;;;
;;;;
;;;;
;;;;
;;;;
;;;;
;;;;
;;;;
;;;;
;;;;
;;;;
;;;;
;;;;
;;;;
;;;;
;;;;
;;;;
;;;;
;;;;
;;;;
;;;;
;;;;
;;;;
;;;;
;;;;
;;;;
;;;;
;;;;
;;;;
;;;;
;;;;
;;;;
;;;;
;;;;
;;;;
;;;;
;;;;
;;;;
;;;;
;;;;
;;;;
;;;;
;;;;
;;;;
;;;;
;;;;
;;;;
;;;;
;;;;
;;;;
;;;;
;;;;
;;;;
;;;;
;;;;
;;;;
;;;;
;;;;
;;;;
;;;;
;;;;
;;;;
;;;;
;;;;
;;;;
;;;;
;;;;
;;;;
;;;;
;;;;
;;;;
;;;;
;;;;
;;;;
;;;;
;;;;
;;;;
;;;;
;;;;
;;;;
;;;;
;;;;
;;;;
;;;;
;;;;
;;;;
;;;;
;;;;
;;;;
;;;;
;;;;
;;;;
;;;;
;;;;
;;;;
;;;;
;;;;
;;;;
;;;;
;;;;
;;;;
;;;;
;;;;
;;;;
;;;;
;;;;
;;;;
;;;;
;;;;
;;;;
;;;;
;;;;
;;;;
;;;;
;;;;
;;;;
;;;;
;;;;
;;;;
;;;;
;;;;
;;;;
;;;;
;;;;
;;;;
;;;;
;;;;
;;;;
;;;;
;;;;
;;;;
;;;;
;;;;
;;;;
;;;;
;;;;
;;;;
;;;;
;;;;
;;;;
;;;;
;;;;
;;;;
;;;;
;;;;
;;;;
;;;;
;;;;
;;;;
;;;;
;;;;
;;;;
;;;;
;;;;
;;;;
;;;;
;;;;
;;;;
;;;;
;;;;
;;;;
;;;;
;;;;
;;;;
;;;;
;;;;
;;;;
;;;;
;;;;
;;;;
;;;;
;;;;
;;;;
;;;;
;;;;
;;;;
;;;;
;;;;
;;;;
;;;;
;;;;
;;;;
;;;;
;;;;
;;;;
;;;;
;;;;
;;;;
;;;;
;;;;
;;;;
;;;;
;;;;
;;;;
;;;;
;;;;
;;;;
;;;;
;;;;
;;;;
;;;;
;;;;
;;;;
;;;;
;;;;
;;;;
;;;;
;;;;
;;;;
;;;;
;;;;
;;;;
;;;;
;;;;
;;;;
;;;;
;;;;
;;;;
;;;;
;;;;
;;;;
;;;;
;;;;
;;;;
;;;;
;;;;
;;;;
;;;;
;;;;
;;;;
;;;;
;;;;
;;;;
;;;;
;;;;
;;;;
;;;;
;;;;
;;;;
;;;;
;;;;
;;;;
;;;;
;;;;
;;;;
;;;;
;;;;
;;;;
;;;;
;;;;
;;;;
;;;;
;;;;
;;;;
;;;;
;;;;
;;;;
;;;;
;;;;
;;;;
;;;;
;;;;
;;;;
;;;;
;;;;
;;;;
;;;;
;;;;
;;;;
;;;;
;;;;
;;;;
;;;;
;;;;
;;;;
;;;;
;;;;
;;;;
;;;;
;;;;
;;;;
;;;;
;;;;
;;;;
;;;;
;;;;
;;;;
;;;;
;;;;
;;;;
;;;;
;;;;
;;;;
;;;;
;;;;
;;;;
;;;;
;;;;
;;;;
;;;;
;;;;
;;;;
;;;;
;;;;
;;;;
;;;;
;;;;
;;;;
;;;;
;;;;
;;;;
;;;;
;;;;
;;;;
;;;;
;;;;
;;;;
;;;;
;;;;
;;;;
;;;;
;;;;
;;;;
;;;;
;;;;
;;;;
;;;;
;;;;
;;;;
;;;;
;;;;
;;;;
;;;;
;;;;
;;;;
;;;;
;;;;
;;;;
;;;;
;;;;
;;;;
;;;;
;;;;
;;;;
;;;;
;;;;
;;;;
;;;;
;;;;
;;;;
;;;;
;;;;
;;;;
;;;;
;;;;
;;;;
;;;;
;;;;
;;;;
;;;;
;;;;
;;;;
;;;;
;;;;
;;;;
;;;;
;;;;
;;;;
;;;;
;;;;
;;;;
;;;;
;;;;
;;;;
;;;;
;;;;
;;;;
;;;;
;;;;
;;;;
;;;;
;;;;
;;;;
;;;;
;;;;
;;;;
;;;;
;;;;
;;;;
;;;;
;;;;
;;;;
;;;;
;;;;
;;;;
;;;;
;;;;
;;;;
;;;;
;;;;
;;;;
;;;;
;;;;
;;;;
;;;;
;;;;
;;;;
;;;;
;;;;
;;;;
;;;;
;;;;
;;;;
;;;;
;;;;
;;;;
;;;;
;;;;
;;;;
;;;;
;;;;
;;;;
;;;;
;;;;
;;;;
;;;;
;;;;
;;;;
;;;;
;;;;
;;;;
;;;;
;;;;
;;;;
;;;;
;;;;
;;;;
;;;;
;;;;
;;;;
;;;;
;;;;
;;;;
;;;;
;;;;
;;;;
;;;;
;;;;
;;;;
;;;;
;;;;
;;;;
;;;;
;;;;
;;;;
;;;;
;;;;
;;;;
;;;;
;;;;
;;;;
;;;;
;;;;
;;;;
;;;;
;;;;
;;;;
;;;;
;;;;
;;;;
;;;;
;;;;
;;;;
;;;;
;;;;
;;;;
;;;;
;;;;
;;;;
;;;;
;;;;
;;;;
;;;;
;;;;
;;;;
;;;;
;;;;
;;;;
;;;;
;;;;
;;;;
;;;;
;;;;
;;;;
;;;;
;;;;
;;;;
;;;;
;;;;
;;;;
;;;;
;;;;
;;;;
;;;;
;;;;
;;;;
;;;;
;;;;
;;;;
;;;;
;;;;
;;;;
;;;;
;;;;
;;;;
;;;;
;;;;
;;;;
;;;;
;;;;
;;;;
;;;;
;;;;
;;;;
;;;;
;;;;
;;;;
;;;;
;;;;
;;;;
;;;;
;;;;
;;;;
;;;;
;;;;
;;;;
;;;;
;;;;
;;;;
;;;;
;;;;
;;;;
;;;;
;;;;
;;;;
;;;;
;;;;
;;;;
;;;;
;;;;
;;;;
;;;;
;;;;
;;;;
;;;;
;;;;
;;;;
;;;;
;;;;
;;;;
;;;;
;;;;
;;;;
;;;;
;;;;
;;;;
;;;;
;;;;
;;;;
;;;;
;;;;
;;;;
;;;;
;;;;
;;;;
;;;;
;;;;
;;;;
;;;;
;;;;
;;;;
;;;;
;;;;
;;;;
;;;;
;;;;
;;;;
;;;;
;;;;
;;;;
;;;;
;;;;
;;;;
;;;;
;;;;
;;;;
;;;;
;;;;
;;;;
;;;;
;;;;
;;;;
;;;;
;;;;
;;;;
;;;;
;;;;
;;;;
;;;;
;;;;
;;;;
;;;;
;;;;
;;;;
;;;;
;;;;
;;;;
;;;;
;;;;
;;;;
;;;;
;;;;
;;;;
;;;;
;;;;
;;;;
;;;;
;;;;
;;;;
;;;;
;;;;
;;;;
;;;;
;;;;
;;;;
;;;;
;;;;
;;;;
;;;;
;;;;
;;;;
;;;;
;;;;
;;;;
;;;;
;;;;
;;;;
;;;;
;;;;
;;;;
;;;;
;;;;
;;;;
;;;;
;;;;
;;;;
;;;;
;;;;
;;;;
;;;;
;;;;
;;;;
;;;;
;;;;
;;;;
;;;;
;;;;
;;;;
;;;;
;;;;
;;;;
;;;;
;;;;
;;;;
;;;;
;;;;
;;;;
;;;;
;;;;
;;;;
;;;;
;;;;
;;;;
;;;;
;;;;
;;;;
;;;;
;;;;
;;;;
;;;;
;;;;
;;;;
;;;;
;;;;
;;;;
;;;;
;;;;
;;;;
;;;;
;;;;
;;;;
;;;;
;;;;
;;;;
;;;;
;;;;
;;;;
;;;;
;;;;
;;;;
;;;;
;;;;
;;;;
;;;;
;;;;
;;;;
;;;;
;;;;
;;;;
;;;;
;;;;
;;;;
;;;;
;;;;
;;;;
;;;;
;;;;
;;;;
;;;;
;;;;
;;;;
;;;;
;;;;
;;;;
;;;;
;;;;
;;;;
;;;;
;;;;
;;;;
;;;;
;;;;
;;;;
;;;;
;;;;
;;;;
;;;;
;;;;
;;;;
;;;;
;;;;
;;;;
;;;;
;;;;
;;;;
;;;;
;;;;
;;;;
;;;;
;;;;
;;;;
;;;;
;;;;
;;;;
;;;;
;;;;
;;;;
;;;;
;;;;
;;;;
;;;;
;;;;
;;;;
;;;;
;;;;
;;;;
;;;;
;;;;
;;;;
;;;;
;;;;
;;;;
;;;;
;;;;
;;;;
;;;;
;;;;
;;;;
;;;;
;;;;
;;;;
;;;;
;;;;
;;;;
;;;;
;;;;
;;;;
;;;;
;;;;
;;;;
;;;;
;;;;
;;;;
;;;;
;;;;
;;;;
;;;;
;;;;
;;;;
;;;;
;;;;
;;;;
;;;;
;;;;
;;;;
;;;;
;;;;
;;;;
;;;;
;;;;
;;;;
;;;;
;;;;
;;;;
;;;;
;;;;
;;;;
;;;;
;;;;
;;;;
;;;;
;;;;
;;;;
;;;;
;;;;
;;;;
;;;;
;;;;
;;;;
;;;;
;;;;
;;;;
;;;;
;;;;
;;;;
;;;;
;;;;
;;;;
;;;;
;;;;
;;;;
;;;;
;;;;
;;;;
;;;;
;;;;
;;;;
;;;;
;;;;
;;;;
;;;;
;;;;
;;;;
;;;;
;;;;
;;;;
;;;;
;;;;
;;;;
;;;;
;;;;
;;;;
;;;;
;;;;
;;;;
;;;;
;;;;
;;;;
;;;;
;;;;
;;;;
;;;;
;;;;
;;;;
;;;;
;;;;
;;;;
;;;;
;;;;
;;;;
;;;;
;;;;
;;;;
;;;;
;;;;
;;;;
;;;;
;;;;
;;;;
;;;;
;;;;
;;;;
;;;;
;;;;
;;;;
;;;;
;;;;
;;;;
;;;;
;;;;
;;;;
;;;;
;;;;
;;;;
;;;;
;;;;
;;;;
;;;;
;;;;
;;;;
;;;;
;;;;
;;;;
;;;;
;;;;
;;;;
;;;;
;;;;
;;;;
;;;;
;;;;
;;;;
;;;;
;;;;
;;;;
;;;;
;;;;
;;;;
;;;;
;;;;
;;;;
;;;;
;;;;
;;;;
;;;;
;;;;
;;;;
;;;;
;;;;
;;;;
;;;;
;;;;
;;;;
;;;;
;;;;
;;;;
;;;;
;;;;
;;;;
;;;;
;;;;
;;;;
;;;;
;;;;
;;;;
;;;;
;;;;
;;;;
;;;;
;;;;
;;;;
;;;;
;;;;
;;;;
;;;;
;;;;
;;;;
;;;;
;;;;
;;;;
;;;;
;;;;
;;;;
;;;;
;;;;
;;;;
;;;;
;;;;
;;;;
;;;;
;;;;
;;;;
;;;;
;;;;
;;;;
;;;;
;;;;
;;;;
;;;;
;;;;
;;;;
;;;;
;;;;
;;;;
;;;;
;;;;
;;;;
;;;;
;;;;
;;;;
;;;;
;;;;
;;;;
;;;;
;;;;
;;;;
;;;;
;;;;
;;;;
;;;;
;;;;
;;;;
;;;;
;;;;
;;;;
;;;;
;;;;
;;;;
;;;;
;;;;
;;;;
;;;;
;;;;
;;;;
;;;;
;;;;
;;;;
;;;;
;;;;
;;;;
;;;;
;;;;
;;;;
;;;;
;;;;
;;;;
;;;;
;;;;
;;;;
;;;;
;;;;
;;;;
;;;;
;;;;
;;;;
;;;;
;;;;
;;;;
;;;;
;;;;
;;;;
;;;;
;;;;
;;;;
;;;;
;;;;
;;;;
;;;;
;;;;
;;;;
;;;;
;;;;
;;;;
;;;;
;;;;
;;;;
;;;;
;;;;
;;;;
;;;;
;;;;
;;;;
;;;;
;;;;
;;;;
;;;;
;;;;
;;;;
;;;;
;;;;
;;;;
;;;;
;;;;
;;;;
;;;;
;;;;
;;;;
;;;;
;;;;
;;;;
;;;;
;;;;
;;;;
;;;;
;;;;
;;;;
;;;;
;;;;
;;;;
;;;;
;;;;
;;;;
;;;;
;;;;
;;;;
;;;;
;;;;
;;;;
;;;;
;;;;
;;;;
;;;;
;;;;
;;;;
;;;;
;;;;
;;;;
;;;;
;;;;
;;;;
;;;;
;;;;
;;;;
;;;;
;;;;
;;;;
;;;;
;;;;
;;;;
;;;;
;;;;
;;;;
;;;;
;;;;
;;;;
;;;;
;;;;
;;;;
;;;;
;;;;
;;;;
;;;;
;;;;
;;;;
;;;;
;;;;
;;;;
;;;;
;;;;
;;;;
;;;;
;;;;
;;;;
;;;;
;;;;
;;;;
;;;;
;;;;
;;;;
;;;;
;;;;
;;;;
;;;;
;;;;
;;;;
;;;;
;;;;
;;;;
;;;;
;;;;
;;;;
;;;;
;;;;
;;;;
;;;;
;;;;
;;;;
;;;;
;;;;
;;;;
;;;;
;;;;
;;;;
;;;;
;;;;
;;;;
;;;;
;;;;
;;;;
;;;;
;;;;
;;;;
;;;;
;;;;
;;;;
;;;;
;;;;
;;;;
;;;;
;;;;
;;;;
;;;;
;;;;
;;;;
;;;;
;;;;
;;;;
;;;;
;;;;
;;;;
;;;;
;;;;
;;;;
;;;;
;;;;
;;;;
;;;;
;;;;
;;;;
;;;;
;;;;
;;;;
;;;;
;;;;
;;;;
;;;;
;;;;
;;;;
;;;;
;;;;
;;;;
;;;;
;;;;
;;;;
;;;;
;;;;
;;;;
;;;;
;;;;
;;;;
;;;;
;;;;
;;;;
;;;;
;;;;
;;;;
;;;;
;;;;
;;;;
;;;;
;;;;
;;;;
;;;;
;;;;
;;;;
;;;;
;;;;
;;;;
;;;;
;;;;
;;;;
;;;;
;;;;
;;;;
;;;;
;;;;
;;;;
;;;;
;;;;
;;;;
;;;;
;;;;
;;;;
;;;;
;;;;
;;;;
;;;;
;;;;
;;;;
;;;;
;;;;
;;;;
;;;;
;;;;
;;;;
;;;;
;;;;
;;;;
;;;;
;;;;
;;;;
;;;;
;;;;
;;;;
;;;;
;;;;
;;;;
;;;;
;;;;
;;;;
;;;;
;;;;
;;;;
;;;;
;;;;
;;;;
;;;;
;;;;
;;;;
;;;;
;;;;
;;;;
;;;;
;;;;
;;;;
;;;;
;;;;
;;;;
;;;;
;;;;
;;;;
;;;;
;;;;
;;;;
;;;;
;;;;
;;;;
;;;;
;;;;
;;;;
;;;;
;;;;
;;;;
;;;;
;;;;
;;;;
;;;;
;;;;
;;;;
;;;;
;;;;
;;;;
;;;;
;;;;
;;;;
;;;;
;;;;
;;;;
;;;;
;;;;
;;;;
;;;;
;;;;
;;;;
;;;;
;;;;
;;;;
;;;;
;;;;
;;;;
;;;;
;;;;
;;;;
;;;;
;;;;
;;;;
;;;;
;;;;
;;;;
;;;;
;;;;
;;;;
;;;;
;;;;
;;;;
;;;;
;;;;
;;;;
;;;;
;;;;
;;;;
;;;;
;;;;
;;;;
;;;;
;;;;
;;;;
;;;;
;;;;
;;;;
;;;;
;;;;
;;;;
;;;;
;;;;
;;;;
;;;;
;;;;
;;;;
;;;;
;;;;
;;;;
;;;;
;;;;
;;;;
;;;;
;;;;
;;;;
;;;;
;;;;
;;;;
;;;;
;;;;
;;;;
;;;;
;;;;
;;;;
;;;;
;;;;
;;;;
;;;;
;;;;
;;;;
;;;;
;;;;
;;;;
;;;;
;;;;
;;;;
;;;;
;;;;
;;;;
;;;;
;;;;
;;;;
;;;;
;;;;
;;;;
;;;;
;;;;
;;;;
;;;;
;;;;
;;;;
;;;;
;;;;
;;;;
;;;;
;;;;
;;;;
;;;;
;;;;
;;;;
;;;;
;;;;
;;;;
;;;;
;;;;
;;;;
;;;;
;;;;
;;;;
;;;;
;;;;
;;;;
;;;;
;;;;
;;;;
;;;;
;;;;
;;;;
;;;;
;;;;
;;;;
;;;;
;;;;
;;;;
;;;;
;;;;
;;;;
;;;;
;;;;
;;;;
;;;;
;;;;
;;;;
;;;;
;;;;
;;;;
;;;;
;;;;
;;;;
;;;;
;;;;
;;;;
;;;;
;;;;
;;;;
;;;;
;;;;
;;;;
;;;;
;;;;
;;;;
;;;;
;;;;
;;;;
;;;;
;;;;
;;;;
;;;;
;;;;
;;;;
;;;;
;;;;
;;;;
;;;;
;;;;
;;;;
;;;;
;;;;
;;;;
;;;;
;;;;
;;;;
;;;;
;;;;
;;;;
;;;;
;;;;
;;;;
;;;;
;;;;
;;;;
;;;;
;;;;
;;;;
;;;;
;;;;
;;;;
;;;;
;;;;
;;;;
;;;;
;;;;
;;;;
;;;;
;;;;
;;;;
;;;;
;;;;
;;;;
;;;;
;;;;
;;;;
;;;;
;;;;
;;;;
;;;;
;;;;
;;;;
;;;;
;;;;
;;;;
;;;;
;;;;
;;;;
;;;;
;;;;
;;;;
;;;;
;;;;
;;;;
;;;;
;;;;
;;;;
;;;;
;;;;
;;;;
;;;;
;;;;
;;;;
;;;;
;;;;
;;;;
;;;;
;;;;
;;;;
;;;;
;;;;
;;;;
;;;;
;;;;
;;;;
;;;;
;;;;
;;;;
;;;;
;;;;
;;;;
;;;;
;;;;
;;;;
;;;;
;;;;
;;;;
;;;;
;;;;
;;;;
;;;;
;;;;
;;;;
;;;;
;;;;
;;;;
;;;;
;;;;
;;;;
;;;;
;;;;
;;;;
;;;;
;;;;
;;;;
;;;;
;;;;
;;;;
;;;;
;;;;
;;;;
;;;;
;;;;
;;;;
;;;;
;;;;
;;;;
;;;;
;;;;
;;;;
;;;;
;;;;
;;;;
;;;;
;;;;
;;;;
;;;;
;;;;
;;;;
;;;;
;;;;
;;;;
;;;;
;;;;
;;;;
;;;;
;;;;
;;;;
;;;;
;;;;
;;;;
;;;;
;;;;
;;;;
;;;;
;;;;
;;;;
;;;;
;;;;
;;;;
;;;;
;;;;
;;;;
;;;;
;;;;
;;;;
;;;;
;;;;
;;;;
;;;;
;;;;
;;;;
;;;;
;;;;
;;;;
;;;;
;;;;
;;;;
;;;;
;;;;
;;;;
;;;;
;;;;
;;;;
;;;;
;;;;
;;;;
;;;;
;;;;
;;;;
;;;;
;;;;
;;;;
;;;;
;;;;
;;;;
;;;;
;;;;
;;;;
;;;;
;;;;
;;;;
;;;;
;;;;
;;;;
;;;;
;;;;
;;;;
;;;;
;;;;
;;;;
;;;;
;;;;
;;;;
;;;;
;;;;
;;;;
;;;;
;;;;
;;;;
;;;;
;;;;
;;;;
;;;;
;;;;
;;;;
;;;;
;;;;
;;;;
;;;;
;;;;
;;;;
;;;;
;;;;
;;;;
;;;;
;;;;
;;;;
;;;;
;;;;
;;;;
;;;;
;;;;
;;;;
;;;;
;;;;
;;;;
;;;;
;;;;
;;;;
;;;;
;;;;
;;;;
;;;;
;;;;
;;;;
;;;;
;;;;
;;;;
;;;;
;;;;
;;;;
;;;;
;;;;
;;;;
;;;;
;;;;
;;;;
;;;;
;;;;
;;;;
;;;;
;;;;
;;;;
;;;;
;;;;
;;;;
;;;;
;;;;
;;;;
;;;;
;;;;
;;;;
;;;;
;;;;
;;;;
;;;;
;;;;
;;;;
;;;;
;;;;
;;;;
;;;;
;;;;
;;;;
;;;;
;;;;
;;;;
;;;;
;;;;
;;;;
;;;;
;;;;
;;;;
;;;;
;;;;
;;;;
;;;;
;;;;
;;;;
;;;;
;;;;
;;;;
;;;;
;;;;
;;;;
;;;;
;;;;
;;;;
;;;;
;;;;
;;;;
;;;;
;;;;
;;;;
;;;;
;;;;
;;;;
;;;;
;;;;
;;;;
;;;;
;;;;
;;;;
;;;;
;;;;
;;;;
;;;;
;;;;
;;;;
;;;;
;;;;
;;;;
;;;;
;;;;
;;;;
;;;;
;;;;
;;;;
;;;;
;;;;
;;;;
;;;;
;;;;
;;;;
;;;;
;;;;
;;;;
;;;;
;;;;
;;;;
;;;;
;;;;
;;;;
;;;;
;;;;
;;;;
;;;;
;;;;
;;;;
;;;;
;;;;
;;;;
;;;;
;;;;
;;;;
;;;;
;;;;
;;;;
;;;;
;;;;
;;;;
;;;;
;;;;
;;;;
;;;;
;;;;
;;;;
;;;;
;;;;
;;;;
;;;;
;;;;
;;;;
;;;;
;;;;
;;;;
;;;;
;;;;
;;;;
;;;;
;;;;
;;;;
;;;;
;;;;
;;;;
;;;;
;;;;
;;;;
;;;;
;;;;
;;;;
;;;;
;;;;
;;;;
;;;;
;;;;
;;;;
;;;;
;;;;
;;;;
;;;;
;;;;
;;;;
;;;;
;;;;
;;;;
;;;;
;;;;
;;;;
;;;;
;;;;
;;;;
;;;;
;;;;
;;;;
;;;;
;;;;
;;;;
;;;;
;;;;
;;;;
;;;;
;;;;
;;;;
;;;;
;;;;
;;;;
;;;;
;;;;
;;;;
;;;;
;;;;
;;;;
;;;;
;;;;
;;;;
;;;;
;;;;
;;;;
;;;;
;;;;
;;;;
;;;;
;;;;
;;;;
;;;;
;;;;
;;;;
;;;;
;;;;
;;;;
;;;;
;;;;
;;;;
;;;;
;;;;
;;;;
;;;;
;;;;
;;;;
;;;;
;;;;
;;;;
;;;;
;;;;
;;;;
;;;;
;;;;
;;;;
;;;;
;;;;
;;;;
;;;;
;;;;
;;;;
;;;;
;;;;
;;;;
;;;;
;;;;
;;;;
;;;;
;;;;
;;;;
;;;;
;;;;
;;;;
;;;;
;;;;
;;;;
;;;;
;;;;
;;;;
;;;;
;;;;
;;;;
;;;;
;;;;
;;;;
;;;;
;;;;
;;;;
;;;;
;;;;
;;;;
;;;;
;;;;
;;;;
;;;;
;;;;
;;;;
;;;;
;;;;
;;;;
;;;;
;;;;
;;;;
;;;;
;;;;
;;;;
;;;;
;;;;
;;;;
;;;;
;;;;
;;;;
;;;;
;;;;
;;;;
;;;;
;;;;
;;;;
;;;;
;;;;
;;;;
;;;;
;;;;
;;;;
;;;;
;;;;
;;;;
;;;;
;;;;
;;;;
;;;;
;;;;
;;;;
;;;;
;;;;
;;;;
;;;;
;;;;
;;;;
;;;;
;;;;
;;;;
;;;;
;;;;
;;;;
;;;;
;;;;
;;;;
;;;;
;;;;
;;;;
;;;;
;;;;
;;;;
;;;;
;;;;
;;;;
;;;;
;;;;
;;;;
;;;;
;;;;
;;;;
;;;;
;;;;
;;;;
;;;;
;;;;
;;;;
;;;;
;;;;
;;;;
;;;;
;;;;
;;;;
;;;;
;;;;
;;;;
;;;;
;;;;
;;;;
;;;;
;;;;
;;;;
;;;;
;;;;
;;;;
;;;;
;;;;
;;;;
;;;;
;;;;
;;;;
;;;;
;;;;
;;;;
;;;;
;;;;
;;;;
;;;;
;;;;
;;;;
;;;;
;;;;
;;;;
;;;;
;;;;
;;;;
;;;;
;;;;
;;;;
;;;;
;;;;
;;;;
;;;;
;;;;
;;;;
;;;;
;;;;
;;;;
;;;;
;;;;
;;;;
;;;;
;;;;
;;;;
;;;;
;;;;
;;;;
;;;;
;;;;
;;;;
;;;;
;;;;
;;;;
;;;;
;;;;
;;;;
;;;;
;;;;
;;;;
;;;;
;;;;
;;;;
;;;;
;;;;
;;;;
;;;;
;;;;
;;;;
;;;;
;;;;
;;;;
;;;;
;;;;
;;;;
;;;;
;;;;
;;;;
;;;;
;;;;
;;;;
;;;;
;;;;
;;;;
;;;;
;;;;
;;;;
;;;;
;;;;
;;;;
;;;;
;;;;
;;;;
;;;;
;;;;
;;;;
;;;;
;;;;
;;;;
;;;;
;;;;
;;;;
;;;;
;;;;
;;;;
;;;;
;;;;
;;;;
;;;;
;;;;
;;;;
;;;;
;;;;
;;;;
;;;;
;;;;
;;;;
;;;;
;;;;
;;;;
;;;;
;;;;
;;;;
;;;;
;;;;
;;;;
;;;;
;;;;
;;;;
;;;;
;;;;
;;;;
;;;;
;;;;
;;;;
;;;;
;;;;
;;;;
;;;;
;;;;
;;;;
;;;;
;;;;
;;;;
;;;;
;;;;
;;;;
;;;;
;;;;
;;;;
;;;;
;;;;
;;;;
;;;;
;;;;
;;;;
;;;;
;;;;
;;;;
;;;;
;;;;
;;;;
;;;;
;;;;
;;;;
;;;;
;;;;
;;;;
;;;;
;;;;
;;;;
;;;;
;;;;
;;;;
;;;;
;;;;
;;;;
;;;;
;;;;
;;;;
;;;;
;;;;
;;;;
;;;;
;;;;
;;;;
;;;;
;;;;
;;;;
;;;;
;;;;
;;;;
;;;;
;;;;
;;;;
;;;;
;;;;
;;;;
;;;;
;;;;
;;;;
;;;;
;;;;
;;;;
;;;;
;;;;
;;;;
;;;;
;;;;
;;;;
;;;;
;;;;
;;;;
;;;;
;;;;
;;;;
;;;;
;;;;
;;;;
;;;;
;;;;
;;;;
;;;;
;;;;
;;;;
;;;;
;;;;
;;;;
;;;;
;;;;
;;;;
;;;;
;;;;
;;;;
;;;;
;;;;
;;;;
;;;;
;;;;
;;;;
;;;;
;;;;
;;;;
;;;;
;;;;
;;;;
;;;;
;;;;
;;;;
;;;;
;;;;
;;;;
;;;;
;;;;
;;;;
;;;;
;;;;
;;;;
;;;;
;;;;
;;;;
;;;;
;;;;
;;;;
;;;;
;;;;
;;;;
;;;;
;;;;
;;;;
;;;;
;;;;
;;;;
;;;;
;;;;
;;;;
;;;;
;;;;
;;;;
;;;;
;;;;
;;;;
;;;;
;;;;
;;;;
;;;;
;;;;
;;;;
;;;;
;;;;
;;;;
;;;;
;;;;
;;;;
;;;;
;;;;
;;;;
;;;;
;;;;
;;;;
;;;;
;;;;
;;;;
;;;;
;;;;
;;;;
;;;;
;;;;
;;;;
;;;;
;;;;
;;;;
;;;;
;;;;
;;;;
;;;;
;;;;
;;;;
;;;;
;;;;
;;;;
;;;;
;;;;
;;;;
;;;;
;;;;
;;;;
;;;;
;;;;
;;;;
;;;;
;;;;
;;;;
;;;;
;;;;
;;;;
;;;;
;;;;
;;;;
;;;;
;;;;
;;;;
;;;;
;;;;
;;;;
;;;;
;;;;
;;;;
;;;;
;;;;
;;;;
;;;;
;;;;
;;;;
;;;;
;;;;
;;;;
;;;;
;;;;
;;;;
;;;;
;;;;
;;;;
;;;;
;;;;
;;;;
;;;;
;;;;
;;;;
;;;;
;;;;
;;;;
;;;;
;;;;
;;;;
;;;;
;;;;
;;;;
;;;;
;;;;
;;;;
;;;;
;;;;
;;;;
;;;;
;;;;
;;;;
;;;;
;;;;
;;;;
;;;;
;;;;
;;;;
;;;;
;;;;
;;;;
;;;;
;;;;
;;;;
;;;;
;;;;
;;;;
;;;;
;;;;
;;;;
;;;;
;;;;
;;;;
;;;;
;;;;
;;;;
;;;;
;;;;
;;;;
;;;;
;;;;
;;;;
;;;;
;;;;
;;;;
;;;;
;;;;
;;;;
;;;;
;;;;
;;;;
;;;;
;;;;
;;;;
;;;;
;;;;
;;;;
;;;;
;;;;
;;;;
;;;;
;;;;
;;;;
;;;;
;;;;
;;;;
;;;;
;;;;
;;;;
;;;;
;;;;
;;;;
;;;;
;;;;
;;;;
;;;;
;;;;
;;;;
;;;;
;;;;
;;;;
;;;;
;;;;
;;;;
;;;;
;;;;
;;;;
;;;;
;;;;
;;;;
;;;;
;;;;
;;;;
;;;;
;;;;
;;;;
;;;;
;;;;
;;;;
;;;;
;;;;
;;;;
;;;;
;;;;
;;;;
;;;;
;;;;
;;;;
;;;;
;;;;
;;;;
;;;;
;;;;
;;;;
;;;;
;;;;
;;;;
;;;;
;;;;
;;;;
;;;;
;;;;
;;;;
;;;;
;;;;
;;;;
;;;;
;;;;
;;;;
;;;;
;;;;
;;;;
;;;;
;;;;
;;;;
;;;;
;;;;
;;;;
;;;;
;;;;
;;;;
;;;;
;;;;
;;;;
;;;;
;;;;
;;;;
;;;;
;;;;
;;;;
;;;;
;;;;
;;;;
;;;;
;;;;
;;;;
;;;;
;;;;
;;;;
;;;;
;;;;
;;;;
;;;;
;;;;
;;;;
;;;;
;;;;
;;;;
;;;;
;;;;
;;;;
;;;;
;;;;
;;;;
;;;;
;;;;
;;;;
;;;;
;;;;
;;;;
;;;;
;;;;
;;;;
;;;;
;;;;
;;;;
;;;;
;;;;
;;;;
;;;;
;;;;
;;;;
;;;;
;;;;
;;;;
;;;;
;;;;
;;;;
;;;;
;;;;
;;;;
;;;;
;;;;
;;;;
;;;;
;;;;
;;;;
;;;;
;;;;
;;;;
;;;;
;;;;
;;;;
;;;;
;;;;
;;;;
;;;;
;;;;
;;;;
;;;;
;;;;
;;;;
;;;;
;;;;
;;;;
;;;;
;;;;
;;;;
;;;;
;;;;
;;;;
;;;;
;;;;
;;;;
;;;;
;;;;
;;;;
;;;;
;;;;
;;;;
;;;;
;;;;
;;;;
;;;;
;;;;
;;;;
;;;;
;;;;
;;;;
;;;;
;;;;
;;;;
;;;;
;;;;
;;;;
;;;;
;;;;
;;;;
;;;;
;;;;
;;;;
;;;;
;;;;
;;;;
;;;;
;;;;
;;;;
;;;;
;;;;
;;;;
;;;;
;;;;
;;;;
;;;;
;;;;
;;;;
;;;;
;;;;
;;;;
;;;;
;;;;
;;;;
;;;;
;;;;
;;;;
;;;;
;;;;
;;;;
;;;;
;;;;
;;;;
;;;;
;;;;
;;;;
;;;;
;;;;
;;;;
;;;;
;;;;
;;;;
;;;;
;;;;
;;;;
;;;;
;;;;
;;;;
;;;;
;;;;
;;;;
;;;;
;;;;
;;;;
;;;;
;;;;
;;;;
;;;;
;;;;
;;;;
;;;;
;;;;
;;;;
;;;;
;;;;
;;;;
;;;;
;;;;
;;;;
;;;;
;;;;
;;;;
;;;;
;;;;
;;;;
;;;;
;;;;
;;;;
;;;;
;;;;
;;;;
;;;;
;;;;
;;;;
;;;;
;;;;
;;;;
;;;;
;;;;
;;;;
;;;;
;;;;
;;;;
;;;;
;;;;
;;;;
;;;;
;;;;
;;;;
;;;;
;;;;
;;;;
;;;;
;;;;
;;;;
;;;;
;;;;
;;;;
;;;;
;;;;
;;;;
;;;;
;;;;
;;;;
;;;;
;;;;
;;;;
;;;;
;;;;
;;;;
;;;;
;;;;
;;;;
;;;;
;;;;
;;;;
;;;;
;;;;
;;;;
;;;;
;;;;
;;;;
;;;;
;;;;
;;;;
;;;;
;;;;
;;;;
;;;;
;;;;
;;;;
;;;;
;;;;
;;;;
;;;;
;;;;
;;;;
;;;;
;;;;
;;;;
;;;;
;;;;
;;;;
;;;;
;;;;
;;;;
;;;;
;;;;
;;;;
;;;;
;;;;
;;;;
;;;;
;;;;
;;;;
;;;;
;;;;
;;;;
;;;;
;;;;
;;;;
;;;;
;;;;
;;;;
;;;;
;;;;
;;;;
;;;;
;;;;
;;;;
;;;;
;;;;
;;;;
;;;;
;;;;
;;;;
;;;;
;;;;
;;;;
;;;;
;;;;
;;;;
;;;;
;;;;
;;;;
;;;;
;;;;
;;;;
;;;;
;;;;
;;;;
;;;;
;;;;
;;;;
;;;;
;;;;
;;;;
;;;;
;;;;
;;;;
;;;;
;;;;
;;;;
;;;;
;;;;
;;;;
;;;;
;;;;
;;;;
;;;;
;;;;
;;;;
;;;;
;;;;
;;;;
;;;;
;;;;
;;;;
;;;;
;;;;
;;;;
;;;;
;;;;
;;;;
;;;;
;;;;
;;;;
;;;;
;;;;
;;;;
;;;;
;;;;
;;;;
;;;;
;;;;
;;;;
;;;;
;;;;
;;;;
;;;;
;;;;
;;;;
;;;;
;;;;
;;;;
;;;;
;;;;
;;;;
;;;;
;;;;
;;;;
;;;;
;;;;
;;;;
;;;;
;;;;
;;;;
;;;;
;;;;
;;;;
;;;;
;;;;
;;;;
;;;;
;;;;
;;;;
;;;;
;;;;
;;;;
;;;;
;;;;
;;;;
;;;;
;;;;
;;;;
;;;;
;;;;
;;;;
;;;;
;;;;
;;;;
;;;;
;;;;
;;;;
;;;;
;;;;
;;;;
;;;;
;;;;
;;;;
;;;;
;;;;
;;;;
;;;;
;;;;
;;;;
;;;;
;;;;
;;;;
;;;;
;;;;
;;;;
;;;;
;;;;
;;;;
;;;;
;;;;
;;;;
;;;;
;;;;
;;;;
;;;;
;;;;
;;;;
;;;;
;;;;
;;;;
;;;;
;;;;
;;;;
;;;;
;;;;
;;;;
;;;;
;;;;
;;;;
;;;;
;;;;
;;;;
;;;;
;;;;
;;;;
;;;;
;;;;
;;;;
;;;;
;;;;
;;;;
;;;;
;;;;
;;;;
;;;;
;;;;
;;;;
;;;;
;;;;
;;;;
;;;;
;;;;
;;;;
;;;;
;;;;
;;;;
;;;;
;;;;
;;;;
;;;;
;;;;
;;;;
;;;;
;;;;
;;;;
;;;;
;;;;
;;;;
;;;;
;;;;
;;;;
;;;;
;;;;
;;;;
;;;;
;;;;
;;;;
;;;;
;;;;
;;;;
;;;;
;;;;
;;;;
;;;;
;;;;
;;;;
;;;;
;;;;
;;;;
;;;;
;;;;
;;;;
;;;;
;;;;
;;;;
;;;;
;;;;
;;;;
;;;;
;;;;
;;;;
;;;;
;;;;
;;;;
;;;;
;;;;
;;;;
;;;;
;;;;
;;;;
;;;;
;;;;
;;;;
;;;;
;;;;
;;;;
;;;;
;;;;
;;;;
;;;;
;;;;
;;;;
;;;;
;;;;
;;;;
;;;;
;;;;
;;;;
;;;;
;;;;
;;;;
;;;;
;;;;
;;;;
;;;;
;;;;
;;;;
;;;;
;;;;
;;;;
;;;;
;;;;
;;;;
;;;;
;;;;
;;;;
;;;;
;;;;
;;;;
;;;;
;;;;
;;;;
;;;;
;;;;
;;;;
;;;;
;;;;
;;;;
;;;;
;;;;
;;;;
;;;;
;;;;
;;;;
;;;;
;;;;
;;;;
;;;;
;;;;
;;;;
;;;;
;;;;
;;;;
;;;;
;;;;
;;;;
;;;;
;;;;
;;;;
;;;;
;;;;
;;;;
;;;;
;;;;
;;;;
;;;;
;;;;
;;;;
;;;;
;;;;
;;;;
;;;;
;;;;
;;;;
;;;;
;;;;
;;;;
;;;;
;;;;
;;;;
;;;;
;;;;
;;;;
;;;;
;;;;
;;;;
;;;;
;;;;
;;;;
;;;;
;;;;
;;;;
;;;;
;;;;
;;;;
;;;;
;;;;
;;;;
;;;;
;;;;
;;;;
;;;;
;;;;
;;;;
;;;;
;;;;
;;;;
;;;;
;;;;
;;;;
;;;;
;;;;
;;;;
;;;;
;;;;
;;;;
;;;;
;;;;
;;;;
;;;;
;;;;
;;;;
;;;;
;;;;
;;;;
;;;;
;;;;
;;;;
;;;;
;;;;
;;;;
;;;;
;;;;
;;;;
;;;;
;;;;
;;;;
;;;;
;;;;
;;;;
;;;;
;;;;
;;;;
;;;;
;;;;
;;;;
;;;;
;;;;
;;;;
;;;;
;;;;
;;;;
;;;;
;;;;
;;;;
;;;;
;;;;
;;;;
;;;;
;;;;
;;;;
;;;;
;;;;
;;;;
;;;;
;;;;
;;;;
;;;;
;;;;
;;;;
;;;;
;;;;
;;;;
;;;;
;;;;
;;;;
;;;;
;;;;
;;;;
;;;;
;;;;
;;;;
;;;;
;;;;
;;;;
;;;;
;;;;
;;;;
;;;;
;;;;
;;;;
;;;;
;;;;
;;;;
;;;;
;;;;
;;;;
;;;;
;;;;
;;;;
;;;;
;;;;
;;;;
;;;;
;;;;
;;;;
;;;;
;;;;
;;;;
;;;;
;;;;
;;;;
;;;;
;;;;
;;;;
;;;;
;;;;
;;;;
;;;;
;;;;
;;;;
;;;;
;;;;
;;;;
;;;;
;;;;
;;;;
;;;;
;;;;
;;;;
;;;;
;;;;
;;;;
;;;;
;;;;
;;;;
;;;;
;;;;
;;;;
;;;;
;;;;
;;;;
;;;;
;;;;
;;;;
;;;;
;;;;
;;;;
;;;;
;;;;
;;;;
;;;;
;;;;
;;;;
;;;;
;;;;
;;;;
;;;;
;;;;
;;;;
;;;;
;;;;
;;;;
;;;;
;;;;
;;;;
;;;;
;;;;
;;;;
;;;;
;;;;
;;;;
;;;;
;;;;
;;;;
;;;;
;;;;
;;;;
;;;;
;;;;
;;;;
;;;;
;;;;
;;;;
;;;;
;;;;
;;;;
;;;;
;;;;
;;;;
;;;;
;;;;
;;;;
;;;;
;;;;
;;;;
;;;;
;;;;
;;;;
;;;;
;;;;
;;;;
;;;;
;;;;
;;;;
;;;;
;;;;
;;;;
;;;;
;;;;
;;;;
;;;;
;;;;
;;;;
;;;;
;;;;
;;;;
;;;;
;;;;
;;;;
;;;;
;;;;
;;;;
;;;;
;;;;
;;;;
;;;;
;;;;
;;;;
;;;;
;;;;
;;;;
;;;;
;;;;
;;;;
;;;;
;;;;
;;;;
;;;;
;;;;
;;;;
;;;;
;;;;
;;;;
;;;;
;;;;
;;;;
;;;;
;;;;
;;;;
;;;;
;;;;
;;;;
;;;;
;;;;
;;;;
;;;;
;;;;
;;;;
;;;;
;;;;
;;;;
;;;;
;;;;
;;;;
;;;;
;;;;
;;;;
;;;;
;;;;
;;;;
;;;;
;;;;
;;;;
;;;;
;;;;
;;;;
;;;;
;;;;
;;;;
;;;;
;;;;
;;;;
;;;;
;;;;
;;;;
;;;;
;;;;
;;;;
;;;;
;;;;
;;;;
;;;;
;;;;
;;;;
;;;;
;;;;
;;;;
;;;;
;;;;
;;;;
;;;;
;;;;
;;;;
;;;;
;;;;
;;;;
;;;;
;;;;
;;;;
;;;;
;;;;
;;;;
;;;;
;;;;
;;;;
;;;;
;;;;
;;;;
;;;;
;;;;
;;;;
;;;;
;;;;
;;;;
;;;;
;;;;
;;;;
;;;;
;;;;
;;;;
;;;;
;;;;
;;;;
;;;;
;;;;
;;;;
;;;;
;;;;
;;;;
;;;;
;;;;
;;;;
;;;;
;;;;
;;;;
;;;;
;;;;
;;;;
;;;;
;;;;
;;;;
;;;;
;;;;
;;;;
;;;;
;;;;
;;;;
;;;;
;;;;
;;;;
;;;;
;;;;
;;;;
;;;;
;;;;
;;;;
;;;;
;;;;
;;;;
;;;;
;;;;
;;;;
;;;;
;;;;
;;;;
;;;;
;;;;
;;;;
;;;;
;;;;
;;;;
;;;;
;;;;
;;;;
;;;;
;;;;
;;;;
;;;;
;;;;
;;;;
;;;;
;;;;
;;;;
;;;;
;;;;
;;;;
;;;;
;;;;
;;;;
;;;;
;;;;
;;;;
;;;;
;;;;
;;;;
;;;;
;;;;
;;;;
;;;;
;;;;
;;;;
;;;;
;;;;
;;;;
;;;;
;;;;
;;;;
;;;;
;;;;
;;;;
;;;;
;;;;
;;;;
;;;;
;;;;
;;;;
;;;;
;;;;
;;;;
;;;;
;;;;
;;;;
;;;;
;;;;
;;;;
;;;;
;;;;
;;;;
;;;;
;;;;
;;;;
;;;;
;;;;
;;;;
;;;;
;;;;
;;;;
;;;;
;;;;
;;;;
;;;;
;;;;
;;;;
;;;;
;;;;
;;;;
;;;;
;;;;
;;;;
;;;;
;;;;
;;;;
;;;;
;;;;
;;;;
;;;;
;;;;
;;;;
;;;;
;;;;
;;;;
;;;;
;;;;
;;;;
;;;;
;;;;
;;;;
;;;;
;;;;
;;;;
;;;;
;;;;
;;;;
;;;;
;;;;
;;;;
;;;;
;;;;
;;;;
;;;;
;;;;
;;;;
;;;;
;;;;
;;;;
;;;;
;;;;
;;;;
;;;;
;;;;
;;;;
;;;;
;;;;
;;;;
;;;;
;;;;
;;;;
;;;;
;;;;
;;;;
;;;;
;;;;
;;;;
;;;;
;;;;
;;;;
;;;;
;;;;
;;;;
;;;;
;;;;
;;;;
;;;;
;;;;
;;;;
;;;;
;;;;
;;;;
;;;;
;;;;
;;;;
;;;;
;;;;
;;;;
;;;;
;;;;
;;;;
;;;;
;;;;
;;;;
;;;;
;;;;
;;;;
;;;;
;;;;
;;;;
;;;;
;;;;
;;;;
;;;;
;;;;
;;;;
;;;;
;;;;
;;;;
;;;;
;;;;
;;;;
;;;;
;;;;
;;;;
;;;;
;;;;
;;;;
;;;;
;;;;
;;;;
;;;;
;;;;
;;;;
;;;;
;;;;
;;;;
;;;;
;;;;
;;;;
;;;;
;;;;
;;;;
;;;;
;;;;
;;;;
;;;;
;;;;
;;;;
;;;;
;;;;
;;;;
;;;;
;;;;
;;;;
;;;;
;;;;
;;;;
;;;;
;;;;
;;;;
;;;;
;;;;
;;;;
;;;;
;;;;
;;;;
;;;;
;;;;
;;;;
;;;;
;;;;
;;;;
;;;;
;;;;
;;;;
;;;;
;;;;
;;;;
;;;;
;;;;
;;;;
;;;;
;;;;
;;;;
;;;;
;;;;
;;;;
;;;;
;;;;
;;;;
;;;;
;;;;
;;;;
;;;;
;;;;
;;;;
;;;;
;;;;
;;;;
;;;;
;;;;
;;;;
;;;;
;;;;
;;;;
;;;;
;;;;
;;;;
;;;;
;;;;
;;;;
;;;;
;;;;
;;;;
;;;;
;;;;
;;;;
;;;;
;;;;
;;;;
;;;;
;;;;
;;;;
;;;;
;;;;
;;;;
;;;;
;;;;
;;;;
;;;;
;;;;
;;;;
;;;;
;;;;
;;;;
;;;;
;;;;
;;;;
;;;;
;;;;
;;;;
;;;;
;;;;
;;;;
;;;;
;;;;
;;;;
;;;;
;;;;
;;;;
;;;;
;;;;
;;;;
;;;;
;;;;
;;;;
;;;;
;;;;
;;;;
;;;;
;;;;
;;;;
;;;;
;;;;
;;;;
;;;;
;;;;
;;;;
;;;;
;;;;
;;;;
;;;;
;;;;
;;;;
;;;;
;;;;
;;;;
;;;;
;;;;
;;;;
;;;;
;;;;
;;;;
;;;;
;;;;
;;;;
;;;;
;;;;
;;;;
;;;;
;;;;
;;;;
;;;;
;;;;
;;;;
;;;;
;;;;
;;;;
;;;;
;;;;
;;;;
;;;;
;;;;
;;;;
;;;;
;;;;
;;;;
;;;;
;;;;
;;;;
;;;;
;;;;
;;;;
;;;;
;;;;
;;;;
;;;;
;;;;
;;;;
;;;;
;;;;
;;;;
;;;;
;;;;
;;;;
;;;;
;;;;
;;;;
;;;;
;;;;
;;;;
;;;;
;;;;
;;;;
;;;;
;;;;
;;;;
;;;;
;;;;
;;;;
;;;;
;;;;
;;;;
;;;;
;;;;
;;;;
;;;;
;;;;
;;;;
;;;;
;;;;
;;;;
;;;;
;;;;
;;;;
;;;;
;;;;
;;;;
;;;;
;;;;
;;;;
;;;;
;;;;
;;;;
;;;;
;;;;
;;;;
;;;;
;;;;
;;;;
;;;;
;;;;
;;;;
;;;;
;;;;
;;;;
;;;;
;;;;
;;;;
;;;;
;;;;
;;;;
;;;;
;;;;
;;;;
;;;;
;;;;
;;;;
;;;;
;;;;
;;;;
;;;;
;;;;
;;;;
;;;;
;;;;
;;;;
;;;;
;;;;
;;;;
;;;;
;;;;
;;;;
;;;;
;;;;
;;;;
;;;;
;;;;
;;;;
;;;;
;;;;
;;;;
;;;;
;;;;
;;;;
;;;;
;;;;
;;;;
;;;;
;;;;
;;;;
;;;;
;;;;
;;;;
;;;;
;;;;
;;;;
;;;;
;;;;
;;;;
;;;;
;;;;
;;;;
;;;;
;;;;
;;;;
;;;;
;;;;
;;;;
;;;;
;;;;
;;;;
;;;;
;;;;
;;;;
;;;;
;;;;
;;;;
;;;;
;;;;
;;;;
;;;;
;;;;
;;;;
;;;;
;;;;
;;;;
;;;;
;;;;
;;;;
;;;;
;;;;
;;;;
;;;;
;;;;
;;;;
;;;;
;;;;
;;;;
;;;;
;;;;
;;;;
;;;;
;;;;
;;;;
;;;;
;;;;
;;;;
;;;;
;;;;
;;;;
;;;;
;;;;
;;;;
;;;;
;;;;
;;;;
;;;;
;;;;
;;;;
;;;;
;;;;
;;;;
;;;;
;;;;
;;;;
;;;;
;;;;
;;;;
;;;;
;;;;
;;;;
;;;;
;;;;
;;;;
;;;;
;;;;
;;;;
;;;;
;;;;
;;;;
;;;;
;;;;
;;;;
;;;;
;;;;
;;;;
;;;;
;;;;
;;;;
;;;;
;;;;
;;;;
;;;;
;;;;
;;;;
;;;;
;;;;
;;;;
;;;;
;;;;
;;;;
;;;;
;;;;
;;;;
;;;;
;;;;
;;;;
;;;;
;;;;
;;;;
;;;;
;;;;
;;;;
;;;;
;;;;
;;;;
;;;;
;;;;
;;;;
;;;;
;;;;
;;;;
;;;;
;;;;
;;;;
;;;;
;;;;
;;;;
;;;;
;;;;
;;;;
;;;;
;;;;
;;;;
;;;;
;;;;
;;;;
;;;;
;;;;
;;;;
;;;;
;;;;
;;;;
;;;;
;;;;
;;;;
;;;;
;;;;
;;;;
;;;;
;;;;
;;;;
;;;;
;;;;
;;;;
;;;;
;;;;
;;;;
;;;;
;;;;
;;;;
;;;;
;;;;
;;;;
;;;;
;;;;
;;;;
;;;;
;;;;
;;;;
;;;;
;;;;
;;;;
;;;;
;;;;
;;;;
;;;;
;;;;
;;;;
;;;;
;;;;
;;;;
;;;;
;;;;
;;;;
;;;;
;;;;
;;;;
;;;;
;;;;
;;;;
;;;;
;;;;
;;;;
;;;;
;;;;
;;;;
;;;;
;;;;
;;;;
;;;;
;;;;
;;;;
;;;;
;;;;
;;;;
;;;;
;;;;
;;;;
;;;;
;;;;
;;;;
;;;;
;;;;
;;;;
;;;;
;;;;
;;;;
;;;;
;;;;
;;;;
;;;;
;;;;
;;;;
;;;;
;;;;
;;;;
;;;;
;;;;
;;;;
;;;;
;;;;
;;;;
;;;;
;;;;
;;;;
;;;;
;;;;
;;;;
;;;;
;;;;
;;;;
;;;;
;;;;
;;;;
;;;;
;;;;
;;;;
;;;;
;;;;
;;;;
;;;;
;;;;
;;;;
;;;;
;;;;
;;;;
;;;;
;;;;
;;;;
;;;;
;;;;
;;;;
;;;;
;;;;
;;;;
;;;;
;;;;
;;;;
;;;;
;;;;
;;;;
;;;;
;;;;
;;;;
;;;;
;;;;
;;;;
;;;;
;;;;
;;;;
;;;;
;;;;
;;;;
;;;;
;;;;
;;;;
;;;;
;;;;
;;;;
;;;;
;;;;
;;;;
;;;;
;;;;
;;;;
;;;;
;;;;
;;;;
;;;;
;;;;
;;;;
;;;;
;;;;
;;;;
;;;;
;;;;
;;;;
;;;;
;;;;
;;;;
;;;;
;;;;
;;;;
;;;;
;;;;
;;;;
;;;;
;;;;
;;;;
;;;;
;;;;
;;;;
;;;;
;;;;
;;;;
;;;;
;;;;
;;;;
;;;;
;;;;
;;;;
;;;;
;;;;
;;;;
;;;;
;;;;
;;;;
;;;;
;;;;
;;;;
;;;;
;;;;
;;;;
;;;;
;;;;
;;;;
;;;;
;;;;
;;;;
;;;;
;;;;
;;;;
;;;;
;;;;
;;;;
;;;;
;;;;
;;;;
;;;;
;;;;
;;;;
;;;;
;;;;
;;;;
;;;;
;;;;
;;;;
;;;;
;;;;
;;;;
;;;;
;;;;
;;;;
;;;;
;;;;
;;;;
;;;;
;;;;
;;;;
;;;;
;;;;
;;;;
;;;;
;;;;
;;;;
;;;;
;;;;
;;;;
;;;;
;;;;
;;;;
;;;;
;;;;
;;;;
;;;;
;;;;
;;;;
;;;;
;;;;
;;;;
;;;;
;;;;
;;;;
;;;;
;;;;
;;;;
;;;;
;;;;
;;;;
;;;;
;;;;
;;;;
;;;;
;;;;
;;;;
;;;;
;;;;
;;;;
;;;;
;;;;
;;;;
;;;;
;;;;
;;;;
;;;;
;;;;
;;;;
;;;;
;;;;
;;;;
;;;;
;;;;
;;;;
;;;;
;;;;
;;;;
;;;;
;;;;
;;;;
;;;;
;;;;
;;;;
;;;;
;;;;
;;;;
;;;;
;;;;
;;;;
;;;;
;;;;
;;;;
;;;;
;;;;
;;;;
;;;;
;;;;
;;;;
;;;;
;;;;
;;;;
;;;;
;;;;
;;;;
;;;;
;;;;
;;;;
;;;;
;;;;
;;;;
;;;;
;;;;
;;;;
;;;;
;;;;
;;;;
;;;;
;;;;
;;;;
;;;;
;;;;
;;;;
;;;;
;;;;
;;;;
;;;;
;;;;
;;;;
;;;;
;;;;
;;;;
;;;;
;;;;
;;;;
;;;;
;;;;
;;;;
;;;;
;;;;
;;;;
;;;;
;;;;
;;;;
;;;;
;;;;
;;;;
;;;;
;;;;
;;;;
;;;;
;;;;
;;;;
;;;;
;;;;
;;;;
;;;;
;;;;
;;;;
;;;;
;;;;
;;;;
;;;;
;;;;
;;;;
;;;;
;;;;
;;;;
;;;;
;;;;
;;;;
;;;;
;;;;
;;;;
;;;;
;;;;
;;;;
;;;;
;;;;
;;;;
;;;;
;;;;
;;;;
;;;;
;;;;
;;;;
;;;;
;;;;
;;;;
;;;;
;;;;
;;;;
;;;;
;;;;
;;;;
;;;;
;;;;
;;;;
;;;;
;;;;
;;;;
;;;;
;;;;
;;;;
;;;;
;;;;
;;;;
;;;;
;;;;
;;;;
;;;;
;;;;
;;;;
;;;;
;;;;
;;;;
;;;;
;;;;
;;;;
;;;;
;;;;
;;;;
;;;;
;;;;
;;;;
;;;;
;;;;
;;;;
;;;;
;;;;
;;;;
;;;;
;;;;
;;;;
;;;;
;;;;
;;;;
;;;;
;;;;
;;;;
;;;;
;;;;
;;;;
;;;;
;;;;
;;;;
;;;;
;;;;
;;;;
;;;;
;;;;
;;;;
;;;;
;;;;
;;;;
;;;;
;;;;
;;;;
;;;;
;;;;
;;;;
;;;;
;;;;
;;;;
;;;;
;;;;
;;;;
;;;;
;;;;
;;;;
;;;;
;;;;
;;;;
;;;;
;;;;
;;;;
;;;;
;;;;
;;;;
;;;;
;;;;
;;;;
;;;;
;;;;
;;;;
;;;;
;;;;
;;;;
;;;;
;;;;
;;;;
;;;;
;;;;
;;;;
;;;;
;;;;
;;;;
;;;;
;;;;
;;;;
;;;;
;;;;
;;;;
;;;;
;;;;
;;;;
;;;;
;;;;
;;;;
;;;;
;;;;
;;;;
;;;;
;;;;
;;;;
;;;;
;;;;
;;;;
;;;;
;;;;
;;;;
;;;;
;;;;
;;;;
;;;;
;;;;
;;;;
;;;;
;;;;
;;;;
;;;;
;;;;
;;;;
;;;;
;;;;
;;;;
;;;;
;;;;
;;;;
;;;;
;;;;
;;;;
;;;;
;;;;
;;;;
;;;;
;;;;
;;;;
;;;;
;;;;
;;;;
;;;;
;;;;
;;;;
;;;;
;;;;
;;;;
;;;;
;;;;
;;;;
;;;;
;;;;
;;;;
;;;;
;;;;
;;;;
;;;;
;;;;
;;;;
;;;;
;;;;
;;;;
;;;;
;;;;
;;;;
;;;;
;;;;
;;;;
;;;;
;;;;
;;;;
;;;;
;;;;
;;;;
;;;;
;;;;
;;;;
;;;;
;;;;
;;;;
;;;;
;;;;
;;;;
;;;;
;;;;
;;;;
;;;;
;;;;
;;;;
;;;;
;;;;
;;;;
;;;;
;;;;
;;;;
;;;;
;;;;
;;;;
;;;;
;;;;
;;;;
;;;;
;;;;
;;;;
;;;;
;;;;
;;;;
;;;;
;;;;
;;;;
;;;;
;;;;
;;;;
;;;;
;;;;
;;;;
;;;;
;;;;
;;;;
;;;;
;;;;
;;;;
;;;;
;;;;
;;;;
;;;;
;;;;
;;;;
;;;;
;;;;
;;;;
;;;;
;;;;
;;;;
;;;;
;;;;
;;;;
;;;;
;;;;
;;;;
;;;;
;;;;
;;;;
;;;;
;;;;
;;;;
;;;;
;;;;
;;;;
;;;;
;;;;
;;;;
;;;;
;;;;
;;;;
;;;;
;;;;
;;;;
;;;;
;;;;
;;;;
;;;;
;;;;
;;;;
;;;;
;;;;
;;;;
;;;;
;;;;
;;;;
;;;;
;;;;
;;;;
;;;;
;;;;
;;;;
;;;;
;;;;
;;;;
;;;;
;;;;
;;;;
;;;;
;;;;
;;;;
;;;;
;;;;
;;;;
;;;;
;;;;
;;;;
;;;;
;;;;
;;;;
;;;;
;;;;
;;;;
;;;;
;;;;
;;;;
;;;;
;;;;
;;;;
;;;;
;;;;
;;;;
;;;;
;;;;
;;;;
;;;;
;;;;
;;;;
;;;;
;;;;
;;;;
;;;;
;;;;
;;;;
;;;;
;;;;
;;;;
;;;;
;;;;
;;;;
;;;;
;;;;
;;;;
;;;;
;;;;
;;;;
;;;;
;;;;
;;;;
;;;;
;;;;
;;;;
;;;;
;;;;
;;;;
;;;;
;;;;
;;;;
;;;;
;;;;
;;;;
;;;;
;;;;
;;;;
;;;;
;;;;
;;;;
;;;;
;;;;
;;;;
;;;;
;;;;
;;;;
;;;;
;;;;
;;;;
;;;;
;;;;
;;;;
;;;;
;;;;
;;;;
;;;;
;;;;
;;;;
;;;;
;;;;
;;;;
;;;;
;;;;
;;;;
;;;;
;;;;
;;;;
;;;;
;;;;
;;;;
;;;;
;;;;
;;;;
;;;;
;;;;
;;;;
;;;;
;;;;
;;;;
;;;;
;;;;
;;;;
;;;;
;;;;
;;;;
;;;;
;;;;
;;;;
;;;;
;;;;
;;;;
;;;;
;;;;
;;;;
;;;;
;;;;
;;;;
;;;;
;;;;
;;;;
;;;;
;;;;
;;;;
;;;;
;;;;
;;;;
;;;;
;;;;
;;;;
;;;;
;;;;
;;;;
;;;;
;;;;
;;;;
;;;;
;;;;
;;;;
;;;;
;;;;
;;;;
;;;;
;;;;
;;;;
;;;;
;;;;
;;;;
;;;;
;;;;
;;;;
;;;;
;;;;
;;;;
;;;;
;;;;
;;;;
;;;;
;;;;
;;;;
;;;;
;;;;
;;;;
;;;;
;;;;
;;;;
;;;;
;;;;
;;;;
;;;;
;;;;
;;;;
;;;;
;;;;
;;;;
;;;;
;;;;
;;;;
;;;;
;;;;
;;;;
;;;;
;;;;
;;;;
;;;;
;;;;
;;;;
;;;;
;;;;
;;;;
;;;;
;;;;
;;;;
;;;;
;;;;
;;;;
;;;;
;;;;
;;;;
;;;;
;;;;
;;;;
;;;;
;;;;
;;;;
;;;;
;;;;
;;;;
;;;;
;;;;
;;;;
;;;;
;;;;
;;;;
;;;;
;;;;
;;;;
;;;;
;;;;
;;;;
;;;;
;;;;
;;;;
;;;;
;;;;
;;;;
;;;;
;;;;
;;;;
;;;;
;;;;
;;;;
;;;;
;;;;
;;;;
;;;;
;;;;
;;;;
;;;;
;;;;
;;;;
;;;;
;;;;
;;;;
;;;;
;;;;
;;;;
;;;;
;;;;
;;;;
;;;;
;;;;
;;;;
;;;;
;;;;
;;;;
;;;;
;;;;
;;;;
;;;;
;;;;
;;;;
;;;;
;;;;
;;;;
;;;;
;;;;
;;;;
;;;;
;;;;
;;;;
;;;;
;;;;
;;;;
;;;;
;;;;
;;;;
;;;;
;;;;
;;;;
;;;;
;;;;
;;;;
;;;;
;;;;
;;;;
;;;;
;;;;
;;;;
;;;;
;;;;
;;;;
;;;;
;;;;
;;;;
;;;;
;;;;
;;;;
;;;;
;;;;
;;;;
;;;;
;;;;
;;;;
;;;;
;;;;
;;;;
;;;;
;;;;
;;;;
;;;;
;;;;
;;;;
;;;;
;;;;
;;;;
;;;;
;;;;
;;;;
;;;;
;;;;
;;;;
;;;;
;;;;
;;;;
;;;;
;;;;
;;;;
;;;;
;;;;
;;;;
;;;;
;;;;
;;;;
;;;;
;;;;
;;;;
;;;;
;;;;
;;;;
;;;;
;;;;
;;;;
;;;;
;;;;
;;;;
;;;;
;;;;
;;;;
;;;;
;;;;
;;;;
;;;;
;;;;
;;;;
;;;;
;;;;
;;;;
;;;;
;;;;
;;;;
;;;;
;;;;
;;;;
;;;;
;;;;
;;;;
;;;;
;;;;
;;;;
;;;;
;;;;
;;;;
;;;;
;;;;
;;;;
;;;;
;;;;
;;;;
;;;;
;;;;
;;;;
;;;;
;;;;
;;;;
;;;;
;;;;
;;;;
;;;;
;;;;
;;;;
;;;;
;;;;
;;;;
;;;;
;;;;
;;;;
;;;;
;;;;
;;;;
;;;;
;;;;
;;;;
;;;;
;;;;
;;;;
;;;;
;;;;
;;;;
;;;;
;;;;
;;;;
;;;;
;;;;
;;;;
;;;;
;;;;
;;;;
;;;;
;;;;
;;;;
;;;;
;;;;
;;;;
;;;;
;;;;
;;;;
;;;;
;;;;
;;;;
;;;;
;;;;
;;;;
;;;;
;;;;
;;;;
;;;;
;;;;
;;;;
;;;;
;;;;
;;;;
;;;;
;;;;
;;;;
;;;;
;;;;
;;;;
;;;;
;;;;
;;;;
;;;;
;;;;
;;;;
;;;;
;;;;
;;;;
;;;;
;;;;
;;;;
;;;;
;;;;
;;;;
;;;;
;;;;
;;;;
;;;;
;;;;
;;;;
;;;;
;;;;
;;;;
;;;;
;;;;
;;;;
;;;;
;;;;
;;;;
;;;;
;;;;
;;;;
;;;;
;;;;
;;;;
;;;;
;;;;
;;;;
;;;;
;;;;
;;;;
;;;;
;;;;
;;;;
;;;;
;;;;
;;;;
;;;;
;;;;
;;;;
;;;;
;;;;
;;;;
;;;;
;;;;
;;;;
;;;;
;;;;
;;;;
;;;;
;;;;
;;;;
;;;;
;;;;
;;;;
;;;;
;;;;
;;;;
;;;;
;;;;
;;;;
;;;;
;;;;
;;;;
;;;;
;;;;
;;;;
;;;;
;;;;
;;;;
;;;;
;;;;
;;;;
;;;;
;;;;
;;;;
;;;;
;;;;
;;;;
;;;;
;;;;
;;;;
;;;;
;;;;
;;;;
;;;;
;;;;
;;;;
;;;;
;;;;
;;;;
;;;;
;;;;
;;;;
;;;;
;;;;
;;;;
;;;;
;;;;
;;;;
;;;;
;;;;
;;;;
;;;;
;;;;
;;;;
;;;;
;;;;
;;;;
;;;;
;;;;
;;;;
;;;;
;;;;
;;;;
;;;;
;;;;
;;;;
;;;;
;;;;
;;;;
;;;;
;;;;
;;;;
;;;;
;;;;
;;;;
;;;;
;;;;
;;;;
;;;;
;;;;
;;;;
;;;;
;;;;
;;;;
;;;;
;;;;
;;;;
;;;;
;;;;
;;;;
;;;;
;;;;
;;;;
;;;;
;;;;
;;;;
;;;;
;;;;
;;;;
;;;;
;;;;
;;;;
;;;;
;;;;
;;;;
;;;;
;;;;
;;;;
;;;;
;;;;
;;;;
;;;;
;;;;
;;;;
;;;;
;;;;
;;;;
;;;;
;;;;
;;;;
;;;;
;;;;
;;;;
;;;;
;;;;
;;;;
;;;;
;;;;
;;;;
;;;;
;;;;
;;;;
;;;;
;;;;
;;;;
;;;;
;;;;
;;;;
;;;;
;;;;
;;;;
;;;;
;;;;
;;;;
;;;;
;;;;
;;;;
;;;;
;;;;
;;;;
;;;;
;;;;
;;;;
;;;;
;;;;
;;;;
;;;;
;;;;
;;;;
;;;;
;;;;
;;;;
;;;;
;;;;
;;;;
;;;;
;;;;
;;;;
;;;;
;;;;
;;;;
;;;;
;;;;
;;;;
;;;;
;;;;
;;;;
;;;;
;;;;
;;;;
;;;;
;;;;
;;;;
;;;;
;;;;
;;;;
;;;;
;;;;
;;;;
;;;;
;;;;
;;;;
;;;;
;;;;
;;;;
;;;;
;;;;
;;;;
;;;;
;;;;
;;;;
;;;;
;;;;
;;;;
;;;;
;;;;
;;;;
;;;;
;;;;
;;;;
;;;;
;;;;
;;;;
;;;;
;;;;
;;;;
;;;;
;;;;
;;;;
;;;;
;;;;
;;;;
;;;;
;;;;
;;;;
;;;;
;;;;
;;;;
;;;;
;;;;
;;;;
;;;;
;;;;
;;;;
;;;;
;;;;
;;;;
;;;;
;;;;
;;;;
;;;;
;;;;
;;;;
;;;;
;;;;
;;;;
;;;;
;;;;
;;;;
;;;;
;;;;
;;;;
;;;;
;;;;
;;;;
;;;;
;;;;
;;;;
;;;;
;;;;
;;;;
;;;;
;;;;
;;;;
;;;;
;;;;
;;;;
;;;;
;;;;
;;;;
;;;;
;;;;
;;;;
;;;;
;;;;
;;;;
;;;;
;;;;
;;;;
;;;;
;;;;
;;;;
;;;;
;;;;
;;;;
;;;;
;;;;
;;;;
;;;;
;;;;
;;;;
;;;;
;;;;
;;;;
;;;;
;;;;
;;;;
;;;;
;;;;
;;;;
;;;;
;;;;
;;;;
;;;;
;;;;
;;;;
;;;;
;;;;
;;;;
;;;;
;;;;
;;;;
;;;;
;;;;
;;;;
;;;;
;;;;
;;;;
;;;;
;;;;
;;;;
;;;;
;;;;
;;;;
;;;;
;;;;
;;;;
;;;;
;;;;
;;;;
;;;;
;;;;
;;;;
;;;;
;;;;
;;;;
;;;;
;;;;
;;;;
;;;;
;;;;
;;;;
;;;;
;;;;
;;;;
;;;;
;;;;
;;;;
;;;;
;;;;
;;;;
;;;;
;;;;
;;;;
;;;;
;;;;
;;;;
;;;;
;;;;
;;;;
;;;;
;;;;
;;;;
;;;;
;;;;
;;;;
;;;;
;;;;
;;;;
;;;;
;;;;
;;;;
;;;;
;;;;
;;;;
;;;;
;;;;
;;;;
;;;;
;;;;
;;;;
;;;;
;;;;
;;;;
;;;;
;;;;
;;;;
;;;;
;;;;
;;;;
;;;;
;;;;
;;;;
;;;;
;;;;
;;;;
;;;;
;;;;
;;;;
;;;;
;;;;
;;;;
;;;;
;;;;
;;;;
;;;;
;;;;
;;;;
;;;;
;;;;
;;;;
;;;;
;;;;
;;;;
;;;;
;;;;
;;;;
;;;;
;;;;
;;;;
;;;;
;;;;
;;;;
;;;;
;;;;
;;;;
;;;;
;;;;
;;;;
;;;;
;;;;
;;;;
;;;;
;;;;
;;;;
;;;;
;;;;
;;;;
;;;;
;;;;
;;;;
;;;;
;;;;
;;;;
;;;;
;;;;
;;;;
;;;;
;;;;
;;;;
;;;;
;;;;
;;;;
;;;;
;;;;
;;;;
;;;;
;;;;
;;;;
;;;;
;;;;
;;;;
;;;;
;;;;
;;;;
;;;;
;;;;
;;;;
;;;;
;;;;
;;;;
;;;;
;;;;
;;;;
;;;;
;;;;
;;;;
;;;;
;;;;
;;;;
;;;;
;;;;
;;;;
;;;;
;;;;
;;;;
;;;;
;;;;
;;;;
;;;;
;;;;
;;;;
;;;;
;;;;
;;;;
;;;;
;;;;
;;;;
;;;;
;;;;
;;;;
;;;;
;;;;
;;;;
;;;;
;;;;
;;;;
;;;;
;;;;
;;;;
;;;;
;;;;
;;;;
;;;;
;;;;
;;;;
;;;;
;;;;
;;;;
;;;;
;;;;
;;;;
;;;;
;;;;
;;;;
;;;;
;;;;
;;;;
;;;;
;;;;
;;;;
;;;;
;;;;
;;;;
;;;;
;;;;
;;;;
;;;;
;;;;
;;;;
;;;;
;;;;
;;;;
;;;;
;;;;
;;;;
;;;;
;;;;
;;;;
;;;;
;;;;
;;;;
;;;;
;;;;
;;;;
;;;;
;;;;
;;;;
;;;;
;;;;
;;;;
;;;;
;;;;
;;;;
;;;;
;;;;
;;;;
;;;;
;;;;
;;;;
;;;;
;;;;
;;;;
;;;;
;;;;
;;;;
;;;;
;;;;
;;;;
;;;;
;;;;
;;;;
;;;;
;;;;
;;;;
;;;;
;;;;
;;;;
;;;;
;;;;
;;;;
;;;;
;;;;
;;;;
;;;;
;;;;
;;;;
;;;;
;;;;
;;;;
;;;;
;;;;
;;;;
;;;;
;;;;
;;;;
;;;;
;;;;
;;;;
;;;;
;;;;
;;;;
;;;;
;;;;
;;;;
;;;;
;;;;
;;;;
;;;;
;;;;
;;;;
;;;;
;;;;
;;;;
;;;;
;;;;
;;;;
;;;;
;;;;
;;;;
;;;;
;;;;
;;;;
;;;;
;;;;
;;;;
;;;;
;;;;
;;;;
;;;;
;;;;
;;;;
;;;;
;;;;
;;;;
;;;;
;;;;
;;;;
;;;;
;;;;
;;;;
;;;;
;;;;
;;;;
;;;;
;;;;
;;;;
;;;;
;;;;
;;;;
;;;;
;;;;
;;;;
;;;;
;;;;
;;;;
;;;;
;;;;
;;;;
;;;;
;;;;
;;;;
;;;;
;;;;
;;;;
;;;;
;;;;
;;;;
;;;;
;;;;
;;;;
;;;;
;;;;
;;;;
;;;;
;;;;
;;;;
;;;;
;;;;
;;;;
;;;;
;;;;
;;;;
;;;;
;;;;
;;;;
;;;;
;;;;
;;;;
;;;;
;;;;
;;;;
;;;;
;;;;
;;;;
;;;;
;;;;
;;;;
;;;;
;;;;
;;;;
;;;;
;;;;
;;;;
;;;;
;;;;
;;;;
;;;;
;;;;
;;;;
;;;;
;;;;
;;;;
;;;;
;;;;
;;;;
;;;;
;;;;
;;;;
;;;;
;;;;
;;;;
;;;;
;;;;
;;;;
;;;;
;;;;
;;;;
;;;;
;;;;
;;;;
;;;;
;;;;
;;;;
;;;;
;;;;
;;;;
;;;;
;;;;
;;;;
;;;;
;;;;
;;;;
;;;;
;;;;
;;;;
;;;;
;;;;
;;;;
;;;;
;;;;
;;;;
;;;;
;;;;
;;;;
;;;;
;;;;
;;;;
;;;;
;;;;
;;;;
;;;;
;;;;
;;;;
;;;;
;;;;
;;;;
;;;;
;;;;
;;;;
;;;;
;;;;
;;;;
;;;;
;;;;
;;;;
;;;;
;;;;
;;;;
;;;;
;;;;
;;;;
;;;;
;;;;
;;;;
;;;;
;;;;
;;;;
;;;;
;;;;
;;;;
;;;;
;;;;
;;;;
;;;;
;;;;
;;;;
;;;;
;;;;
;;;;
;;;;
;;;;
;;;;
;;;;
;;;;
;;;;
;;;;
;;;;
;;;;
;;;;
;;;;
;;;;
;;;;
;;;;
;;;;
;;;;
;;;;
;;;;
;;;;
;;;;
;;;;
;;;;
;;;;
;;;;
;;;;
;;;;
;;;;
;;;;
;;;;
;;;;
;;;;
;;;;
;;;;
;;;;
;;;;
;;;;
;;;;
;;;;
;;;;
;;;;
;;;;
;;;;
;;;;
;;;;
;;;;
;;;;
;;;;
;;;;
;;;;
;;;;
;;;;
;;;;
;;;;
;;;;
;;;;
;;;;
;;;;
;;;;
;;;;
;;;;
;;;;
;;;;
;;;;
;;;;
;;;;
;;;;
;;;;
;;;;
;;;;
;;;;
;;;;
;;;;
;;;;
;;;;
;;;;
;;;;
;;;;
;;;;
;;;;
;;;;
;;;;
;;;;
;;;;
;;;;
;;;;
;;;;
;;;;
;;;;
;;;;
;;;;
;;;;
;;;;
;;;;
;;;;
;;;;
;;;;
;;;;
;;;;
;;;;
;;;;
;;;;
;;;;
;;;;
;;;;
;;;;
;;;;
;;;;
;;;;
;;;;
;;;;
;;;;
;;;;
;;;;
;;;;
;;;;
;;;;
;;;;
;;;;
;;;;
;;;;
;;;;
;;;;
;;;;
;;;;
;;;;
;;;;
;;;;
;;;;
;;;;
;;;;
;;;;
;;;;
;;;;
;;;;
;;;;
;;;;
;;;;
;;;;
;;;;
;;;;
;;;;
;;;;
;;;;
;;;;
;;;;
;;;;
;;;;
;;;;
;;;;
;;;;
;;;;
;;;;
;;;;
;;;;
;;;;
;;;;
;;;;
;;;;
;;;;
;;;;
;;;;
;;;;
;;;;
;;;;
;;;;
;;;;
;;;;
;;;;
;;;;
;;;;
;;;;
;;;;
;;;;
;;;;
;;;;
;;;;
;;;;
;;;;
;;;;
;;;;
;;;;
;;;;
;;;;
;;;;
;;;;
;;;;
;;;;
;;;;
;;;;
;;;;
;;;;
;;;;
;;;;
;;;;
;;;;
;;;;
;;;;
;;;;
;;;;
;;;;
;;;;
;;;;
;;;;
;;;;
;;;;
;;;;
;;;;
;;;;
;;;;
;;;;
;;;;
;;;;
;;;;
;;;;
;;;;
;;;;
;;;;
;;;;
;;;;
;;;;
;;;;
;;;;
;;;;
;;;;
;;;;
;;;;
;;;;
;;;;
;;;;
;;;;
;;;;
;;;;
;;;;
;;;;
;;;;
;;;;
;;;;
;;;;
;;;;
;;;;
;;;;
;;;;
;;;;
;;;;
;;;;
;;;;
;;;;
;;;;
;;;;
;;;;
;;;;
;;;;
;;;;
;;;;
;;;;
;;;;
;;;;
;;;;
;;;;
;;;;
;;;;
;;;;
;;;;
;;;;
;;;;
;;;;
;;;;
;;;;
;;;;
;;;;
;;;;
;;;;
;;;;
;;;;
;;;;
;;;;
;;;;
;;;;
;;;;
;;;;
;;;;
;;;;
;;;;
;;;;
;;;;
;;;;
;;;;
;;;;
;;;;
;;;;
;;;;
;;;;
;;;;
;;;;
;;;;
;;;;
;;;;
;;;;
;;;;
;;;;
;;;;
;;;;
;;;;
;;;;
;;;;
;;;;
;;;;
;;;;
;;;;
;;;;
;;;;
;;;;
;;;;
;;;;
;;;;
;;;;
;;;;
;;;;
;;;;
;;;;
;;;;
;;;;
;;;;
;;;;
;;;;
;;;;
;;;;
;;;;
;;;;
;;;;
;;;;
;;;;
;;;;
;;;;
;;;;
;;;;
;;;;
;;;;
;;;;
;;;;
;;;;
;;;;
;;;;
;;;;
;;;;
;;;;
;;;;
;;;;
;;;;
;;;;
;;;;
;;;;
;;;;
;;;;
;;;;
;;;;
;;;;
;;;;
;;;;
;;;;
;;;;
;;;;
;;;;
;;;;
;;;;
;;;;
;;;;
;;;;
;;;;
;;;;
;;;;
;;;;
;;;;
;;;;
;;;;
;;;;
;;;;
;;;;
;;;;
;;;;
;;;;
;;;;
;;;;
;;;;
;;;;
;;;;
;;;;
;;;;
;;;;
;;;;
;;;;
;;;;
;;;;
;;;;
;;;;
;;;;
;;;;
;;;;
;;;;
;;;;
;;;;
;;;;
;;;;
;;;;
;;;;
;;;;
;;;;
;;;;
;;;;
;;;;
;;;;
;;;;
;;;;
;;;;
;;;;
;;;;
;;;;
;;;;
;;;;
;;;;
;;;;
;;;;
;;;;
;;;;
;;;;
;;;;
;;;;
;;;;
;;;;
;;;;
;;;;
;;;;
;;;;
;;;;
;;;;
;;;;
;;;;
;;;;
;;;;
;;;;
;;;;
;;;;
;;;;
;;;;
;;;;
;;;;
;;;;
;;;;
;;;;
;;;;
;;;;
;;;;
;;;;
;;;;
;;;;
;;;;
;;;;
;;;;
;;;;
;;;;
;;;;
;;;;
;;;;
;;;;
;;;;
;;;;
;;;;
;;;;
;;;;
;;;;
;;;;
;;;;
;;;;
;;;;
;;;;
;;;;
;;;;
;;;;
;;;;
;;;;
;;;;
;;;;
;;;;
;;;;
;;;;
;;;;
;;;;
;;;;
;;;;
;;;;
;;;;
;;;;
;;;;
;;;;
;;;;
;;;;
;;;;
;;;;
;;;;
;;;;
;;;;
;;;;
;;;;
;;;;
;;;;
;;;;
;;;;
;;;;
;;;;
;;;;
;;;;
;;;;
;;;;
;;;;
;;;;
;;;;
;;;;
;;;;
;;;;
;;;;
;;;;
;;;;
;;;;
;;;;
;;;;
;;;;
;;;;
;;;;
;;;;
;;;;
;;;;
;;;;
;;;;
;;;;
;;;;
;;;;
;;;;
;;;;
;;;;
;;;;
;;;;
;;;;
;;;;
;;;;
;;;;
;;;;
;;;;
;;;;
;;;;
;;;;
;;;;
;;;;
;;;;
;;;;
;;;;
;;;;
;;;;
;;;;
;;;;
;;;;
;;;;
;;;;
;;;;
;;;;
;;;;
;;;;
;;;;
;;;;
;;;;
;;;;
;;;;
;;;;
;;;;
;;;;
;;;;
;;;;
;;;;
;;;;
;;;;
;;;;
;;;;
;;;;
;;;;
;;;;
;;;;
;;;;
;;;;
;;;;
;;;;
;;;;
;;;;
;;;;
;;;;
;;;;
;;;;
;;;;
;;;;
;;;;
;;;;
;;;;
;;;;
;;;;
;;;;
;;;;
;;;;
;;;;
;;;;
;;;;
;;;;
;;;;
;;;;
;;;;
;;;;
;;;;
;;;;
;;;;
;;;;
;;;;
;;;;
;;;;
;;;;
;;;;
;;;;
;;;;
;;;;
;;;;
;;;;
;;;;
;;;;
;;;;
;;;;
;;;;
;;;;
;;;;
;;;;
;;;;
;;;;
;;;;
;;;;
;;;;
;;;;
;;;;
;;;;
;;;;
;;;;
;;;;
;;;;
;;;;
;;;;
;;;;
;;;;
;;;;
;;;;
;;;;
;;;;
;;;;
;;;;
;;;;
;;;;
;;;;
;;;;
;;;;
;;;;
;;;;
;;;;
;;;;
;;;;
;;;;
;;;;
;;;;
;;;;
;;;;
;;;;
;;;;
;;;;
;;;;
;;;;
;;;;
;;;;
;;;;
;;;;
;;;;
;;;;
;;;;
;;;;
;;;;
;;;;
;;;;
;;;;
;;;;
;;;;
;;;;
;;;;
;;;;
;;;;
;;;;
;;;;
;;;;
;;;;
;;;;
;;;;
;;;;
;;;;
;;;;
;;;;
;;;;
;;;;
;;;;
;;;;
;;;;
;;;;
;;;;
;;;;
;;;;
;;;;
;;;;
;;;;
;;;;
;;;;
;;;;
;;;;
;;;;
;;;;
;;;;
;;;;
;;;;
;;;;
;;;;
;;;;
;;;;
;;;;
;;;;
;;;;
;;;;
;;;;
;;;;
;;;;
;;;;
;;;;
;;;;
;;;;
;;;;
;;;;
;;;;
;;;;
;;;;
;;;;
;;;;
;;;;
;;;;
;;;;
;;;;
;;;;
;;;;
;;;;
;;;;
;;;;
;;;;
;;;;
;;;;
;;;;
;;;;
;;;;
;;;;
;;;;
;;;;
;;;;
;;;;
;;;;
;;;;
;;;;
;;;;
;;;;
;;;;
;;;;
;;;;
;;;;
;;;;
;;;;
;;;;
;;;;
;;;;
;;;;
;;;;
;;;;
;;;;
;;;;
;;;;
;;;;
;;;;
;;;;
;;;;
;;;;
;;;;
;;;;
;;;;
;;;;
;;;;
;;;;
;;;;
;;;;
;;;;
;;;;
;;;;
;;;;
;;;;
;;;;
;;;;
;;;;
;;;;
;;;;
;;;;
;;;;
;;;;
;;;;
;;;;
;;;;
;;;;
;;;;
;;;;
;;;;
;;;;
;;;;
;;;;
;;;;
;;;;
;;;;
;;;;
;;;;
;;;;
;;;;
;;;;
;;;;
;;;;
;;;;
;;;;
;;;;
;;;;
;;;;
;;;;
;;;;
;;;;
;;;;
;;;;
;;;;
;;;;
;;;;
;;;;
;;;;
;;;;
;;;;
;;;;
;;;;
;;;;
;;;;
;;;;
;;;;
;;;;
;;;;
;;;;
;;;;
;;;;
;;;;
;;;;
;;;;
;;;;
;;;;
;;;;
;;;;
;;;;
;;;;
;;;;
;;;;
;;;;
;;;;
;;;;
;;;;
;;;;
;;;;
;;;;
;;;;
;;;;
;;;;
;;;;
;;;;
;;;;
;;;;
;;;;
;;;;
;;;;
;;;;
;;;;
;;;;
;;;;
;;;;
;;;;
;;;;
;;;;
;;;;
;;;;
;;;;
;;;;
;;;;
;;;;
;;;;
;;;;
;;;;
;;;;
;;;;
;;;;
;;;;
;;;;
;;;;
;;;;
;;;;
;;;;
;;;;
;;;;
;;;;
;;;;
;;;;
;;;;
;;;;
;;;;
;;;;
;;;;
;;;;
;;;;
;;;;
;;;;
;;;;
;;;;
;;;;
;;;;
;;;;
;;;;
;;;;
;;;;
;;;;
;;;;
;;;;
;;;;
;;;;
;;;;
;;;;
;;;;
;;;;
;;;;
;;;;
;;;;
;;;;
;;;;
;;;;
;;;;
;;;;
;;;;
;;;;
;;;;
;;;;
;;;;
;;;;
;;;;
;;;;
;;;;
;;;;
;;;;
;;;;
;;;;
;;;;
;;;;
;;;;
;;;;
;;;;
;;;;
;;;;
;;;;
;;;;
;;;;
;;;;
;;;;
;;;;
;;;;
;;;;
;;;;
;;;;
;;;;
;;;;
;;;;
;;;;
;;;;
;;;;
;;;;
;;;;
;;;;
;;;;
;;;;
;;;;
;;;;
;;;;
;;;;
;;;;
;;;;
;;;;
;;;;
;;;;
;;;;
;;;;
;;;;
;;;;
;;;;
;;;;
;;;;
;;;;
;;;;
;;;;
;;;;
;;;;
;;;;
;;;;
;;;;
;;;;
;;;;
;;;;
;;;;
;;;;
;;;;
;;;;
;;;;
;;;;
;;;;
;;;;
;;;;
;;;;
;;;;
;;;;
;;;;
;;;;
;;;;
;;;;
;;;;
;;;;
;;;;
;;;;
;;;;
;;;;
;;;;
;;;;
;;;;
;;;;
;;;;
;;;;
;;;;
;;;;
;;;;
;;;;
;;;;
;;;;
;;;;
;;;;
;;;;
;;;;
;;;;
;;;;
;;;;
;;;;
;;;;
;;;;
;;;;
;;;;
;;;;
;;;;
;;;;
;;;;
;;;;
;;;;
;;;;
;;;;
;;;;
;;;;
;;;;
;;;;
;;;;
;;;;
;;;;
;;;;
;;;;
;;;;
;;;;
;;;;
;;;;
;;;;
;;;;
;;;;
;;;;
;;;;
;;;;
;;;;
;;;;
;;;;
;;;;
;;;;
;;;;
;;;;
;;;;
;;;;
;;;;
;;;;
;;;;
;;;;
;;;;
;;;;
;;;;
;;;;
;;;;
;;;;
;;;;
;;;;
;;;;
;;;;
;;;;
;;;;
;;;;
;;;;
;;;;
;;;;
;;;;
;;;;
;;;;
;;;;
;;;;
;;;;
;;;;
;;;;
;;;;
;;;;
;;;;
;;;;
;;;;
;;;;
;;;;
;;;;
;;;;
;;;;
;;;;
;;;;
;;;;
;;;;
;;;;
;;;;
;;;;
;;;;
;;;;
;;;;
;;;;
;;;;
;;;;
;;;;
;;;;
;;;;
;;;;
;;;;
;;;;
;;;;
;;;;
;;;;
;;;;
;;;;
;;;;
;;;;
;;;;
;;;;
;;;;
;;;;
;;;;
;;;;
;;;;
;;;;
;;;;
;;;;
;;;;
;;;;
;;;;
;;;;
;;;;
;;;;
;;;;
;;;;
;;;;
;;;;
;;;;
;;;;
;;;;
;;;;
;;;;
;;;;
;;;;
;;;;
;;;;
;;;;
;;;;
;;;;
;;;;
;;;;
;;;;
;;;;
;;;;
;;;;
;;;;
;;;;
;;;;
;;;;
;;;;
;;;;
;;;;
;;;;
;;;;
;;;;
;;;;
;;;;
;;;;
;;;;
;;;;
;;;;
;;;;
;;;;
;;;;
;;;;
;;;;
;;;;
;;;;
;;;;
;;;;
;;;;
;;;;
;;;;
;;;;
;;;;
;;;;
;;;;
;;;;
;;;;
;;;;
;;;;
;;;;
;;;;
;;;;
;;;;
;;;;
;;;;
;;;;
;;;;
;;;;
;;;;
;;;;
;;;;
;;;;
;;;;
;;;;
;;;;
;;;;
;;;;
;;;;
;;;;
;;;;
;;;;
;;;;
;;;;
;;;;
;;;;
;;;;
;;;;
;;;;
;;;;
;;;;
;;;;
;;;;
;;;;
;;;;
;;;;
;;;;
;;;;
;;;;
;;;;
;;;;
;;;;
;;;;
;;;;
;;;;
;;;;
;;;;
;;;;
;;;;
;;;;
;;;;
;;;;
;;;;
;;;;
;;;;
;;;;
;;;;
;;;;
;;;;
;;;;
;;;;
;;;;
;;;;
;;;;
;;;;
;;;;
;;;;
;;;;
;;;;
;;;;
;;;;
;;;;
;;;;
;;;;
;;;;
;;;;
;;;;
;;;;
;;;;
;;;;
;;;;
;;;;
;;;;
;;;;
;;;;
;;;;
;;;;
;;;;
;;;;
;;;;
;;;;
;;;;
;;;;
;;;;
;;;;
;;;;
;;;;
;;;;
;;;;
;;;;
;;;;
;;;;
;;;;
;;;;
;;;;
;;;;
;;;;
;;;;
;;;;
;;;;
;;;;
;;;;
;;;;
;;;;
;;;;
;;;;
;;;;
;;;;
;;;;
;;;;
;;;;
;;;;
;;;;
;;;;
;;;;
;;;;
;;;;
;;;;
;;;;
;;;;
;;;;
;;;;
;;;;
;;;;
;;;;
;;;;
;;;;
;;;;
;;;;
;;;;
;;;;
;;;;
;;;;
;;;;
;;;;
;;;;
;;;;
;;;;
;;;;
;;;;
;;;;
;;;;
;;;;
;;;;
;;;;
;;;;
;;;;
;;;;
;;;;
;;;;
;;;;
;;;;
;;;;
;;;;
;;;;
;;;;
;;;;
;;;;
;;;;
;;;;
;;;;
;;;;
;;;;
;;;;
;;;;
;;;;
;;;;
;;;;
;;;;
;;;;
;;;;
;;;;
;;;;
;;;;
;;;;
;;;;
;;;;
;;;;
;;;;
;;;;
;;;;
;;;;
;;;;
;;;;
;;;;
;;;;
;;;;
;;;;
;;;;
;;;;
;;;;
;;;;
;;;;
;;;;
;;;;
;;;;
;;;;
;;;;
;;;;
;;;;
;;;;
;;;;
;;;;
;;;;
;;;;
;;;;
;;;;
;;;;
;;;;
;;;;
;;;;
;;;;
;;;;
;;;;
;;;;
;;;;
;;;;
;;;;
;;;;
;;;;
;;;;
;;;;
;;;;
;;;;
;;;;
;;;;
;;;;
;;;;
;;;;
;;;;
;;;;
;;;;
;;;;
;;;;
;;;;
;;;;
;;;;
;;;;
;;;;
;;;;
;;;;
;;;;
;;;;
;;;;
;;;;
;;;;
;;;;
;;;;
;;;;
;;;;
;;;;
;;;;
;;;;
;;;;
;;;;
;;;;
;;;;
;;;;
;;;;
;;;;
;;;;
;;;;
;;;;
;;;;
;;;;
;;;;
;;;;
;;;;
;;;;
;;;;
;;;;
;;;;
;;;;
;;;;
;;;;
;;;;
;;;;
;;;;
;;;;
;;;;
;;;;
;;;;
;;;;
;;;;
;;;;
;;;;
;;;;
;;;;
;;;;
;;;;
;;;;
;;;;
;;;;
;;;;
;;;;
;;;;
;;;;
;;;;
;;;;
;;;;
;;;;
;;;;
;;;;
;;;;
;;;;
;;;;
;;;;
;;;;
;;;;
;;;;
;;;;
;;;;
;;;;
;;;;
;;;;
;;;;
;;;;
;;;;
;;;;
;;;;
;;;;
;;;;
;;;;
;;;;
;;;;
;;;;
;;;;
;;;;
;;;;
;;;;
;;;;
;;;;
;;;;
;;;;
;;;;
;;;;
;;;;
;;;;
;;;;
;;;;
;;;;
;;;;
;;;;
;;;;
;;;;
;;;;
;;;;
;;;;
;;;;
;;;;
;;;;
;;;;
;;;;
;;;;
;;;;
;;;;
;;;;
;;;;
;;;;
;;;;
;;;;
;;;;
;;;;
;;;;
;;;;
;;;;
;;;;
;;;;
;;;;
;;;;
;;;;
;;;;
;;;;
;;;;
;;;;
;;;;
;;;;
;;;;
;;;;
;;;;
;;;;
;;;;
;;;;
;;;;
;;;;
;;;;
;;;;
;;;;
;;;;
;;;;
;;;;
;;;;
;;;;
;;;;
;;;;
;;;;
;;;;
;;;;
;;;;
;;;;
;;;;
;;;;
;;;;
;;;;
;;;;
;;;;
;;;;
;;;;
;;;;
;;;;
;;;;
;;;;
;;;;
;;;;
;;;;
;;;;
;;;;
;;;;
;;;;
;;;;
;;;;
;;;;
;;;;
;;;;
;;;;
;;;;
;;;;
;;;;
;;;;
;;;;
;;;;
;;;;
;;;;
;;;;
;;;;
;;;;
;;;;
;;;;
;;;;
;;;;
;;;;
;;;;
;;;;
;;;;
;;;;
;;;;
;;;;
;;;;
;;;;
;;;;
;;;;
;;;;
;;;;
;;;;
;;;;
;;;;
;;;;
;;;;
;;;;
;;;;
;;;;
;;;;
;;;;
;;;;
;;;;
;;;;
;;;;
;;;;
;;;;
;;;;
;;;;
;;;;
;;;;
;;;;
;;;;
;;;;
;;;;
;;;;
;;;;
;;;;
;;;;
;;;;
;;;;
;;;;
;;;;
;;;;
;;;;
;;;;
;;;;
;;;;
;;;;
;;;;
;;;;
;;;;
;;;;
;;;;
;;;;
;;;;
;;;;
;;;;
;;;;
;;;;
;;;;
;;;;
;;;;
;;;;
;;;;
;;;;
;;;;
;;;;
;;;;
;;;;
;;;;
;;;;
;;;;
;;;;
;;;;
;;;;
;;;;
;;;;
;;;;
;;;;
;;;;
;;;;
;;;;
;;;;
;;;;
;;;;
;;;;
;;;;
;;;;
;;;;
;;;;
;;;;
;;;;
;;;;
;;;;
;;;;
;;;;
;;;;
;;;;
;;;;
;;;;
;;;;
;;;;
;;;;
;;;;
;;;;
;;;;
;;;;
;;;;
;;;;
;;;;
;;;;
;;;;
;;;;
;;;;
;;;;
;;;;
;;;;
;;;;
;;;;
;;;;
;;;;
;;;;
;;;;
;;;;
;;;;
;;;;
;;;;
;;;;
;;;;
;;;;
;;;;
;;;;
;;;;
;;;;
;;;;
;;;;
;;;;
;;;;
;;;;
;;;;
;;;;
;;;;
;;;;
;;;;
;;;;
;;;;
;;;;
;;;;
;;;;
;;;;
;;;;
;;;;
;;;;
;;;;
;;;;
;;;;
;;;;
;;;;
;;;;
;;;;
;;;;
;;;;
;;;;
;;;;
;;;;
;;;;
;;;;
;;;;
;;;;
;;;;
;;;;
;;;;
;;;;
;;;;
;;;;
;;;;
;;;;
;;;;
;;;;
;;;;
;;;;
;;;;
;;;;
;;;;
;;;;
;;;;
;;;;
;;;;
;;;;
;;;;
;;;;
;;;;
;;;;
;;;;
;;;;
;;;;
;;;;
;;;;
;;;;
;;;;
;;;;
;;;;
;;;;
;;;;
;;;;
;;;;
;;;;
;;;;
;;;;
;;;;
;;;;
;;;;
;;;;
;;;;
;;;;
;;;;
;;;;
;;;;
;;;;
;;;;
;;;;
;;;;
;;;;
;;;;
;;;;
;;;;
;;;;
;;;;
;;;;
;;;;
;;;;
;;;;
;;;;
;;;;
;;;;
;;;;
;;;;
;;;;
;;;;
;;;;
;;;;
;;;;
;;;;
;;;;
;;;;
;;;;
;;;;
;;;;
;;;;
;;;;
;;;;
;;;;
;;;;
;;;;
;;;;
;;;;
;;;;
;;;;
;;;;
;;;;
;;;;
;;;;
;;;;
;;;;
;;;;
;;;;
;;;;
;;;;
;;;;
;;;;
;;;;
;;;;
;;;;
;;;;
;;;;
;;;;
;;;;
;;;;
;;;;
;;;;
;;;;
;;;;
;;;;
;;;;
;;;;
;;;;
;;;;
;;;;
;;;;
;;;;
;;;;
;;;;
;;;;
;;;;
;;;;
;;;;
;;;;
;;;;
;;;;
;;;;
;;;;
;;;;
;;;;
;;;;
;;;;
;;;;
;;;;
;;;;
;;;;
;;;;
;;;;
;;;;
;;;;
;;;;
;;;;
;;;;
;;;;
;;;;
;;;;
;;;;
;;;;
;;;;
;;;;
;;;;
;;;;
;;;;
;;;;
;;;;
;;;;
;;;;
;;;;
;;;;
;;;;
;;;;
;;;;
;;;;
;;;;
;;;;
;;;;
;;;;
;;;;
;;;;
;;;;
;;;;
;;;;
;;;;
;;;;
;;;;
;;;;
;;;;
;;;;
;;;;
;;;;
;;;;
;;;;
;;;;
;;;;
;;;;
;;;;
;;;;
;;;;
;;;;
;;;;
;;;;
;;;;
;;;;
;;;;
;;;;
;;;;
;;;;
;;;;
;;;;
;;;;
;;;;
;;;;
;;;;
;;;;
;;;;
;;;;
;;;;
;;;;
;;;;
;;;;
;;;;
;;;;
;;;;
;;;;
;;;;
;;;;
;;;;
;;;;
;;;;
;;;;
;;;;
;;;;
;;;;
;;;;
;;;;
;;;;
;;;;
;;;;
;;;;
;;;;
;;;;
;;;;
;;;;
;;;;
;;;;
;;;;
;;;;
;;;;
;;;;
;;;;
;;;;
;;;;
;;;;
;;;;
;;;;
;;;;
;;;;
;;;;
;;;;
;;;;
;;;;
;;;;
;;;;
;;;;
;;;;
;;;;
;;;;
;;;;
;;;;
;;;;
;;;;
;;;;
;;;;
;;;;
;;;;
;;;;
;;;;
;;;;
;;;;
;;;;
;;;;
;;;;
;;;;
;;;;
;;;;
;;;;
;;;;
;;;;
;;;;
;;;;
;;;;
;;;;
;;;;
;;;;
;;;;
;;;;
;;;;
;;;;
;;;;
;;;;
;;;;
;;;;
;;;;
;;;;
;;;;
;;;;
;;;;
;;;;
;;;;
;;;;
;;;;
;;;;
;;;;
;;;;
;;;;
;;;;
;;;;
;;;;
;;;;
;;;;
;;;;
;;;;
;;;;
;;;;
;;;;
;;;;
;;;;
;;;;
;;;;
;;;;
;;;;
;;;;
;;;;
;;;;
;;;;
;;;;
;;;;
;;;;
;;;;
;;;;
;;;;
;;;;
;;;;
;;;;
;;;;
;;;;
;;;;
;;;;
;;;;
;;;;
;;;;
;;;;
;;;;
;;;;
;;;;
;;;;
;;;;
;;;;
;;;;
;;;;
;;;;
;;;;
;;;;
;;;;
;;;;
;;;;
;;;;
;;;;
;;;;
;;;;
;;;;
;;;;
;;;;
;;;;
;;;;
;;;;
;;;;
;;;;
;;;;
;;;;
;;;;
;;;;
;;;;
;;;;
;;;;
;;;;
;;;;
;;;;
;;;;
;;;;
;;;;
;;;;
;;;;
;;;;
;;;;
;;;;
;;;;
;;;;
;;;;
;;;;
;;;;
;;;;
;;;;
;;;;
;;;;
;;;;
;;;;
;;;;
;;;;
;;;;
;;;;
;;;;
;;;;
;;;;
;;;;
;;;;
;;;;
;;;;
;;;;
;;;;
;;;;
;;;;
;;;;
;;;;
;;;;
;;;;
;;;;
;;;;
;;;;
;;;;
;;;;
;;;;
;;;;
;;;;
;;;;
;;;;
;;;;
;;;;
;;;;
;;;;
;;;;
;;;;
;;;;
;;;;
;;;;
;;;;
;;;;
;;;;
;;;;
;;;;
;;;;
;;;;
;;;;
;;;;
;;;;
;;;;
;;;;
;;;;
;;;;
;;;;
;;;;
;;;;
;;;;
;;;;
;;;;
;;;;
;;;;
;;;;
;;;;
;;;;
;;;;
;;;;
;;;;
;;;;
;;;;
;;;;
;;;;
;;;;
;;;;
;;;;
;;;;
;;;;
;;;;
;;;;
;;;;
;;;;
;;;;
;;;;
;;;;
;;;;
;;;;
;;;;
;;;;
;;;;
;;;;
;;;;
;;;;
;;;;
;;;;
;;;;
;;;;
;;;;
;;;;
;;;;
;;;;
;;;;
;;;;
;;;;
;;;;
;;;;
;;;;
;;;;
;;;;
;;;;
;;;;
;;;;
;;;;
;;;;
;;;;
;;;;
;;;;
;;;;
;;;;
;;;;
;;;;
;;;;
;;;;
;;;;
;;;;
;;;;
;;;;
;;;;
;;;;
;;;;
;;;;
;;;;
;;;;
;;;;
;;;;
;;;;
;;;;
;;;;
;;;;
;;;;
;;;;
;;;;
;;;;
;;;;
;;;;
;;;;
;;;;
;;;;
;;;;
;;;;
;;;;
;;;;
;;;;
;;;;
;;;;
;;;;
;;;;
;;;;
;;;;
;;;;
;;;;
;;;;
;;;;
;;;;
;;;;
;;;;
;;;;
;;;;
;;;;
;;;;
;;;;
;;;;
;;;;
;;;;
;;;;
;;;;
;;;;
;;;;
;;;;
;;;;
;;;;
;;;;
;;;;
;;;;
;;;;
;;;;
;;;;
;;;;
;;;;
;;;;
;;;;
;;;;
;;;;
;;;;
;;;;
;;;;
;;;;
;;;;
;;;;
;;;;
;;;;
;;;;
;;;;
;;;;
;;;;
;;;;
;;;;
;;;;
;;;;
;;;;
;;;;
;;;;
;;;;
;;;;
;;;;
;;;;
;;;;
;;;;
;;;;
;;;;
;;;;
;;;;
;;;;
;;;;
;;;;
;;;;
;;;;
;;;;
;;;;
;;;;
;;;;
;;;;
;;;;
;;;;
;;;;
;;;;
;;;;
;;;;
;;;;
;;;;
;;;;
;;;;
;;;;
;;;;
;;;;
;;;;
;;;;
;;;;
;;;;
;;;;
;;;;
;;;;
;;;;
;;;;
;;;;
;;;;
;;;;
;;;;
;;;;
;;;;
;;;;
;;;;
;;;;
;;;;
;;;;
;;;;
;;;;
;;;;
;;;;
;;;;
;;;;
;;;;
;;;;
;;;;
;;;;
;;;;
;;;;
;;;;
;;;;
;;;;
;;;;
;;;;
;;;;
;;;;
;;;;
;;;;
;;;;
;;;;
;;;;
;;;;
;;;;
;;;;
;;;;
;;;;
;;;;
;;;;
;;;;
;;;;
;;;;
;;;;
;;;;
;;;;
;;;;
;;;;
;;;;
;;;;
;;;;
;;;;
;;;;
;;;;
;;;;
;;;;
;;;;
;;;;
;;;;
;;;;
;;;;
;;;;
;;;;
;;;;
;;;;
;;;;
;;;;
;;;;
;;;;
;;;;
;;;;
;;;;
;;;;
;;;;
;;;;
;;;;
;;;;
;;;;
;;;;
;;;;
;;;;
;;;;
;;;;
;;;;
;;;;
;;;;
;;;;
;;;;
;;;;
;;;;
;;;;
;;;;
;;;;
;;;;
;;;;
;;;;
;;;;
;;;;
;;;;
;;;;
;;;;
;;;;
;;;;
;;;;
;;;;
;;;;
;;;;
;;;;
;;;;
;;;;
;;;;
;;;;
;;;;
;;;;
;;;;
;;;;
;;;;
;;;;
;;;;
;;;;
;;;;
;;;;
;;;;
;;;;
;;;;
;;;;
;;;;
;;;;
;;;;
;;;;
;;;;
;;;;
;;;;
;;;;
;;;;
;;;;
;;;;
;;;;
;;;;
;;;;
;;;;
;;;;
;;;;
;;;;
;;;;
;;;;
;;;;
;;;;
;;;;
;;;;
;;;;
;;;;
;;;;
;;;;
;;;;
;;;;
;;;;
;;;;
;;;;
;;;;
;;;;
;;;;
;;;;
;;;;
;;;;
;;;;
;;;;
;;;;
;;;;
;;;;
;;;;
;;;;
;;;;
;;;;
;;;;
;;;;
;;;;
;;;;
;;;;
;;;;
;;;;
;;;;
;;;;
;;;;
;;;;
;;;;
;;;;
;;;;
;;;;
;;;;
;;;;
;;;;
;;;;
;;;;
;;;;
;;;;
;;;;
;;;;
;;;;
;;;;
;;;;
;;;;
;;;;
;;;;
;;;;
;;;;
;;;;
;;;;
;;;;
;;;;
;;;;
;;;;
;;;;
;;;;
;;;;
;;;;
;;;;
;;;;
;;;;
;;;;
;;;;
;;;;
;;;;
;;;;
;;;;
;;;;
;;;;
;;;;
;;;;
;;;;
;;;;
;;;;
;;;;
;;;;
;;;;
;;;;
;;;;
;;;;
;;;;
;;;;
;;;;
;;;;
;;;;
;;;;
;;;;
;;;;
;;;;
;;;;
;;;;
;;;;
;;;;
;;;;
;;;;
;;;;
;;;;
;;;;
;;;;
;;;;
;;;;
;;;;
;;;;
;;;;
;;;;
;;;;
;;;;
;;;;
;;;;
;;;;
;;;;
;;;;
;;;;
;;;;
;;;;
;;;;
;;;;
;;;;
;;;;
;;;;
;;;;
;;;;
;;;;
;;;;
;;;;
;;;;
;;;;
;;;;
;;;;
;;;;
;;;;
;;;;
;;;;
;;;;
;;;;
;;;;
;;;;
;;;;
;;;;
;;;;
;;;;
;;;;
;;;;
;;;;
;;;;
;;;;
;;;;
;;;;
;;;;
;;;;
;;;;
;;;;
;;;;
;;;;
;;;;
;;;;
;;;;
;;;;
;;;;
;;;;
;;;;
;;;;
;;;;
;;;;
;;;;
;;;;
;;;;
;;;;
;;;;
;;;;
;;;;
;;;;
;;;;
;;;;
;;;;
;;;;
;;;;
;;;;
;;;;
;;;;
;;;;
;;;;
;;;;
;;;;
;;;;
;;;;
;;;;
;;;;
;;;;
;;;;
;;;;
;;;;
;;;;
;;;;
;;;;
;;;;
;;;;
;;;;
;;;;
;;;;
;;;;
;;;;
;;;;
;;;;
;;;;
;;;;
;;;;
;;;;
;;;;
;;;;
;;;;
;;;;
;;;;
;;;;
;;;;
;;;;
;;;;
;;;;
;;;;
;;;;
;;;;
;;;;
;;;;
;;;;
;;;;
;;;;
;;;;
;;;;
;;;;
;;;;
;;;;
;;;;
;;;;
;;;;
;;;;
;;;;
;;;;
;;;;
;;;;
;;;;
;;;;
;;;;
;;;;
;;;;
;;;;
;;;;
;;;;
;;;;
;;;;
;;;;
;;;;
;;;;
;;;;
;;;;
;;;;
;;;;
;;;;
;;;;
;;;;
;;;;
;;;;
;;;;
;;;;
;;;;
;;;;
;;;;
;;;;
;;;;
;;;;
;;;;
;;;;
;;;;
;;;;
;;;;
;;;;
;;;;
;;;;
;;;;
;;;;
;;;;
;;;;
;;;;
;;;;
;;;;
;;;;
;;;;
;;;;
;;;;
;;;;
;;;;
;;;;
;;;;
;;;;
;;;;
;;;;
;;;;
;;;;
;;;;
;;;;
;;;;
;;;;
;;;;
;;;;
;;;;
;;;;
;;;;
;;;;
;;;;
;;;;
;;;;
;;;;
;;;;
;;;;
;;;;
;;;;
;;;;
;;;;
;;;;
;;;;
;;;;
;;;;
;;;;
;;;;
;;;;
;;;;
;;;;
;;;;
;;;;
;;;;
;;;;
;;;;
;;;;
;;;;
;;;;
;;;;
;;;;
;;;;
;;;;
;;;;
;;;;
;;;;
;;;;
;;;;
;;;;
;;;;
;;;;
;;;;
;;;;
;;;;
;;;;
;;;;
;;;;
;;;;
;;;;
;;;;
;;;;
;;;;
;;;;
;;;;
;;;;
;;;;
;;;;
;;;;
;;;;
;;;;
;;;;
;;;;
;;;;
;;;;
;;;;
;;;;
;;;;
;;;;
;;;;
;;;;
;;;;
;;;;
;;;;
;;;;
;;;;
;;;;
;;;;
;;;;
;;;;
;;;;
;;;;
;;;;
;;;;
;;;;
;;;;
;;;;
;;;;
;;;;
;;;;
;;;;
;;;;
;;;;
;;;;
;;;;
;;;;
;;;;
;;;;
;;;;
;;;;
;;;;
;;;;
;;;;
;;;;
;;;;
;;;;
;;;;
;;;;
;;;;
;;;;
;;;;
;;;;
;;;;
;;;;
;;;;
;;;;
;;;;
;;;;
;;;;
;;;;
;;;;
;;;;
;;;;
;;;;
;;;;
;;;;
;;;;
;;;;
;;;;
;;;;
;;;;
;;;;
;;;;
;;;;
;;;;
;;;;
;;;;
;;;;
;;;;
;;;;
;;;;
;;;;
;;;;
;;;;
;;;;
;;;;
;;;;
;;;;
;;;;
;;;;
;;;;
;;;;
;;;;
;;;;
;;;;
;;;;
;;;;
;;;;
;;;;
;;;;
;;;;
;;;;
;;;;
;;;;
;;;;
;;;;
;;;;
;;;;
;;;;
;;;;
;;;;
;;;;
;;;;
;;;;
;;;;
;;;;
;;;;
;;;;
;;;;
;;;;
;;;;
;;;;
;;;;
;;;;
;;;;
;;;;
;;;;
;;;;
;;;;
;;;;
;;;;
;;;;
;;;;
;;;;
;;;;
;;;;
;;;;
;;;;
;;;;
;;;;
;;;;
;;;;
;;;;
;;;;
;;;;
;;;;
;;;;
;;;;
;;;;
;;;;
;;;;
;;;;
;;;;
;;;;
;;;;
;;;;
;;;;
;;;;
;;;;
;;;;
;;;;
;;;;
;;;;
;;;;
;;;;
;;;;
;;;;
;;;;
;;;;
;;;;
;;;;
;;;;
;;;;
;;;;
;;;;
;;;;
;;;;
;;;;
;;;;
;;;;
;;;;
;;;;
;;;;
;;;;
;;;;
;;;;
;;;;
;;;;
;;;;
;;;;
;;;;
;;;;
;;;;
;;;;
;;;;
;;;;
;;;;
;;;;
;;;;
;;;;
;;;;
;;;;
;;;;
;;;;
;;;;
;;;;
;;;;
;;;;
;;;;
;;;;
;;;;
;;;;
;;;;
;;;;
;;;;
;;;;
;;;;
;;;;
;;;;
;;;;
;;;;
;;;;
;;;;
;;;;
;;;;
;;;;
;;;;
;;;;
;;;;
;;;;
;;;;
;;;;
;;;;
;;;;
;;;;
;;;;
;;;;
;;;;
;;;;
;;;;
;;;;
;;;;
;;;;
;;;;
;;;;
;;;;
;;;;
;;;;
;;;;
;;;;
;;;;
;;;;
;;;;
;;;;
;;;;
;;;;
;;;;
;;;;
;;;;
;;;;
;;;;
;;;;
;;;;
;;;;
;;;;
;;;;
;;;;
;;;;
;;;;
;;;;
;;;;
;;;;
;;;;
;;;;
;;;;
;;;;
;;;;
;;;;
;;;;
;;;;
;;;;
;;;;
;;;;
;;;;
;;;;
;;;;
;;;;
;;;;
;;;;
;;;;
;;;;
;;;;
;;;;
;;;;
;;;;
;;;;
;;;;
;;;;
;;;;
;;;;
;;;;
;;;;
;;;;
;;;;
;;;;
;;;;
;;;;
;;;;
;;;;
;;;;
;;;;
;;;;
;;;;
;;;;
;;;;
;;;;
;;;;
;;;;
;;;;
;;;;
;;;;
;;;;
;;;;
;;;;
;;;;
;;;;
;;;;
;;;;
;;;;
;;;;
;;;;
;;;;
;;;;
;;;;
;;;;
;;;;
;;;;
;;;;
;;;;
;;;;
;;;;
;;;;
;;;;
;;;;
;;;;
;;;;
;;;;
;;;;
;;;;
;;;;
;;;;
;;;;
;;;;
;;;;
;;;;
;;;;
;;;;
;;;;
;;;;
;;;;
;;;;
;;;;
;;;;
;;;;
;;;;
;;;;
;;;;
;;;;
;;;;
;;;;
;;;;
;;;;
;;;;
;;;;
;;;;
;;;;
;;;;
;;;;
;;;;
;;;;
;;;;
;;;;
;;;;
;;;;
;;;;
;;;;
;;;;
;;;;
;;;;
;;;;
;;;;
;;;;
;;;;
;;;;
;;;;
;;;;
;;;;
;;;;
;;;;
;;;;
;;;;
;;;;
;;;;
;;;;
;;;;
;;;;
;;;;
;;;;
;;;;
;;;;
;;;;
;;;;
;;;;
;;;;
;;;;
;;;;
;;;;
;;;;
;;;;
;;;;
;;;;
;;;;
;;;;
;;;;
;;;;
;;;;
;;;;
;;;;
;;;;
;;;;
;;;;
;;;;
;;;;
;;;;
;;;;
;;;;
;;;;
;;;;
;;;;
;;;;
;;;;
;;;;
;;;;
;;;;
;;;;
;;;;
;;;;
;;;;
;;;;
;;;;
;;;;
;;;;
;;;;
;;;;
;;;;
;;;;
;;;;
;;;;
;;;;
;;;;
;;;;
;;;;
;;;;
;;;;
;;;;
;;;;
;;;;
;;;;
;;;;
;;;;
;;;;
;;;;
;;;;
;;;;
;;;;
;;;;
;;;;
;;;;
;;;;
;;;;
;;;;
;;;;
;;;;
;;;;
;;;;
;;;;
;;;;
;;;;
;;;;
;;;;
;;;;
;;;;
;;;;
;;;;
;;;;
;;;;
;;;;
;;;;
;;;;
;;;;
;;;;
;;;;
;;;;
;;;;
;;;;
;;;;
;;;;
;;;;
;;;;
;;;;
;;;;
;;;;
;;;;
;;;;
;;;;
;;;;
;;;;
;;;;
;;;;
;;;;
;;;;
;;;;
;;;;
;;;;
;;;;
;;;;
;;;;
;;;;
;;;;
;;;;
;;;;
;;;;
;;;;
;;;;
;;;;
;;;;
;;;;
;;;;
;;;;
;;;;
;;;;
;;;;
;;;;
;;;;
;;;;
;;;;
;;;;
;;;;
;;;;
;;;;
;;;;
;;;;
;;;;
;;;;
;;;;
;;;;
;;;;
;;;;
;;;;
;;;;
;;;;
;;;;
;;;;
;;;;
;;;;
;;;;
;;;;
;;;;
;;;;
;;;;
;;;;
;;;;
;;;;
;;;;
;;;;
;;;;
;;;;
;;;;
;;;;
;;;;
;;;;
;;;;
;;;;
;;;;
;;;;
;;;;
;;;;
;;;;
;;;;
;;;;
;;;;
;;;;
;;;;
;;;;
;;;;
;;;;
;;;;
;;;;
;;;;
;;;;
;;;;
;;;;
;;;;
;;;;
;;;;
;;;;
;;;;
;;;;
;;;;
;;;;
;;;;
;;;;
;;;;
;;;;
;;;;
;;;;
;;;;
;;;;
;;;;
;;;;
;;;;
;;;;
;;;;
;;;;
;;;;
;;;;
;;;;
;;;;
;;;;
;;;;
;;;;
;;;;
;;;;
;;;;
;;;;
;;;;
;;;;
;;;;
;;;;
;;;;
;;;;
;;;;
;;;;
;;;;
;;;;
;;;;
;;;;
;;;;
;;;;
;;;;
;;;;
;;;;
;;;;
;;;;
;;;;
;;;;
;;;;
;;;;
;;;;
;;;;
;;;;
;;;;
;;;;
;;;;
;;;;
;;;;
;;;;
;;;;
;;;;
;;;;
;;;;
;;;;
;;;;
;;;;
;;;;
;;;;
;;;;
;;;;
;;;;
;;;;
;;;;
;;;;
;;;;
;;;;
;;;;
;;;;
;;;;
;;;;
;;;;
;;;;
;;;;
;;;;
;;;;
;;;;
;;;;
;;;;
;;;;
;;;;
;;;;
;;;;
;;;;
;;;;
;;;;
;;;;
;;;;
;;;;
;;;;
;;;;
;;;;
;;;;
;;;;
;;;;
;;;;
;;;;
;;;;
;;;;
;;;;
;;;;
;;;;
;;;;
;;;;
;;;;
;;;;
;;;;
;;;;
;;;;
;;;;
;;;;
;;;;
;;;;
;;;;
;;;;
;;;;
;;;;
;;;;
;;;;
;;;;
;;;;
;;;;
;;;;
;;;;
;;;;
;;;;
;;;;
;;;;
;;;;
;;;;
;;;;
;;;;
;;;;
;;;;
;;;;
;;;;
;;;;
;;;;
;;;;
;;;;
;;;;
;;;;
;;;;
;;;;
;;;;
;;;;
;;;;
;;;;
;;;;
;;;;
;;;;
;;;;
;;;;
;;;;
;;;;
;;;;
;;;;
;;;;
;;;;
;;;;
;;;;
;;;;
;;;;
;;;;
;;;;
;;;;
;;;;
;;;;
;;;;
;;;;
;;;;
;;;;
;;;;
;;;;
;;;;
;;;;
;;;;
;;;;
;;;;
;;;;
;;;;
;;;;
;;;;
;;;;
;;;;
;;;;
;;;;
;;;;
;;;;
;;;;
;;;;
;;;;
;;;;
;;;;
;;;;
;;;;
;;;;
;;;;
;;;;
;;;;
;;;;
;;;;
;;;;
;;;;
;;;;
;;;;
;;;;
;;;;
;;;;
;;;;
;;;;
;;;;
;;;;
;;;;
;;;;
;;;;
;;;;
;;;;
;;;;
;;;;
;;;;
;;;;
;;;;
;;;;
;;;;
;;;;
;;;;
;;;;
;;;;
;;;;
;;;;
;;;;
;;;;
;;;;
;;;;
;;;;
;;;;
;;;;
;;;;
;;;;
;;;;
;;;;
;;;;
;;;;
;;;;
;;;;
;;;;
;;;;
;;;;
;;;;
;;;;
;;;;
;;;;
;;;;
;;;;
;;;;
;;;;
;;;;
;;;;
;;;;
;;;;
;;;;
;;;;
;;;;
;;;;
;;;;
;;;;
;;;;
;;;;
;;;;
;;;;
;;;;
;;;;
;;;;
;;;;
;;;;
;;;;
;;;;
;;;;
;;;;
;;;;
;;;;
;;;;
;;;;
;;;;
;;;;
;;;;
;;;;
;;;;
;;;;
;;;;
;;;;
;;;;
;;;;
;;;;
;;;;
;;;;
;;;;
;;;;
;;;;
;;;;
;;;;
;;;;
;;;;
;;;;
;;;;
;;;;
;;;;
;;;;
;;;;
;;;;
;;;;
;;;;
;;;;
;;;;
;;;;
;;;;
;;;;
;;;;
;;;;
;;;;
;;;;
;;;;
;;;;
;;;;
;;;;
;;;;
;;;;
;;;;
;;;;
;;;;
;;;;
;;;;
;;;;
;;;;
;;;;
;;;;
;;;;
;;;;
;;;;
;;;;
;;;;
;;;;
;;;;
;;;;
;;;;
;;;;
;;;;
;;;;
;;;;
;;;;
;;;;
;;;;
;;;;
;;;;
;;;;
;;;;
;;;;
;;;;
;;;;
;;;;
;;;;
;;;;
;;;;
;;;;
;;;;
;;;;
;;;;
;;;;
;;;;
;;;;
;;;;
;;;;
;;;;
;;;;
;;;;
;;;;
;;;;
;;;;
;;;;
;;;;
;;;;
;;;;
;;;;
;;;;
;;;;
;;;;
;;;;
;;;;
;;;;
;;;;
;;;;
;;;;
;;;;
;;;;
;;;;
;;;;
;;;;
;;;;
;;;;
;;;;
;;;;
;;;;
;;;;
;;;;
;;;;
;;;;
;;;;
;;;;
;;;;
;;;;
;;;;
;;;;
;;;;
;;;;
;;;;
;;;;
;;;;
;;;;
;;;;
;;;;
;;;;
;;;;
;;;;
;;;;
;;;;
;;;;
;;;;
;;;;
;;;;
;;;;
;;;;
;;;;
;;;;
;;;;
;;;;
;;;;
;;;;
;;;;
;;;;
;;;;
;;;;
;;;;
;;;;
;;;;
;;;;
;;;;
;;;;
;;;;
;;;;
;;;;
;;;;
;;;;
;;;;
;;;;
;;;;
;;;;
;;;;
;;;;
;;;;
;;;;
;;;;
;;;;
;;;;
;;;;
;;;;
;;;;
;;;;
;;;;
;;;;
;;;;
;;;;
;;;;
;;;;
;;;;
;;;;
;;;;
;;;;
;;;;
