Дата;eq 1;eq 2;eq 3;eq 4;eq 5;eq 6;eq 7;eq 8;eq 9;eq 10;eq 11;eq 12;eq 13;eq 14;eq 15;eq 16;eq 17;eq 18;eq 19;eq 20;eq 21;eq 22;eq 23;eq 24;eq 25;eq 26;eq 27;eq 28;eq 29;eq 30;eq 31;eq 32;eq 33;eq 34;eq 35;eq 36;eq 37;eq 38;eq 39;eq 40
01.01.2013;в работе;в работе;;;в работе;;в работе;в работе;в работе;в работе;в работе;в работе;в работе;в работе;в работе;в работе;;;в работе;в работе;;в работе;;в работе;в работе;в работе;;в работе;в работе;в работе;в работе;в работе;в работе;в работе;;в работе;;;;
02.01.2013;в работе;в работе;;;в работе;;в работе;в работе;в работе;в работе;в работе;в работе;в работе;в работе;в работе;в работе;;;в работе;в работе;;в работе;;в работе;в работе;в работе;;в работе;в работе;в работе;в работе;в работе;в работе;в работе;;в работе;;;;
03.01.2013;в работе;в работе;;;в работе;;в работе;в работе;в работе;в работе;в работе;в работе;в работе;в работе;в работе;в работе;;;в работе;в работе;;в работе;;в работе;в работе;в работе;;в работе;в работе;в работе;в работе;в работе;в работе;в работе;;в работе;;;;
04.01.2013;в работе;в работе;в работе;в работе;в работе;;в работе;в работе;в работе;в работе;в работе;в работе;в работе;в работе;в работе;в работе;;;в работе;в работе;в работе;в работе;в работе;в работе;в работе;в работе;в работе;в работе;в работе;в работе;в работе;в работе;в работе;в работе;;в работе;;;;
05.01.2013;в работе;в работе;в работе;в работе;в работе;;в работе;в работе;в работе;в работе;в работе;в работе;в работе;в работе;в работе;в работе;;;в работе;в работе;в работе;в работе;в работе;в работе;в работе;в работе;в работе;в работе;в работе;в работе;в работе;в работе;в работе;в работе;;в работе;;;;
06.01.2013;в работе;в работе;в работе;в работе;в работе;;в работе;в работе;в работе;в работе;в работе;в работе;в работе;в работе;в работе;в работе;;;в работе;в работе;в работе;в работе;в работе;в работе;в работе;в работе;в работе;в работе;в работе;в работе;в работе;в работе;в работе;в работе;;в работе;;;;
07.01.2013;в работе;в работе;в работе;в работе;в работе;;в работе;в работе;в работе;в работе;в работе;в работе;в работе;в работе;в работе;в работе;;;в работе;в работе;в работе;в работе;в работе;в работе;в работе;в работе;в работе;в работе;в работе;в работе;в работе;в работе;в работе;в работе;;в работе;;;;
08.01.2013;в работе;в работе;в работе;в работе;в работе;;в работе;в работе;в работе;в работе;в работе;в работе;в работе;в работе;в работе;в работе;22:00-0:00;;в работе;в работе;в работе;в работе;в работе;в работе;в работе;в работе;в работе;в работе;в работе;в работе;в работе;в работе;в работе;в работе;в работе;в работе;;;;
09.01.2013;в работе;в работе;в работе;в работе;в работе;;в работе;в работе;в работе;в работе;в работе;в работе;в работе;в работе;в работе;в работе;в работе;;в работе;в работе;в работе;в работе;в работе;в работе;в работе;в работе;в работе;в работе;в работе;в работе;в работе;в работе;в работе;в работе;в работе;в работе;6:00-20:00;6:00-20:00;6:00-0:00;
10.01.2013;в работе;в работе;в работе;в работе;в работе;;в работе;в работе;в работе;в работе;в работе;в работе;в работе;в работе;в работе;в работе;в работе;;в работе;в работе;в работе;в работе;в работе;в работе;в работе;в работе;в работе;в работе;в работе;в работе;в работе;в работе;в работе;в работе;в работе;в работе;в работе;в работе;в работе;в работе
11.01.2013;в работе;в работе;в работе;в работе;в работе;;в работе;в работе;в работе;в работе;в работе;в работе;в работе;в работе;в работе;в работе;в работе;;в работе;в работе;в работе;в работе;в работе;в работе;в работе;в работе;в работе;в работе;в работе;в работе;в работе;в работе;в работе;в работе;в работе;в работе;в работе;в работе;в работе;в работе
12.01.2013;в работе;в работе;в работе;в работе;в работе;;в работе;в работе;в работе;в работе;в работе;в работе;в работе;в работе;в работе;в работе;в работе;;в работе;в работе;в работе;в работе;в работе;в работе;в работе;в работе;в работе;в работе;в работе;в работе;в работе;в работе;в работе;в работе;в работе;в работе;в работе;в работе;в работе;в работе
13.01.2013;в работе;в работе;в работе;в работе;в работе;;в работе;в работе;в работе;в работе;в работе;в работе;в работе;в работе;в работе;в работе;в работе;;в работе;в работе;в работе;в работе;в работе;в работе;в работе;в работе;в работе;в работе;в работе;в работе;в работе;в работе;в работе;в работе;в работе;в работе;в работе;в работе;в работе;в работе
14.01.2013;в работе;в работе;в работе;в работе;в работе;;в работе;в работе;в работе;в работе;в работе;в работе;в работе;в работе;в работе;в работе;в работе;;в работе;в работе;в работе;в работе;в работе;в работе;в работе;в работе;в работе;в работе;в работе;в работе;в работе;в работе;в работе;в работе;в работе;в работе;в работе;в работе;в работе;в работе
15.01.2013;в работе;в работе;в работе;в работе;в работе;;в работе;в работе;в работе;в работе;в работе;в работе;в работе;в работе;в работе;в работе;в работе;;в работе;в работе;в работе;в работе;в работе;в работе;в работе;в работе;в работе;в работе;в работе;в работе;в работе;в работе;в работе;в работе;в работе;в работе;в работе;в работе;в работе;в работе
16.01.2013;в работе;в работе;в работе;в работе;в работе;;в работе;в работе;в работе;в работе;в работе;в работе;в работе;в работе;в работе;в работе;в работе;;в работе;в работе;в работе;в работе;в работе;в работе;в работе;в работе;в работе;в работе;в работе;в работе;в работе;в работе;в работе;в работе;в работе;в работе;в работе;в работе;в работе;в работе
17.01.2013;в работе;в работе;в работе;в работе;в работе;;в работе;в работе;в работе;в работе;в работе;в работе;в работе;в работе;в работе;в работе;в работе;;в работе;в работе;в работе;в работе;в работе;в работе;в работе;в работе;в работе;в работе;в работе;в работе;в работе;в работе;в работе;в работе;в работе;в работе;в работе;в работе;в работе;в работе
18.01.2013;в работе;в работе;в работе;в работе;в работе;;в работе;в работе;в работе;в работе;в работе;в работе;в работе;в работе;в работе;в работе;в работе;;в работе;в работе;в работе;в работе;в работе;в работе;в работе;в работе;в работе;в работе;в работе;в работе;в работе;в работе;в работе;в работе;в работе;в работе;в работе;в работе;в работе;в работе
19.01.2013;в работе;в работе;в работе;в работе;в работе;;в работе;в работе;в работе;в работе;в работе;в работе;в работе;в работе;в работе;в работе;в работе;;в работе;в работе;в работе;в работе;в работе;в работе;в работе;в работе;в работе;в работе;в работе;в работе;в работе;в работе;в работе;в работе;в работе;в работе;в работе;в работе;в работе;в работе
20.01.2013;в работе;в работе;в работе;в работе;в работе;;в работе;в работе;в работе;в работе;в работе;в работе;в работе;в работе;в работе;в работе;в работе;;в работе;в работе;в работе;в работе;в работе;в работе;в работе;в работе;в работе;в работе;в работе;в работе;в работе;в работе;в работе;в работе;в работе;в работе;в работе;в работе;в работе;в работе
21.01.2013;в работе;в работе;в работе;в работе;в работе;;в работе;в работе;в работе;в работе;в работе;в работе;в работе;в работе;в работе;в работе;в работе;;в работе;в работе;в работе;в работе;в работе;в работе;в работе;в работе;в работе;в работе;в работе;в работе;в работе;в работе;в работе;в работе;в работе;в работе;в работе;в работе;в работе;в работе
22.01.2013;в работе;в работе;в работе;в работе;в работе;;в работе;в работе;в работе;в работе;в работе;в работе;в работе;в работе;в работе;в работе;в работе;;в работе;в работе;в работе;в работе;в работе;в работе;в работе;в работе;в работе;в работе;в работе;в работе;в работе;в работе;в работе;в работе;в работе;в работе;в работе;в работе;в работе;в работе
23.01.2013;в работе;в работе;в работе;в работе;в работе;;в работе;в работе;в работе;в работе;в работе;в работе;в работе;в работе;в работе;в работе;в работе;;в работе;в работе;в работе;в работе;в работе;в работе;в работе;в работе;в работе;в работе;в работе;в работе;в работе;в работе;в работе;в работе;в работе;в работе;в работе;в работе;в работе;в работе
24.01.2013;в работе;в работе;в работе;в работе;в работе;;в работе;в работе;в работе;в работе;в работе;в работе;в работе;в работе;в работе;в работе;в работе;;в работе;в работе;в работе;в работе;в работе;в работе;в работе;в работе;в работе;в работе;в работе;в работе;в работе;в работе;в работе;в работе;в работе;в работе;в работе;в работе;в работе;в работе
25.01.2013;в работе;в работе;в работе;в работе;в работе;;в работе;в работе;в работе;в работе;в работе;в работе;в работе;в работе;в работе;в работе;в работе;;в работе;в работе;в работе;в работе;в работе;в работе;в работе;в работе;в работе;в работе;в работе;в работе;в работе;в работе;в работе;в работе;в работе;в работе;в работе;в работе;в работе;в работе
26.01.2013;в работе;в работе;в работе;в работе;в работе;;в работе;в работе;в работе;в работе;в работе;в работе;в работе;в работе;в работе;в работе;в работе;;в работе;в работе;в работе;в работе;в работе;в работе;в работе;в работе;в работе;в работе;в работе;в работе;в работе;в работе;в работе;в работе;в работе;в работе;в работе;в работе;в работе;в работе
27.01.2013;в работе;в работе;в работе;в работе;в работе;;в работе;в работе;в работе;в работе;в работе;в работе;в работе;в работе;в работе;в работе;в работе;;в работе;в работе;в работе;в работе;в работе;в работе;в работе;в работе;в работе;в работе;в работе;в работе;в работе;в работе;в работе;в работе;в работе;в работе;в работе;в работе;в работе;в работе
28.01.2013;в работе;в работе;в работе;в работе;в работе;;в работе;в работе;в работе;в работе;в работе;в работе;в работе;в работе;в работе;в работе;в работе;;в работе;в работе;в работе;в работе;в работе;в работе;в работе;в работе;в работе;в работе;в работе;в работе;в работе;в работе;в работе;в работе;в работе;в работе;в работе;в работе;в работе;
29.01.2013;в работе;в работе;в работе;в работе;в работе;;в работе;в работе;в работе;в работе;в работе;в работе;в работе;в работе;в работе;в работе;в работе;;в работе;в работе;в работе;в работе;в работе;в работе;в работе;в работе;в работе;в работе;в работе;в работе;в работе;в работе;в работе;в работе;в работе;в работе;в работе;в работе;в работе;в работе
30.01.2013;в работе;в работе;в работе;в работе;в работе;;в работе;в работе;в работе;в работе;в работе;в работе;в работе;в работе;в работе;в работе;в работе;;в работе;в работе;в работе;в работе;в работе;в работе;в работе;в работе;в работе;в работе;в работе;в работе;в работе;в работе;в работе;в работе;в работе;в работе;в работе;в работе;в работе;в работе
31.01.2013;в работе;в работе;в работе;в работе;в работе;;в работе;00:00-09:00;в работе;в работе;в работе;в работе;в работе;в работе;в работе;в работе;в работе;;в работе;в работе;в работе;в работе;00:00-09:00;в работе;в работе;в работе;в работе;в работе;в работе;в работе;в работе;в работе;в работе;в работе;в работе;в работе;в работе;в работе;в работе;в работе
01.02.2013;в работе;в работе;в работе;;в работе;;в работе;;в работе;в работе;в работе;в работе;в работе;в работе;в работе;в работе;в работе;;в работе;в работе;в работе;в работе;;в работе;в работе;в работе;в работе;в работе;в работе;в работе;в работе;в работе;в работе;в работе;в работе;в работе;в работе;в работе;в работе;в работе
02.02.2013;в работе;в работе;в работе;08:00-00:00;00:00-08:00;;в работе;;в работе;в работе;в работе;в работе;в работе;в работе;в работе;в работе;;;в работе;в работе;в работе;в работе;17:00-00:00;в работе;в работе;в работе;в работе;в работе;в работе;в работе;в работе;в работе;в работе;в работе;в работе;в работе;в работе;в работе;08:00-20:00;08:00-20:00
03.02.2013;в работе;в работе;в работе;в работе;;;в работе;15:45-00:00;в работе;в работе;в работе;в работе;в работе;в работе;в работе;в работе;;;в работе;в работе;в работе;в работе;в работе;в работе;в работе;в работе;в работе;в работе;в работе;в работе;в работе;в работе;в работе;в работе;в работе;в работе;в работе;в работе;08:00-20:00;08:00-20:00
04.02.2013;в работе;в работе;в работе;в работе;в работе;;в работе;в работе;в работе;в работе;в работе;в работе;в работе;в работе;в работе;в работе;в работе;;в работе;в работе;в работе;в работе;в работе;в работе;в работе;в работе;в работе;в работе;в работе;в работе;в работе;в работе;в работе;в работе;в работе;в работе;в работе;в работе;08:00-20:00;08:00-20:00
05.02.2013;в работе;в работе;в работе;в работе;в работе;;в работе;в работе;в работе;в работе;в работе;в работе;в работе;в работе;в работе;в работе;в работе;;в работе;в работе;в работе;в работе;в работе;в работе;в работе;в работе;в работе;в работе;в работе;в работе;в работе;в работе;в работе;в работе;в работе;в работе;в работе;в работе;08:00-20:00;08:00-20:00
06.02.2013;в работе;в работе;в работе;в работе;в работе;;в работе;в работе;в работе;в работе;в работе;в работе;в работе;в работе;в работе;в работе;в работе;;в работе;в работе;в работе;в работе;в работе;в работе;в работе;в работе;в работе;в работе;в работе;в работе;в работе;в работе;в работе;в работе;в работе;в работе;в работе;в работе;08:00-20:00;08:00-20:00
07.02.2013;в работе;в работе;в работе;в работе;в работе;;в работе;в работе;в работе;в работе;в работе;в работе;в работе;в работе;в работе;в работе;в работе;;в работе;в работе;в работе;в работе;в работе;в работе;в работе;в работе;в работе;в работе;в работе;в работе;в работе;в работе;в работе;в работе;в работе;в работе;в работе;в работе;в работе;08:00-20:00
08.02.2013;в работе;в работе;в работе;в работе;в работе;;в работе;в работе;в работе;в работе;в работе;в работе;в работе;в работе;в работе;в работе;в работе;;в работе;в работе;в работе;в работе;в работе;в работе;в работе;в работе;в работе;в работе;в работе;в работе;в работе;в работе;в работе;в работе;в работе;в работе;в работе;в работе;в работе;08:00-20:00
09.02.2013;в работе;в работе;в работе;в работе;в работе;;в работе;в работе;в работе;в работе;в работе;в работе;в работе;в работе;в работе;в работе;в работе;;в работе;в работе;в работе;в работе;в работе;в работе;в работе;в работе;в работе;в работе;в работе;в работе;в работе;в работе;в работе;в работе;в работе;в работе;в работе;в работе;в работе;08:00-20:00
10.02.2013;в работе;в работе;в работе;в работе;в работе;;в работе;в работе;в работе;в работе;в работе;в работе;в работе;в работе;в работе;в работе;в работе;;в работе;в работе;в работе;в работе;в работе;в работе;в работе;в работе;в работе;в работе;в работе;в работе;в работе;в работе;в работе;в работе;в работе;в работе;в работе;в работе;в работе;08:00-20:00
11.02.2013;в работе;в работе;в работе;в работе;в работе;;в работе;в работе;в работе;в работе;в работе;в работе;в работе;в работе;в работе;в работе;в работе;;в работе;в работе;в работе;в работе;в работе;в работе;в работе;в работе;в работе;в работе;в работе;в работе;в работе;в работе;в работе;в работе;в работе;в работе;в работе;в работе;в работе;08:00-20:00
12.02.2013;в работе;в работе;в работе;в работе;в работе;;в работе;в работе;в работе;в работе;в работе;в работе;в работе;в работе;в работе;в работе;в работе;;в работе;в работе;в работе;в работе;в работе;в работе;в работе;в работе;в работе;в работе;в работе;в работе;в работе;в работе;в работе;в работе;в работе;в работе;в работе;в работе;в работе;08:00-20:00
13.02.2013;в работе;в работе;в работе;в работе;в работе;;в работе;в работе;в работе;в работе;в работе;в работе;в работе;в работе;в работе;в работе;в работе;;11:30-00:00;в работе;в работе;в работе;15:00-00:00;в работе;в работе;в работе;в работе;в работе;в работе;в работе;в работе;в работе;в работе;в работе;в работе;в работе;в работе;в работе;в работе;08:00-20:00
14.02.2013;в работе;в работе;в работе;в работе;в работе;;14:00-00:00;в работе;в работе;20:00-00:00;в работе;в работе;в работе;в работе;в работе;в работе;в работе;;в работе;в работе;в работе;;в работе;в работе;в работе;в работе;в работе;в работе;в работе;в работе;в работе;в работе;в работе;в работе;в работе;в работе;в работе;в работе;в работе;08:00-20:00
15.02.2013;в работе;в работе;в работе;в работе;в работе;;в работе;в работе;в работе;в работе;в работе;в работе;в работе;в работе;в работе;в работе;в работе;;в работе;в работе;в работе;в работе;в работе;в работе;в работе;в работе;в работе;в работе;в работе;в работе;в работе;в работе;в работе;в работе;в работе;в работе;в работе;в работе;в работе;08:00-20:00
16.02.2013;в работе;в работе;в работе;в работе;в работе;;в работе;в работе;в работе;в работе;в работе;в работе;в работе;в работе;в работе;в работе;в работе;;в работе;в работе;в работе;в работе;в работе;в работе;в работе;в работе;в работе;в работе;в работе;в работе;в работе;в работе;в работе;в работе;в работе;в работе;в работе;в работе;в работе;08:00-20:00
17.02.2013;в работе;в работе;в работе;в работе;в работе;;в работе;в работе;в работе;в работе;в работе;в работе;в работе;в работе;в работе;в работе;в работе;;в работе;в работе;в работе;в работе;в работе;в работе;в работе;в работе;в работе;в работе;в работе;в работе;в работе;в работе;в работе;в работе;в работе;в работе;в работе;в работе;в работе;08:00-20:00
18.02.2013;в работе;в работе;в работе;в работе;в работе;;в работе;в работе;в работе;в работе;в работе;в работе;в работе;в работе;в работе;в работе;в работе;;в работе;в работе;в работе;в работе;в работе;в работе;в работе;в работе;в работе;в работе;в работе;в работе;в работе;в работе;в работе;в работе;в работе;в работе;в работе;в работе;в работе;08:00-20:00
19.02.2013;в работе;в работе;в работе;в работе;в работе;;в работе;в работе;в работе;в работе;в работе;в работе;в работе;в работе;в работе;в работе;в работе;;в работе;в работе;в работе;в работе;в работе;в работе;в работе;в работе;в работе;в работе;в работе;в работе;в работе;в работе;в работе;в работе;в работе;в работе;в работе;в работе;в работе;08:00-20:00
20.02.2013;в работе;в работе;в работе;в работе;в работе;;в работе;в работе;в работе;в работе;в работе;в работе;в работе;в работе;в работе;в работе;в работе;;в работе;в работе;в работе;в работе;в работе;в работе;в работе;в работе;в работе;в работе;в работе;в работе;в работе;в работе;в работе;в работе;в работе;в работе;в работе;в работе;в работе;08:00-20:00
21.02.2013;в работе;в работе;в работе;в работе;в работе;;в работе;в работе;в работе;в работе;в работе;в работе;в работе;в работе;в работе;в работе;в работе;;в работе;в работе;в работе;в работе;в работе;в работе;в работе;в работе;в работе;в работе;в работе;в работе;в работе;в работе;в работе;в работе;в работе;в работе;в работе;в работе;в работе;08:00-20:00
22.02.2013;в работе;в работе;в работе;в работе;в работе;;в работе;в работе;в работе;в работе;в работе;в работе;в работе;в работе;в работе;в работе;в работе;;в работе;в работе;в работе;в работе;в работе;в работе;в работе;в работе;в работе;в работе;в работе;в работе;в работе;в работе;в работе;в работе;в работе;в работе;в работе;в работе;в работе;08:00-20:00
23.02.2013;в работе;в работе;в работе;в работе;в работе;;в работе;в работе;в работе;в работе;в работе;в работе;в работе;в работе;в работе;в работе;в работе;;в работе;в работе;в работе;в работе;в работе;в работе;в работе;в работе;в работе;в работе;в работе;в работе;в работе;в работе;в работе;в работе;в работе;в работе;в работе;в работе;в работе;08:00-20:00
24.02.2013;в работе;в работе;в работе;в работе;в работе;;в работе;в работе;в работе;в работе;в работе;в работе;в работе;в работе;в работе;в работе;в работе;;в работе;в работе;в работе;в работе;в работе;в работе;в работе;в работе;в работе;в работе;в работе;в работе;в работе;в работе;в работе;в работе;в работе;в работе;в работе;в работе;в работе;08:00-20:00
25.02.2013;в работе;в работе;в работе;в работе;в работе;;в работе;в работе;в работе;в работе;в работе;в работе;в работе;в работе;в работе;в работе;в работе;;в работе;в работе;в работе;в работе;в работе;в работе;в работе;в работе;в работе;в работе;в работе;в работе;в работе;в работе;в работе;в работе;в работе;в работе;в работе;в работе;в работе;08:00-20:00
26.02.2013;в работе;в работе;в работе;в работе;в работе;;в работе;в работе;в работе;в работе;в работе;в работе;в работе;в работе;в работе;в работе;в работе;;в работе;в работе;в работе;в работе;в работе;в работе;в работе;в работе;в работе;в работе;в работе;в работе;в работе;в работе;в работе;в работе;в работе;в работе;в работе;в работе;в работе;08:00-20:00
27.02.2013;в работе;в работе;в работе;в работе;в работе;;в работе;в работе;в работе;в работе;в работе;в работе;в работе;в работе;в работе;в работе;в работе;;в работе;в работе;в работе;в работе;в работе;в работе;в работе;в работе;в работе;в работе;в работе;в работе;"0:00-8:00
17:00-0:00";"0:00-8:00
17:00-0:00";"0:00-8:00
17:00-0:00";"0:00-8:00
17:00-0:00";"0:00-8:00
17:00-0:00";"0:00-8:00
17:00-0:00";в работе;в работе;в работе;08:00-20:00
28.02.2013;в работе;в работе;в работе;в работе;в работе;;в работе;в работе;в работе;в работе;в работе;в работе;в работе;в работе;в работе;в работе;в работе;;в работе;в работе;в работе;в работе;в работе;в работе;в работе;в работе;в работе;в работе;в работе;в работе;в работе;в работе;в работе;в работе;в работе;в работе;в работе;в работе;в работе;08:00-20:00
01.03.2013;в работе;в работе;в работе;в работе;в работе;;в работе;в работе;в работе;в работе;в работе;в работе;в работе;в работе;в работе;в работе;в работе;;в работе;в работе;в работе;в работе;в работе;в работе;в работе;в работе;в работе;в работе;в работе;в работе;в работе;в работе;в работе;в работе;в работе;в работе;в работе;в работе;в работе;08:00-20:00
02.03.2013;в работе;в работе;в работе;в работе;в работе;;в работе;в работе;в работе;в работе;в работе;в работе;в работе;в работе;в работе;в работе;в работе;;в работе;в работе;в работе;в работе;в работе;в работе;в работе;в работе;в работе;в работе;в работе;в работе;в работе;в работе;в работе;в работе;в работе;в работе;в работе;в работе;в работе;08:00-20:00
03.03.2013;в работе;в работе;в работе;в работе;в работе;;в работе;в работе;в работе;в работе;в работе;в работе;в работе;в работе;в работе;в работе;в работе;;в работе;в работе;в работе;в работе;в работе;в работе;в работе;в работе;в работе;в работе;в работе;в работе;в работе;в работе;в работе;в работе;в работе;в работе;в работе;в работе;в работе;08:00-20:00
04.03.2013;в работе;в работе;в работе;в работе;в работе;;в работе;в работе;в работе;в работе;в работе;в работе;в работе;в работе;в работе;в работе;в работе;;в работе;в работе;в работе;в работе;в работе;в работе;в работе;в работе;в работе;в работе;в работе;в работе;в работе;в работе;в работе;в работе;в работе;в работе;в работе;в работе;в работе;08:00-20:00
05.03.2013;в работе;в работе;в работе;в работе;в работе;;в работе;в работе;в работе;в работе;в работе;в работе;в работе;в работе;в работе;в работе;в работе;;в работе;в работе;в работе;в работе;в работе;в работе;в работе;в работе;в работе;в работе;в работе;в работе;в работе;в работе;в работе;в работе;в работе;в работе;в работе;в работе;в работе;08:00-20:00
06.03.2013;в работе;в работе;в работе;в работе;в работе;;в работе;в работе;в работе;в работе;в работе;в работе;в работе;в работе;в работе;в работе;в работе;;в работе;в работе;в работе;в работе;в работе;в работе;в работе;в работе;в работе;в работе;в работе;в работе;в работе;в работе;в работе;в работе;в работе;в работе;в работе;в работе;в работе;08:00-20:00
07.03.2013;в работе;в работе;в работе;в работе;в работе;;в работе;в работе;в работе;в работе;в работе;в работе;в работе;в работе;в работе;в работе;в работе;;в работе;в работе;в работе;в работе;в работе;в работе;в работе;в работе;в работе;в работе;в работе;в работе;в работе;в работе;в работе;в работе;в работе;в работе;в работе;в работе;в работе;08:00-20:00
08.03.2013;в работе;в работе;в работе;в работе;в работе;;в работе;в работе;в работе;в работе;в работе;в работе;в работе;в работе;в работе;в работе;в работе;;в работе;в работе;в работе;в работе;в работе;в работе;в работе;в работе;в работе;в работе;в работе;в работе;в работе;в работе;в работе;в работе;в работе;в работе;в работе;в работе;в работе;08:00-20:00
09.03.2013;в работе;в работе;в работе;в работе;в работе;;в работе;в работе;в работе;в работе;в работе;в работе;в работе;в работе;в работе;в работе;в работе;;в работе;в работе;в работе;в работе;в работе;в работе;в работе;в работе;в работе;в работе;в работе;в работе;в работе;в работе;в работе;в работе;в работе;в работе;в работе;в работе;в работе;08:00-20:00
10.03.2013;в работе;в работе;в работе;в работе;в работе;;в работе;в работе;в работе;в работе;в работе;в работе;в работе;в работе;в работе;в работе;в работе;;в работе;в работе;в работе;в работе;в работе;в работе;в работе;в работе;в работе;в работе;в работе;в работе;в работе;в работе;в работе;в работе;в работе;в работе;в работе;в работе;в работе;08:00-20:00
11.03.2013;в работе;в работе;в работе;в работе;в работе;;в работе;в работе;в работе;в работе;в работе;в работе;в работе;в работе;в работе;в работе;в работе;;в работе;в работе;в работе;в работе;в работе;в работе;в работе;в работе;в работе;в работе;в работе;в работе;в работе;в работе;в работе;в работе;в работе;в работе;в работе;в работе;в работе;08:00-20:00
12.03.2013;в работе;в работе;в работе;в работе;в работе;;в работе;в работе;в работе;в работе;в работе;в работе;в работе;в работе;в работе;в работе;в работе;;в работе;в работе;в работе;в работе;в работе;в работе;в работе;в работе;в работе;в работе;в работе;в работе;в работе;в работе;в работе;в работе;в работе;в работе;в работе;в работе;в работе;08:00-20:00
13.03.2013;в работе;в работе;в работе;в работе;в работе;;в работе;в работе;в работе;в работе;в работе;в работе;в работе;в работе;в работе;в работе;в работе;;в работе;в работе;в работе;в работе;в работе;в работе;в работе;в работе;в работе;в работе;в работе;в работе;в работе;в работе;в работе;в работе;в работе;в работе;в работе;в работе;в работе;08:00-20:00
14.03.2013;в работе;в работе;в работе;в работе;в работе;;в работе;в работе;в работе;в работе;в работе;в работе;в работе;в работе;в работе;в работе;в работе;;в работе;в работе;в работе;в работе;в работе;в работе;в работе;в работе;в работе;в работе;в работе;в работе;в работе;в работе;в работе;в работе;в работе;в работе;в работе;в работе;в работе;08:00-20:00
15.03.2013;в работе;в работе;в работе;в работе;в работе;;в работе;в работе;в работе;в работе;в работе;в работе;в работе;в работе;в работе;в работе;в работе;;в работе;в работе;в работе;в работе;в работе;в работе;в работе;в работе;в работе;в работе;в работе;в работе;в работе;в работе;в работе;в работе;в работе;в работе;в работе;в работе;в работе;08:00-20:00
16.03.2013;в работе;в работе;в работе;в работе;в работе;;в работе;в работе;в работе;в работе;в работе;в работе;в работе;в работе;в работе;в работе;в работе;;в работе;в работе;в работе;в работе;в работе;в работе;в работе;в работе;в работе;в работе;в работе;в работе;в работе;в работе;в работе;в работе;в работе;в работе;в работе;в работе;в работе;08:00-20:00
17.03.2013;в работе;в работе;в работе;в работе;в работе;;в работе;в работе;в работе;в работе;в работе;в работе;в работе;в работе;в работе;в работе;в работе;;в работе;в работе;в работе;в работе;в работе;в работе;в работе;в работе;в работе;в работе;в работе;в работе;в работе;в работе;в работе;в работе;в работе;в работе;в работе;в работе;в работе;08:00-20:00
18.03.2013;в работе;в работе;в работе;в работе;в работе;;в работе;в работе;в работе;в работе;в работе;в работе;в работе;в работе;в работе;в работе;в работе;;в работе;в работе;в работе;в работе;в работе;в работе;в работе;в работе;в работе;в работе;в работе;в работе;в работе;в работе;в работе;в работе;в работе;в работе;в работе;в работе;в работе;08:00-20:00
19.03.2013;в работе;в работе;в работе;в работе;в работе;;в работе;в работе;в работе;в работе;в работе;в работе;в работе;в работе;в работе;в работе;в работе;;в работе;в работе;в работе;в работе;в работе;в работе;в работе;в работе;в работе;в работе;в работе;в работе;в работе;в работе;в работе;в работе;в работе;в работе;в работе;в работе;в работе;08:00-20:00
20.03.2013;в работе;в работе;в работе;в работе;в работе;;в работе;в работе;в работе;в работе;в работе;в работе;в работе;в работе;в работе;в работе;в работе;;в работе;в работе;в работе;в работе;в работе;в работе;в работе;в работе;в работе;в работе;в работе;в работе;в работе;в работе;в работе;в работе;в работе;в работе;в работе;в работе;в работе;08:00-20:00
21.03.2013;в работе;в работе;в работе;в работе;в работе;;в работе;в работе;в работе;в работе;в работе;в работе;в работе;в работе;в работе;в работе;в работе;;в работе;в работе;в работе;в работе;в работе;в работе;в работе;в работе;в работе;в работе;в работе;в работе;в работе;в работе;в работе;в работе;в работе;в работе;в работе;в работе;в работе;08:00-20:00
22.03.2013;в работе;в работе;в работе;в работе;в работе;;в работе;в работе;в работе;в работе;в работе;в работе;в работе;в работе;в работе;в работе;в работе;;в работе;в работе;в работе;в работе;в работе;в работе;в работе;в работе;в работе;в работе;в работе;в работе;в работе;в работе;в работе;в работе;в работе;в работе;в работе;в работе;в работе;08:00-20:00
23.03.2013;в работе;в работе;в работе;в работе;в работе;;в работе;в работе;в работе;в работе;в работе;в работе;в работе;в работе;в работе;в работе;в работе;;в работе;в работе;в работе;в работе;в работе;в работе;в работе;в работе;в работе;в работе;в работе;в работе;в работе;в работе;в работе;в работе;в работе;в работе;в работе;в работе;в работе;08:00-20:00
24.03.2013;в работе;в работе;в работе;в работе;в работе;;в работе;в работе;в работе;в работе;в работе;в работе;в работе;в работе;в работе;в работе;в работе;;в работе;в работе;в работе;в работе;в работе;в работе;в работе;в работе;в работе;в работе;в работе;в работе;в работе;в работе;в работе;в работе;в работе;в работе;в работе;в работе;в работе;08:00-20:00
25.03.2013;в работе;в работе;в работе;в работе;в работе;;в работе;в работе;в работе;в работе;в работе;в работе;в работе;в работе;в работе;в работе;в работе;;в работе;в работе;в работе;в работе;в работе;в работе;в работе;в работе;в работе;в работе;в работе;в работе;в работе;в работе;в работе;в работе;в работе;в работе;в работе;в работе;в работе;08:00-20:00
26.03.2013;в работе;в работе;в работе;в работе;в работе;;в работе;в работе;в работе;в работе;в работе;в работе;в работе;в работе;в работе;в работе;в работе;;в работе;в работе;в работе;в работе;в работе;в работе;в работе;в работе;в работе;в работе;в работе;в работе;в работе;в работе;в работе;в работе;в работе;в работе;в работе;в работе;в работе;08:00-20:00
27.03.2013;в работе;в работе;в работе;в работе;в работе;;в работе;в работе;в работе;в работе;в работе;в работе;в работе;в работе;в работе;в работе;в работе;;в работе;в работе;в работе;в работе;в работе;в работе;в работе;в работе;в работе;в работе;в работе;в работе;в работе;в работе;в работе;в работе;в работе;в работе;в работе;в работе;в работе;08:00-20:00
28.03.2013;в работе;в работе;в работе;в работе;в работе;;в работе;в работе;в работе;в работе;в работе;в работе;в работе;в работе;в работе;в работе;в работе;;в работе;в работе;в работе;в работе;в работе;в работе;в работе;в работе;в работе;в работе;в работе;в работе;в работе;в работе;в работе;в работе;в работе;в работе;в работе;в работе;в работе;08:00-20:00
29.03.2013;в работе;в работе;в работе;в работе;в работе;;в работе;в работе;в работе;в работе;в работе;в работе;в работе;в работе;в работе;в работе;в работе;;в работе;в работе;в работе;в работе;в работе;в работе;в работе;в работе;в работе;в работе;в работе;в работе;в работе;в работе;в работе;в работе;в работе;в работе;в работе;в работе;в работе;08:00-20:00
30.03.2013;в работе;в работе;в работе;18:00-0:00;в работе;;в работе;20:00-0:00;в работе;в работе;в работе;в работе;в работе;в работе;в работе;в работе;в работе;;в работе;в работе;18:00-0:00;в работе;18:00-0:00;в работе;в работе;в работе;в работе;в работе;в работе;в работе;в работе;в работе;в работе;в работе;в работе;в работе;в работе;в работе;в работе;08:00-20:00
31.03.2013;в работе;в работе;в работе;в работе;в работе;;в работе;в работе;в работе;в работе;в работе;в работе;в работе;в работе;в работе;в работе;в работе;;в работе;в работе;в работе;в работе;в работе;в работе;в работе;в работе;в работе;в работе;в работе;в работе;в работе;в работе;в работе;в работе;в работе;в работе;в работе;в работе;в работе;08:00-20:00
01.04.2013;в работе;в работе;в работе;в работе;в работе;;в работе;в работе;в работе;в работе;в работе;в работе;в работе;в работе;в работе;в работе;в работе;;в работе;в работе;в работе;в работе;в работе;в работе;в работе;в работе;в работе;в работе;в работе;в работе;в работе;в работе;в работе;в работе;в работе;в работе;в работе;в работе;в работе;08:00-20:00
02.04.2013;в работе;в работе;в работе;в работе;в работе;;в работе;в работе;в работе;в работе;в работе;в работе;в работе;в работе;в работе;в работе;в работе;;в работе;в работе;в работе;в работе;в работе;в работе;в работе;в работе;в работе;в работе;в работе;в работе;в работе;в работе;в работе;в работе;в работе;в работе;в работе;в работе;в работе;08:00-20:00
03.04.2013;в работе;в работе;в работе;в работе;в работе;;в работе;в работе;в работе;в работе;в работе;в работе;в работе;в работе;в работе;в работе;в работе;;в работе;в работе;в работе;в работе;в работе;в работе;в работе;в работе;в работе;в работе;в работе;в работе;в работе;в работе;в работе;в работе;в работе;в работе;в работе;в работе;в работе;08:00-20:00
04.04.2013;в работе;в работе;в работе;в работе;в работе;;в работе;в работе;в работе;в работе;в работе;в работе;в работе;в работе;в работе;в работе;в работе;;в работе;в работе;в работе;в работе;в работе;в работе;в работе;в работе;в работе;в работе;в работе;в работе;в работе;в работе;в работе;в работе;в работе;в работе;в работе;в работе;в работе;08:00-20:00
05.04.2013;в работе;в работе;в работе;в работе;в работе;;в работе;в работе;в работе;в работе;в работе;в работе;в работе;в работе;в работе;в работе;в работе;;в работе;в работе;в работе;в работе;в работе;в работе;в работе;в работе;в работе;в работе;в работе;в работе;в работе;в работе;в работе;в работе;в работе;в работе;в работе;в работе;в работе;08:00-20:00
06.04.2013;в работе;в работе;в работе;в работе;в работе;;в работе;в работе;в работе;в работе;в работе;в работе;в работе;в работе;в работе;в работе;в работе;;в работе;в работе;в работе;в работе;standby;в работе;в работе;в работе;в работе;в работе;в работе;в работе;в работе;в работе;в работе;в работе;в работе;в работе;в работе;в работе;в работе;08:00-20:00
07.04.2013;в работе;в работе;в работе;в работе;в работе;;в работе;в работе;в работе;в работе;в работе;в работе;в работе;в работе;в работе;в работе;в работе;;в работе;"0:00-8:00
12:00-0:00";в работе;в работе;standby;в работе;в работе;в работе;в работе;в работе;в работе;в работе;в работе;в работе;в работе;в работе;в работе;в работе;в работе;в работе;в работе;08:00-20:00
08.04.2013;в работе;в работе;в работе;в работе;в работе;;в работе;в работе;в работе;в работе;в работе;в работе;в работе;в работе;в работе;в работе;в работе;;в работе;в работе;в работе;в работе;standby;в работе;в работе;в работе;в работе;в работе;в работе;в работе;в работе;в работе;в работе;в работе;в работе;в работе;в работе;в работе;в работе;08:00-20:00
09.04.2013;в работе;в работе;в работе;в работе;в работе;;в работе;;в работе;в работе;в работе;в работе;в работе;в работе;в работе;в работе;;;в работе;в работе;в работе;в работе;standby;в работе;в работе;в работе;в работе;в работе;в работе;в работе;в работе;в работе;в работе;в работе;в работе;в работе;в работе;в работе;в работе;08:00-20:00
10.04.2013;в работе;в работе;в работе;в работе;в работе;;в работе;;в работе;в работе;в работе;в работе;в работе;в работе;в работе;в работе;;;в работе;в работе;в работе;в работе;standby;в работе;в работе;в работе;в работе;в работе;в работе;в работе;в работе;в работе;в работе;в работе;в работе;в работе;08:00-20:00;08:00-20:00;08:00-20:00;08:00-20:00
11.04.2013;в работе;в работе;в работе;в работе;в работе;;в работе;;в работе;в работе;в работе;в работе;в работе;в работе;в работе;в работе;;;в работе;в работе;в работе;в работе;standby;в работе;в работе;в работе;в работе;в работе;в работе;в работе;в работе;в работе;в работе;в работе;в работе;в работе;08:00-20:00;08:00-20:00;08:00-20:00;08:00-20:00
12.04.2013;в работе;в работе;в работе;в работе;в работе;;в работе;;в работе;в работе;в работе;в работе;в работе;в работе;в работе;в работе;;;в работе;в работе;в работе;в работе;standby;в работе;в работе;в работе;в работе;в работе;в работе;в работе;в работе;в работе;в работе;в работе;в работе;в работе;08:00-20:00;08:00-20:00;08:00-20:00;08:00-20:00
13.04.2013;в работе;в работе;в работе;в работе;в работе;;в работе;;в работе;в работе;в работе;в работе;в работе;в работе;в работе;в работе;;;в работе;в работе;в работе;в работе;standby;в работе;в работе;в работе;в работе;в работе;в работе;в работе;в работе;в работе;в работе;в работе;в работе;в работе;08:00-20:00;08:00-20:00;08:00-20:00;08:00-20:00
14.04.2013;в работе;в работе;в работе;в работе;в работе;;в работе;;в работе;в работе;в работе;в работе;в работе;в работе;в работе;в работе;;;в работе;в работе;в работе;в работе;standby;в работе;в работе;в работе;в работе;в работе;в работе;в работе;в работе;в работе;в работе;в работе;в работе;в работе;08:00-20:00;08:00-20:00;08:00-20:00;08:00-20:00
15.04.2013;в работе;в работе;в работе;в работе;в работе;;в работе;;в работе;в работе;в работе;в работе;в работе;в работе;в работе;в работе;;;в работе;в работе;в работе;в работе;standby;в работе;в работе;в работе;в работе;в работе;в работе;в работе;в работе;в работе;в работе;в работе;в работе;в работе;08:00-20:00;08:00-20:00;08:00-20:00;08:00-20:00
16.04.2013;в работе;в работе;в работе;в работе;в работе;;в работе;;в работе;в работе;в работе;в работе;в работе;в работе;в работе;в работе;;;в работе;в работе;в работе;в работе;standby;в работе;в работе;в работе;в работе;в работе;в работе;в работе;в работе;в работе;в работе;в работе;в работе;в работе;08:00-20:00;08:00-20:00;08:00-20:00;08:00-20:00
17.04.2013;в работе;в работе;в работе;в работе;в работе;;в работе;;в работе;в работе;в работе;в работе;в работе;в работе;в работе;в работе;;;в работе;в работе;в работе;в работе;standby;в работе;в работе;в работе;в работе;в работе;в работе;в работе;в работе;в работе;в работе;в работе;в работе;в работе;08:00-20:00;08:00-20:00;08:00-20:00;08:00-20:00
18.04.2013;в работе;в работе;в работе;в работе;в работе;;в работе;;в работе;в работе;в работе;в работе;в работе;в работе;в работе;в работе;;;в работе;в работе;в работе;в работе;standby;в работе;в работе;в работе;в работе;в работе;в работе;в работе;в работе;в работе;в работе;в работе;в работе;в работе;08:00-20:00;08:00-20:00;08:00-20:00;08:00-20:00
19.04.2013;в работе;в работе;в работе;в работе;в работе;;в работе;;в работе;в работе;в работе;в работе;в работе;в работе;в работе;в работе;;;в работе;в работе;в работе;в работе;standby;в работе;в работе;в работе;в работе;в работе;в работе;в работе;в работе;в работе;в работе;в работе;в работе;в работе;08:00-20:00;08:00-20:00;08:00-20:00;08:00-20:00
20.04.2013;;;;;;;;;;;;;;;;;;;;;;;;;;;;;;;;;;;;;;;;
21.04.2013;;;;;;;;;;;;;;;;;;;;;;;;;;;;;;;;;;;;;;;;
22.04.2013;;;;;;;;;;;;;;;;;;;;;;;;;;;;;;;;;;;;;;;;
23.04.2013;в работе;в работе;в работе;в работе;в работе;;в работе;;в работе;в работе;в работе;в работе;в работе;в работе;в работе;в работе;;;в работе;в работе;standby;в работе;standby;в работе;в работе;в работе;в работе;в работе;в работе;в работе;в работе;в работе;в работе;в работе;в работе;в работе;в работе;в работе;в работе;08:00-20:00
24.04.2013;в работе;в работе;в работе;в работе;в работе;;в работе;;в работе;в работе;в работе;в работе;в работе;в работе;в работе;в работе;;;в работе;в работе;standby;в работе;standby;в работе;в работе;в работе;в работе;в работе;в работе;в работе;в работе;в работе;в работе;в работе;в работе;в работе;в работе;в работе;в работе;08:00-20:00
25.04.2013;в работе;в работе;в работе;в работе;в работе;;в работе;;в работе;в работе;в работе;в работе;в работе;в работе;в работе;в работе;;;в работе;в работе;standby;в работе;standby;в работе;в работе;в работе;в работе;в работе;в работе;в работе;в работе;в работе;в работе;в работе;в работе;в работе;в работе;в работе;в работе;08:00-20:00
26.04.2013;в работе;в работе;в работе;в работе;в работе;;в работе;;в работе;в работе;в работе;в работе;в работе;в работе;в работе;в работе;;;в работе;в работе;standby;в работе;standby;в работе;в работе;в работе;в работе;в работе;в работе;в работе;в работе;в работе;в работе;в работе;в работе;в работе;в работе;в работе;в работе;08:00-20:00
27.04.2013;в работе;в работе;в работе;в работе;в работе;;в работе;;в работе;в работе;в работе;в работе;в работе;в работе;в работе;в работе;;;в работе;в работе;standby;в работе;standby;в работе;в работе;в работе;в работе;в работе;в работе;в работе;в работе;в работе;в работе;в работе;в работе;в работе;в работе;в работе;в работе;08:00-20:00
28.04.2013;в работе;в работе;в работе;в работе;в работе;;в работе;;в работе;в работе;в работе;в работе;в работе;в работе;в работе;в работе;;;в работе;в работе;standby;в работе;standby;в работе;в работе;в работе;в работе;в работе;в работе;в работе;в работе;в работе;в работе;в работе;в работе;в работе;в работе;в работе;в работе;08:00-20:00
29.04.2013;в работе;в работе;в работе;в работе;в работе;;в работе;;в работе;в работе;в работе;в работе;в работе;в работе;в работе;в работе;;;в работе;в работе;standby;в работе;standby;в работе;в работе;в работе;в работе;в работе;в работе;в работе;в работе;в работе;в работе;в работе;в работе;в работе;в работе;в работе;в работе;08:00-20:00
30.04.2013;в работе;в работе;в работе;в работе;в работе;;в работе;;в работе;в работе;в работе;в работе;в работе;в работе;в работе;в работе;;;в работе;в работе;standby;в работе;standby;в работе;в работе;в работе;в работе;в работе;в работе;в работе;в работе;в работе;в работе;в работе;в работе;в работе;в работе;в работе;в работе;08:00-20:00
01.05.2013;в работе;в работе;в работе;в работе;в работе;;в работе;в работе;в работе;в работе;в работе;в работе;в работе;в работе;в работе;в работе;;;в работе;в работе;standby;в работе;10:00-20:00;в работе;в работе;в работе;в работе;в работе;в работе;в работе;в работе;в работе;в работе;в работе;в работе;в работе;08:00-20:00;08:00-20:00;08:00-20:00;08:00-20:00
02.05.2013;в работе;в работе;в работе;в работе;в работе;;в работе;в работе;в работе;в работе;в работе;в работе;в работе;в работе;в работе;в работе;;;в работе;в работе;standby;в работе;10:00-20:00;в работе;в работе;в работе;в работе;в работе;в работе;в работе;в работе;в работе;в работе;в работе;в работе;в работе;08:00-20:00;08:00-20:00;08:00-20:00;08:00-20:00
03.05.2013;в работе;в работе;в работе;в работе;в работе;;в работе;в работе;в работе;в работе;в работе;в работе;в работе;в работе;в работе;в работе;;;в работе;в работе;standby;в работе;10:00-20:00;в работе;в работе;в работе;в работе;в работе;в работе;в работе;в работе;в работе;в работе;в работе;в работе;в работе;08:00-20:00;08:00-20:00;08:00-20:00;08:00-20:00
04.05.2013;в работе;в работе;в работе;в работе;в работе;;в работе;в работе;в работе;в работе;в работе;в работе;в работе;в работе;в работе;в работе;;;в работе;в работе;standby;в работе;10:00-20:00;в работе;в работе;в работе;в работе;в работе;в работе;в работе;в работе;в работе;в работе;в работе;в работе;в работе;08:00-20:00;08:00-20:00;08:00-20:00;08:00-20:00
05.05.2013;в работе;в работе;в работе;в работе;в работе;;в работе;в работе;в работе;в работе;в работе;в работе;в работе;в работе;в работе;в работе;;;в работе;в работе;standby;в работе;10:00-20:00;в работе;в работе;в работе;в работе;в работе;в работе;в работе;в работе;в работе;в работе;в работе;в работе;в работе;08:00-20:00;08:00-20:00;08:00-20:00;08:00-20:00
06.05.2013;в работе;в работе;в работе;в работе;в работе;;в работе;в работе;в работе;в работе;в работе;в работе;в работе;в работе;в работе;в работе;;;в работе;в работе;standby;в работе;10:00-20:00;в работе;в работе;в работе;в работе;в работе;в работе;в работе;в работе;в работе;в работе;в работе;в работе;в работе;08:00-20:00;08:00-20:00;08:00-20:00;08:00-20:00
07.05.2013;в работе;в работе;в работе;в работе;в работе;;в работе;в работе;в работе;в работе;в работе;в работе;в работе;в работе;в работе;в работе;;;в работе;в работе;standby;в работе;10:00-20:00;в работе;в работе;в работе;в работе;в работе;в работе;в работе;в работе;в работе;в работе;в работе;в работе;в работе;08:00-20:00;08:00-20:00;08:00-20:00;08:00-20:00
08.05.2013;в работе;в работе;в работе;в работе;в работе;;в работе;в работе;в работе;в работе;в работе;в работе;в работе;в работе;в работе;в работе;;;в работе;в работе;standby;в работе;10:00-20:00;в работе;в работе;в работе;в работе;в работе;в работе;в работе;в работе;в работе;в работе;в работе;в работе;в работе;08:00-20:00;08:00-20:00;08:00-20:00;08:00-20:00
09.05.2013;в работе;в работе;в работе;в работе;в работе;;в работе;в работе;в работе;в работе;в работе;в работе;в работе;в работе;в работе;в работе;;;в работе;в работе;standby;в работе;10:00-20:00;в работе;в работе;в работе;в работе;в работе;в работе;в работе;в работе;в работе;в работе;в работе;в работе;в работе;08:00-20:00;08:00-20:00;08:00-20:00;08:00-20:00
10.05.2013;в работе;в работе;в работе;в работе;в работе;;в работе;в работе;в работе;в работе;в работе;в работе;в работе;в работе;в работе;в работе;;;в работе;в работе;standby;в работе;10:00-20:00;в работе;в работе;в работе;в работе;в работе;в работе;в работе;в работе;в работе;в работе;в работе;в работе;в работе;08:00-20:00;08:00-20:00;08:00-20:00;08:00-20:00
11.05.2013;в работе;в работе;в работе;в работе;в работе;;в работе;в работе;в работе;в работе;в работе;в работе;в работе;в работе;в работе;в работе;;;в работе;в работе;standby;в работе;10:00-20:00;в работе;в работе;в работе;в работе;в работе;в работе;в работе;в работе;в работе;в работе;в работе;в работе;в работе;08:00-20:00;08:00-20:00;08:00-20:00;08:00-20:00
12.05.2013;в работе;в работе;в работе;в работе;в работе;;в работе;в работе;в работе;в работе;в работе;в работе;в работе;в работе;в работе;в работе;;;в работе;в работе;standby;в работе;10:00-20:00;в работе;в работе;в работе;в работе;в работе;в работе;в работе;в работе;в работе;в работе;в работе;в работе;в работе;08:00-20:00;08:00-20:00;08:00-20:00;08:00-20:00
13.05.2013;в работе;в работе;в работе;в работе;в работе;;в работе;в работе;в работе;в работе;в работе;в работе;в работе;в работе;в работе;в работе;;;в работе;в работе;standby;в работе;10:00-20:00;в работе;в работе;в работе;в работе;в работе;в работе;в работе;в работе;в работе;в работе;в работе;в работе;в работе;08:00-20:00;08:00-20:00;08:00-20:00;08:00-20:00
14.05.2013;в работе;в работе;в работе;в работе;в работе;;в работе;в работе;в работе;в работе;в работе;в работе;в работе;в работе;в работе;в работе;;;в работе;в работе;standby;в работе;10:00-20:00;в работе;в работе;в работе;в работе;в работе;в работе;в работе;в работе;в работе;в работе;в работе;в работе;в работе;08:00-20:00;08:00-20:00;08:00-20:00;08:00-20:00
15.05.2013;в работе;в работе;в работе;в работе;в работе;;в работе;в работе;в работе;в работе;в работе;в работе;в работе;в работе;в работе;в работе;;;в работе;в работе;standby;в работе;10:00-20:00;в работе;в работе;в работе;в работе;в работе;в работе;в работе;в работе;в работе;в работе;в работе;в работе;в работе;08:00-20:00;08:00-20:00;08:00-20:00;08:00-20:00
16.05.2013;в работе;в работе;в работе;в работе;в работе;;в работе;в работе;в работе;в работе;в работе;в работе;в работе;в работе;в работе;в работе;;;в работе;в работе;standby;в работе;10:00-20:00;в работе;в работе;в работе;в работе;в работе;в работе;в работе;в работе;в работе;в работе;в работе;в работе;в работе;08:00-20:00;08:00-20:00;08:00-20:00;08:00-20:00
17.05.2013;в работе;в работе;в работе;в работе;в работе;;в работе;в работе;в работе;в работе;в работе;в работе;в работе;в работе;в работе;в работе;;;в работе;в работе;standby;в работе;10:00-20:00;в работе;в работе;в работе;в работе;в работе;в работе;в работе;в работе;в работе;в работе;в работе;в работе;в работе;08:00-20:00;08:00-20:00;08:00-20:00;08:00-20:00
18.05.2013;в работе;в работе;в работе;в работе;в работе;;в работе;в работе;в работе;в работе;в работе;в работе;в работе;в работе;в работе;в работе;;;в работе;в работе;standby;в работе;10:00-20:00;в работе;в работе;в работе;в работе;в работе;в работе;в работе;в работе;в работе;в работе;в работе;в работе;в работе;08:00-20:00;08:00-20:00;08:00-20:00;08:00-20:00
19.05.2013;в работе;в работе;в работе;в работе;в работе;;в работе;в работе;в работе;в работе;в работе;в работе;в работе;в работе;в работе;в работе;;;в работе;в работе;standby;в работе;10:00-20:00;в работе;в работе;в работе;в работе;в работе;в работе;в работе;в работе;в работе;в работе;в работе;в работе;в работе;08:00-20:00;08:00-20:00;08:00-20:00;08:00-20:00
20.05.2013;в работе;в работе;в работе;в работе;в работе;;в работе;в работе;в работе;в работе;в работе;в работе;в работе;в работе;в работе;в работе;;;в работе;в работе;standby;в работе;10:00-20:00;в работе;в работе;в работе;в работе;в работе;в работе;в работе;в работе;в работе;в работе;в работе;в работе;в работе;08:00-20:00;08:00-20:00;08:00-20:00;08:00-20:00
21.05.2013;в работе;в работе;в работе;в работе;в работе;;в работе;в работе;в работе;в работе;в работе;в работе;в работе;в работе;в работе;в работе;;;в работе;в работе;standby;в работе;10:00-20:00;в работе;в работе;в работе;в работе;в работе;в работе;в работе;в работе;в работе;в работе;в работе;в работе;в работе;08:00-20:00;08:00-20:00;08:00-20:00;08:00-20:00
22.05.2013;в работе;в работе;в работе;в работе;в работе;;в работе;в работе;в работе;в работе;в работе;в работе;в работе;в работе;в работе;в работе;;;в работе;в работе;standby;в работе;10:00-20:00;в работе;в работе;в работе;в работе;в работе;в работе;в работе;в работе;в работе;в работе;в работе;в работе;в работе;08:00-20:00;08:00-20:00;08:00-20:00;08:00-20:00
23.05.2013;в работе;в работе;в работе;в работе;в работе;;в работе;в работе;в работе;в работе;в работе;в работе;в работе;в работе;в работе;в работе;;;в работе;в работе;standby;в работе;10:00-20:00;в работе;в работе;в работе;в работе;в работе;в работе;в работе;в работе;в работе;в работе;в работе;в работе;в работе;08:00-20:00;08:00-20:00;08:00-20:00;08:00-20:00
24.05.2013;в работе;в работе;в работе;в работе;в работе;;в работе;в работе;в работе;в работе;в работе;в работе;в работе;в работе;в работе;в работе;;;в работе;в работе;standby;в работе;10:00-20:00;в работе;в работе;в работе;в работе;в работе;в работе;в работе;в работе;в работе;в работе;в работе;в работе;в работе;08:00-20:00;08:00-20:00;08:00-20:00;08:00-20:00
25.05.2013;в работе;в работе;в работе;в работе;в работе;в работе;в работе;в работе;в работе;в работе;в работе;в работе;в работе;в работе;в работе;в работе;;;в работе;в работе;standby;в работе;10:00-20:00;в работе;в работе;в работе;в работе;в работе;в работе;в работе;в работе;в работе;в работе;в работе;в работе;в работе;08:00-20:00;08:00-20:00;08:00-20:00;08:00-20:00
26.05.2013;в работе;в работе;в работе;в работе;в работе;в работе;в работе;в работе;в работе;в работе;в работе;в работе;в работе;в работе;в работе;в работе;;;в работе;в работе;standby;в работе;10:00-20:00;в работе;в работе;в работе;в работе;в работе;в работе;в работе;в работе;в работе;в работе;в работе;в работе;в работе;08:00-20:00;08:00-20:00;08:00-20:00;08:00-20:00
27.05.2013;в работе;в работе;в работе;в работе;в работе;в работе;в работе;в работе;в работе;в работе;в работе;в работе;в работе;в работе;в работе;в работе;;;в работе;в работе;standby;в работе;10:00-20:00;в работе;в работе;в работе;в работе;в работе;в работе;в работе;в работе;в работе;в работе;в работе;в работе;в работе;08:00-20:00;08:00-20:00;08:00-20:00;08:00-20:00
28.05.2013;в работе;в работе;в работе;в работе;в работе;в работе;в работе;в работе;в работе;в работе;в работе;в работе;в работе;в работе;в работе;в работе;;;в работе;в работе;standby;в работе;10:00-20:00;в работе;в работе;в работе;в работе;в работе;в работе;в работе;в работе;в работе;в работе;в работе;в работе;в работе;08:00-20:00;08:00-20:00;08:00-20:00;08:00-20:00
29.05.2013;в работе;в работе;в работе;в работе;в работе;в работе;в работе;в работе;в работе;в работе;в работе;в работе;в работе;в работе;в работе;в работе;;;в работе;в работе;standby;в работе;10:00-20:00;в работе;в работе;в работе;в работе;в работе;в работе;в работе;в работе;в работе;в работе;в работе;в работе;в работе;08:00-20:00;08:00-20:00;08:00-20:00;08:00-20:00
30.05.2013;в работе;в работе;в работе;в работе;в работе;в работе;в работе;в работе;в работе;в работе;в работе;в работе;в работе;в работе;в работе;в работе;;;в работе;в работе;standby;в работе;10:00-20:00;в работе;в работе;в работе;в работе;в работе;в работе;в работе;в работе;в работе;в работе;в работе;в работе;в работе;08:00-20:00;08:00-20:00;08:00-20:00;08:00-20:00
31.05.2013;в работе;в работе;в работе;в работе;в работе;в работе;в работе;в работе;в работе;в работе;в работе;в работе;в работе;в работе;в работе;в работе;;;в работе;в работе;standby;в работе;10:00-20:00;в работе;в работе;в работе;в работе;в работе;в работе;в работе;в работе;в работе;в работе;в работе;в работе;в работе;08:00-20:00;08:00-20:00;08:00-20:00;08:00-20:00
01.06.2013;в работе;в работе;в работе;standby;в работе;standby;в работе;standby;standby;standby;в работе;в работе;standby;в работе;в работе;в работе;;;в работе;в работе;standby;в работе;10:00-20:00;в работе;в работе;в работе;в работе;в работе;в работе;в работе;в работе;в работе;в работе;в работе;в работе;в работе;08:00-20:00;08:00-20:00;08:00-20:00;08:00-20:00
02.06.2013;в работе;в работе;в работе;в работе;в работе;в работе;в работе;в работе;в работе;в работе;в работе;в работе;в работе;в работе;в работе;в работе;;;в работе;в работе;standby;в работе;10:00-20:00;в работе;в работе;в работе;в работе;в работе;в работе;в работе;в работе;в работе;в работе;в работе;в работе;в работе;08:00-20:00;08:00-20:00;08:00-20:00;08:00-20:00
03.06.2013;в работе;в работе;в работе;в работе;в работе;в работе;в работе;в работе;в работе;в работе;в работе;в работе;в работе;в работе;в работе;в работе;;;в работе;в работе;standby;в работе;10:00-20:00;в работе;в работе;в работе;в работе;в работе;в работе;в работе;в работе;в работе;в работе;в работе;в работе;в работе;08:00-20:00;08:00-20:00;08:00-20:00;08:00-20:00
04.06.2013;в работе;в работе;в работе;в работе;в работе;в работе;в работе;в работе;в работе;в работе;в работе;в работе;в работе;в работе;в работе;в работе;;;в работе;в работе;standby;в работе;10:00-20:00;в работе;в работе;в работе;в работе;в работе;в работе;в работе;в работе;в работе;в работе;в работе;в работе;в работе;08:00-20:00;08:00-20:00;08:00-20:00;08:00-20:00
05.06.2013;в работе;в работе;08:00-17:00;08:00-17:00;в работе;08:00-17:00;в работе;08:00-17:00;в работе;в работе;в работе;в работе;в работе;в работе;в работе;в работе;;;в работе;в работе;08:00-17:00;в работе;08:00-17:00;в работе;в работе;08:00-17:00;08:00-17:00;08:00-17:00;в работе;в работе;в работе;в работе;в работе;в работе;в работе;в работе;08:00-20:00;08:00-20:00;08:00-20:00;08:00-20:00
06.06.2013;в работе;в работе;08:00-17:00;08:00-17:00;в работе;08:00-17:00;в работе;08:00-17:00;в работе;в работе;в работе;в работе;в работе;в работе;в работе;в работе;;;в работе;в работе;08:00-17:00;в работе;08:00-17:00;в работе;в работе;08:00-17:00;08:00-17:00;08:00-17:00;в работе;в работе;в работе;в работе;в работе;в работе;в работе;в работе;08:00-20:00;08:00-20:00;08:00-20:00;08:00-20:00
07.06.2013;в работе;в работе;08:00-17:00;08:00-17:00;в работе;08:00-17:00;в работе;08:00-17:00;в работе;в работе;в работе;в работе;в работе;в работе;в работе;в работе;;;в работе;в работе;08:00-17:00;в работе;08:00-17:00;в работе;в работе;08:00-17:00;08:00-17:00;08:00-17:00;в работе;в работе;в работе;в работе;в работе;в работе;в работе;в работе;08:00-20:00;08:00-20:00;08:00-20:00;08:00-20:00
08.06.2013;в работе;в работе;08:00-17:00;08:00-17:00;в работе;08:00-17:00;в работе;08:00-17:00;в работе;в работе;в работе;в работе;в работе;в работе;в работе;в работе;;;в работе;в работе;08:00-17:00;в работе;08:00-17:00;в работе;в работе;08:00-17:00;08:00-17:00;08:00-17:00;в работе;в работе;в работе;в работе;в работе;в работе;в работе;в работе;08:00-20:00;08:00-20:00;08:00-20:00;08:00-20:00
09.06.2013;в работе;в работе;08:00-17:00;08:00-17:00;в работе;08:00-17:00;в работе;08:00-17:00;в работе;в работе;в работе;в работе;в работе;в работе;в работе;в работе;;;в работе;в работе;08:00-17:00;в работе;08:00-17:00;в работе;в работе;08:00-17:00;08:00-17:00;08:00-17:00;в работе;в работе;в работе;в работе;в работе;в работе;в работе;в работе;08:00-20:00;08:00-20:00;08:00-20:00;08:00-20:00
10.06.2013;в работе;в работе;standby;standby;в работе;standby;в работе;standby;в работе;в работе;в работе;в работе;в работе;в работе;в работе;в работе;;;в работе;в работе;standby;в работе;standby;в работе;в работе;standby;08:00-17:00;08:00-17:00;в работе;в работе;в работе;в работе;в работе;в работе;в работе;в работе;standby;standby;standby;standby
11.06.2013;в работе;в работе;standby;standby;в работе;standby;в работе;standby;в работе;в работе;в работе;в работе;в работе;в работе;в работе;в работе;;;в работе;в работе;standby;в работе;standby;в работе;в работе;standby;08:00-17:00;08:00-17:00;в работе;в работе;в работе;в работе;в работе;в работе;в работе;в работе;standby;standby;standby;standby
12.06.2013;в работе;в работе;в работе;в работе;в работе;standby;в работе;standby;в работе;в работе;в работе;в работе;в работе;в работе;в работе;в работе;;;в работе;в работе;standby;в работе;standby;в работе;в работе;в работе;standby;standby;в работе;в работе;в работе;в работе;в работе;в работе;в работе;в работе;standby;standby;standby;standby
13.06.2013;в работе;в работе;в работе;в работе;в работе;standby;в работе;standby;в работе;в работе;в работе;в работе;в работе;в работе;в работе;в работе;;;в работе;в работе;standby;в работе;standby;в работе;в работе;в работе;standby;standby;в работе;в работе;в работе;в работе;в работе;в работе;в работе;в работе;standby;standby;standby;standby
14.06.2013;в работе;в работе;в работе;в работе;в работе;standby;в работе;standby;в работе;в работе;в работе;в работе;в работе;в работе;в работе;в работе;;;в работе;в работе;standby;в работе;standby;в работе;в работе;в работе;standby;standby;в работе;в работе;в работе;в работе;в работе;в работе;в работе;в работе;standby;standby;standby;standby
15.06.2013;в работе;в работе;в работе;в работе;в работе;standby;в работе;standby;в работе;в работе;в работе;в работе;в работе;в работе;в работе;в работе;;;в работе;в работе;standby;в работе;standby;в работе;в работе;в работе;standby;standby;в работе;в работе;в работе;в работе;в работе;в работе;в работе;в работе;standby;standby;standby;standby
16.06.2013;в работе;в работе;в работе;в работе;в работе;standby;в работе;standby;в работе;в работе;в работе;в работе;в работе;в работе;в работе;в работе;;;в работе;в работе;standby;в работе;standby;в работе;в работе;в работе;standby;standby;в работе;в работе;в работе;в работе;в работе;в работе;в работе;в работе;standby;standby;standby;standby
17.06.2013;в работе;в работе;в работе;в работе;в работе;standby;в работе;standby;в работе;в работе;в работе;в работе;ПГТО;в работе;в работе;в работе;;;в работе;в работе;standby;в работе;standby;в работе;в работе;в работе;standby;standby;в работе;в работе;в работе;в работе;в работе;в работе;в работе;в работе;standby;standby;standby;standby
18.06.2013;в работе;в работе;в работе;в работе;в работе;standby;в работе;standby;в работе;в работе;в работе;в работе;в работе;в работе;в работе;в работе;;;в работе;в работе;standby;в работе;standby;в работе;в работе;в работе;standby;standby;в работе;в работе;в работе;в работе;в работе;в работе;в работе;в работе;standby;standby;standby;standby
19.06.2013;в работе;в работе;в работе;в работе;в работе;в работе;в работе;standby;в работе;в работе;в работе;в работе;в работе;в работе;в работе;в работе;;;в работе;в работе;в работе;в работе;в работе;в работе;в работе;в работе;в работе;в работе;в работе;в работе;в работе;в работе;в работе;в работе;в работе;в работе;08:00-20:00;08:00-20:00;08:00-20:00;08:00-20:00
20.06.2013;в работе;в работе;в работе;в работе;в работе;в работе;в работе;standby;в работе;в работе;в работе;в работе;в работе;в работе;в работе;в работе;;;в работе;в работе;в работе;в работе;в работе;в работе;в работе;в работе;в работе;в работе;в работе;в работе;в работе;в работе;в работе;в работе;в работе;в работе;08:00-20:00;08:00-20:00;08:00-20:00;08:00-20:00
21.06.2013;в работе;в работе;в работе;в работе;в работе;в работе;в работе;в работе;в работе;в работе;в работе;в работе;в работе;в работе;в работе;в работе;;;в работе;в работе;в работе;в работе;в работе;в работе;в работе;в работе;в работе;в работе;в работе;в работе;в работе;в работе;в работе;в работе;в работе;в работе;08:00-20:00;08:00-20:00;08:00-20:00;08:00-20:00
22.06.2013;в работе;в работе;в работе;в работе;в работе;в работе;в работе;в работе;в работе;в работе;в работе;в работе;в работе;в работе;в работе;в работе;;;в работе;в работе;в работе;в работе;в работе;в работе;в работе;в работе;в работе;в работе;в работе;в работе;в работе;в работе;в работе;в работе;в работе;в работе;08:00-20:00;08:00-20:00;08:00-20:00;08:00-20:00
23.06.2013;в работе;в работе;в работе;в работе;в работе;в работе;в работе;в работе;в работе;в работе;в работе;в работе;в работе;в работе;в работе;в работе;;;в работе;в работе;в работе;в работе;в работе;в работе;в работе;в работе;в работе;в работе;в работе;в работе;в работе;в работе;в работе;в работе;в работе;в работе;08:00-20:00;08:00-20:00;08:00-20:00;08:00-20:00
24.06.2013;в работе;в работе;в работе;в работе;в работе;в работе;в работе;в работе;в работе;в работе;в работе;в работе;в работе;в работе;в работе;в работе;;;в работе;в работе;в работе;в работе;в работе;в работе;в работе;в работе;в работе;в работе;в работе;в работе;в работе;в работе;в работе;в работе;в работе;в работе;08:00-20:00;08:00-20:00;08:00-20:00;08:00-20:00
25.06.2013;в работе;в работе;в работе;в работе;в работе;в работе;в работе;в работе;в работе;в работе;в работе;в работе;в работе;в работе;в работе;в работе;;;в работе;в работе;в работе;в работе;в работе;в работе;в работе;в работе;в работе;в работе;в работе;в работе;в работе;в работе;в работе;в работе;в работе;в работе;08:00-20:00;08:00-20:00;08:00-20:00;08:00-20:00
26.06.2013;в работе;в работе;в работе;в работе;в работе;в работе;в работе;в работе;в работе;в работе;в работе;в работе;в работе;в работе;в работе;в работе;;;в работе;в работе;в работе;в работе;в работе;в работе;в работе;в работе;в работе;в работе;в работе;в работе;в работе;в работе;в работе;в работе;в работе;в работе;08:00-20:00;08:00-20:00;08:00-20:00;08:00-20:00
27.06.2013;в работе;в работе;в работе;в работе;в работе;в работе;в работе;в работе;в работе;в работе;в работе;в работе;в работе;в работе;в работе;в работе;в работе;;в работе;в работе;в работе;в работе;в работе;в работе;в работе;в работе;в работе;в работе;в работе;в работе;в работе;в работе;в работе;в работе;в работе;в работе;standby;standby;standby;standby
28.06.2013;в работе;в работе;в работе;в работе;в работе;в работе;в работе;в работе;в работе;в работе;в работе;в работе;в работе;в работе;в работе;в работе;в работе;;в работе;в работе;в работе;в работе;в работе;в работе;в работе;в работе;в работе;в работе;в работе;в работе;в работе;в работе;в работе;в работе;в работе;в работе;standby;standby;standby;standby
29.06.2013;в работе;в работе;в работе;в работе;в работе;в работе;в работе;в работе;в работе;в работе;в работе;в работе;в работе;в работе;в работе;в работе;в работе;;в работе;в работе;в работе;в работе;в работе;в работе;в работе;в работе;в работе;в работе;в работе;в работе;в работе;в работе;в работе;в работе;в работе;в работе;standby;standby;standby;standby
30.06.2013;в работе;в работе;в работе;в работе;в работе;в работе;в работе;в работе;в работе;в работе;в работе;в работе;в работе;в работе;в работе;в работе;в работе;;в работе;в работе;в работе;в работе;в работе;в работе;в работе;в работе;в работе;в работе;в работе;в работе;в работе;в работе;в работе;в работе;в работе;в работе;standby;standby;standby;standby
01.07.2013;в работе;в работе;в работе;в работе;в работе;в работе;в работе;в работе;в работе;в работе;в работе;в работе;в работе;в работе;в работе;в работе;в работе;;в работе;в работе;в работе;в работе;в работе;в работе;в работе;в работе;в работе;в работе;в работе;в работе;в работе;в работе;в работе;в работе;в работе;в работе;standby;standby;standby;standby
02.07.2013;в работе;в работе;в работе;в работе;в работе;в работе;в работе;в работе;в работе;в работе;в работе;в работе;в работе;в работе;в работе;в работе;в работе;;в работе;в работе;в работе;в работе;в работе;в работе;в работе;в работе;в работе;в работе;в работе;в работе;в работе;в работе;в работе;в работе;в работе;в работе;standby;standby;standby;standby
03.07.2013;в работе;в работе;в работе;в работе;в работе;в работе;в работе;08:00-20:00;в работе;в работе;в работе;в работе;в работе;в работе;в работе;в работе;в работе;;в работе;в работе;в работе;в работе;в работе;в работе;в работе;в работе;в работе;в работе;в работе;в работе;в работе;в работе;в работе;в работе;в работе;в работе;08:00-20:00;08:00-20:00;08:00-20:00;08:00-20:00
04.07.2013;в работе;в работе;в работе;в работе;в работе;в работе;в работе;в работе;в работе;в работе;в работе;в работе;в работе;в работе;в работе;в работе;в работе;;в работе;в работе;в работе;в работе;в работе;в работе;в работе;в работе;в работе;в работе;в работе;в работе;в работе;в работе;в работе;в работе;в работе;в работе;08:00-20:00;08:00-20:00;08:00-20:00;08:00-20:00
05.07.2013;в работе;в работе;в работе;в работе;в работе;в работе;в работе;в работе;в работе;в работе;в работе;в работе;в работе;в работе;в работе;в работе;в работе;;в работе;в работе;в работе;в работе;в работе;в работе;в работе;в работе;в работе;в работе;в работе;в работе;в работе;в работе;в работе;в работе;в работе;в работе;08:00-20:00;08:00-20:00;08:00-20:00;08:00-20:00
06.07.2013;в работе;в работе;в работе;в работе;в работе;в работе;в работе;в работе;в работе;в работе;в работе;в работе;в работе;в работе;в работе;в работе;в работе;;в работе;в работе;в работе;в работе;в работе;в работе;в работе;в работе;в работе;в работе;в работе;в работе;в работе;в работе;в работе;в работе;в работе;в работе;08:00-20:00;08:00-20:00;08:00-20:00;08:00-20:00
07.07.2013;в работе;в работе;в работе;в работе;в работе;в работе;в работе;в работе;в работе;в работе;в работе;в работе;в работе;в работе;в работе;в работе;в работе;;в работе;в работе;в работе;в работе;в работе;в работе;в работе;в работе;в работе;в работе;в работе;в работе;в работе;в работе;в работе;в работе;в работе;в работе;08:00-20:00;08:00-20:00;08:00-20:00;08:00-20:00
08.07.2013;в работе;в работе;в работе;в работе;в работе;в работе;в работе;в работе;в работе;в работе;в работе;в работе;в работе;в работе;в работе;в работе;в работе;;в работе;в работе;в работе;в работе;в работе;в работе;в работе;в работе;в работе;в работе;в работе;в работе;в работе;в работе;в работе;в работе;в работе;в работе;08:00-20:00;08:00-20:00;08:00-20:00;08:00-20:00
09.07.2013;в работе;в работе;в работе;в работе;в работе;в работе;в работе;в работе;в работе;в работе;в работе;в работе;в работе;в работе;в работе;в работе;в работе;;в работе;в работе;в работе;в работе;в работе;в работе;в работе;в работе;в работе;в работе;в работе;в работе;в работе;в работе;в работе;в работе;в работе;в работе;08:00-20:00;08:00-20:00;08:00-20:00;08:00-20:00
10.07.2013;в работе;в работе;в работе;в работе;в работе;в работе;в работе;в работе;в работе;в работе;в работе;в работе;в работе;в работе;в работе;в работе;в работе;;в работе;в работе;в работе;в работе;в работе;в работе;в работе;в работе;в работе;в работе;в работе;в работе;в работе;в работе;в работе;в работе;в работе;в работе;08:00-20:00;08:00-20:00;08:00-20:00;08:00-20:00
11.07.2013;в работе;в работе;в работе;в работе;в работе;в работе;в работе;в работе;в работе;в работе;в работе;в работе;в работе;в работе;в работе;в работе;в работе;;в работе;в работе;в работе;в работе;в работе;в работе;в работе;в работе;в работе;в работе;в работе;в работе;в работе;в работе;в работе;в работе;в работе;в работе;08:00-20:00;08:00-20:00;08:00-20:00;08:00-20:00
12.07.2013;в работе;в работе;в работе;в работе;в работе;в работе;в работе;в работе;в работе;в работе;в работе;в работе;в работе;в работе;в работе;в работе;в работе;;в работе;в работе;в работе;в работе;в работе;в работе;в работе;в работе;в работе;в работе;в работе;в работе;в работе;в работе;в работе;в работе;в работе;в работе;08:00-20:00;08:00-20:00;08:00-20:00;08:00-20:00
13.07.2013;в работе;в работе;в работе;в работе;в работе;в работе;в работе;в работе;в работе;в работе;в работе;в работе;в работе;в работе;в работе;в работе;в работе;;в работе;в работе;в работе;в работе;в работе;в работе;в работе;в работе;в работе;в работе;в работе;в работе;в работе;в работе;в работе;в работе;в работе;в работе;08:00-20:00;08:00-20:00;08:00-20:00;08:00-20:00
14.07.2013;в работе;в работе;в работе;в работе;в работе;в работе;в работе;в работе;в работе;в работе;в работе;в работе;в работе;в работе;в работе;в работе;в работе;;в работе;в работе;в работе;в работе;в работе;в работе;в работе;в работе;в работе;в работе;в работе;в работе;в работе;в работе;в работе;в работе;в работе;в работе;08:00-20:00;08:00-20:00;08:00-20:00;08:00-20:00
15.07.2013;в работе;в работе;в работе;в работе;в работе;в работе;в работе;в работе;в работе;в работе;в работе;в работе;в работе;в работе;в работе;в работе;в работе;;в работе;в работе;в работе;в работе;в работе;в работе;в работе;в работе;в работе;в работе;в работе;в работе;в работе;в работе;в работе;в работе;в работе;в работе;08:00-20:00;08:00-20:00;08:00-20:00;08:00-20:00
16.07.2013;в работе;в работе;в работе;в работе;в работе;в работе;в работе;в работе;в работе;в работе;в работе;в работе;в работе;в работе;в работе;в работе;в работе;;в работе;в работе;в работе;в работе;в работе;в работе;в работе;в работе;в работе;в работе;в работе;в работе;в работе;в работе;в работе;в работе;в работе;в работе;08:00-20:00;08:00-20:00;08:00-20:00;08:00-20:00
17.07.2013;в работе;в работе;в работе;в работе;в работе;в работе;в работе;в работе;в работе;в работе;в работе;в работе;в работе;в работе;в работе;в работе;в работе;;в работе;в работе;в работе;в работе;в работе;в работе;в работе;в работе;в работе;в работе;в работе;в работе;в работе;в работе;в работе;в работе;в работе;в работе;08:00-20:00;08:00-20:00;08:00-20:00;08:00-20:00
18.07.2013;в работе;в работе;в работе;в работе;в работе;в работе;в работе;в работе;в работе;в работе;в работе;в работе;в работе;в работе;в работе;в работе;в работе;;в работе;в работе;в работе;в работе;в работе;в работе;в работе;в работе;в работе;в работе;в работе;в работе;в работе;в работе;в работе;в работе;в работе;в работе;08:00-20:00;08:00-20:00;08:00-20:00;08:00-20:00
19.07.2013;в работе;в работе;в работе;в работе;в работе;в работе;в работе;в работе;в работе;в работе;в работе;в работе;в работе;в работе;в работе;в работе;в работе;;в работе;в работе;в работе;в работе;в работе;в работе;в работе;в работе;в работе;в работе;в работе;в работе;в работе;в работе;в работе;в работе;в работе;в работе;08:00-20:00;08:00-20:00;08:00-20:00;08:00-20:00
20.07.2013;в работе;в работе;в работе;в работе;в работе;в работе;в работе;в работе;в работе;в работе;в работе;в работе;в работе;в работе;в работе;в работе;в работе;;в работе;в работе;в работе;в работе;в работе;в работе;в работе;в работе;в работе;в работе;в работе;в работе;в работе;в работе;в работе;в работе;в работе;в работе;08:00-20:00;08:00-20:00;08:00-20:00;08:00-20:00
21.07.2013;в работе;в работе;в работе;в работе;в работе;в работе;в работе;в работе;в работе;в работе;в работе;в работе;в работе;в работе;в работе;в работе;в работе;;в работе;в работе;в работе;в работе;в работе;в работе;в работе;в работе;в работе;в работе;в работе;в работе;в работе;в работе;в работе;в работе;в работе;в работе;08:00-20:00;08:00-20:00;08:00-20:00;08:00-20:00
22.07.2013;в работе;в работе;в работе;в работе;в работе;в работе;в работе;в работе;в работе;в работе;в работе;в работе;в работе;в работе;в работе;в работе;в работе;;в работе;в работе;в работе;в работе;в работе;в работе;в работе;в работе;в работе;в работе;в работе;в работе;в работе;в работе;в работе;в работе;в работе;в работе;08:00-20:00;08:00-20:00;08:00-20:00;08:00-20:00
23.07.2013;в работе;в работе;в работе;в работе;в работе;в работе;в работе;в работе;в работе;в работе;в работе;в работе;в работе;в работе;в работе;в работе;в работе;;в работе;в работе;в работе;в работе;в работе;в работе;в работе;в работе;в работе;в работе;в работе;в работе;в работе;в работе;в работе;в работе;в работе;в работе;08:00-20:00;08:00-20:00;08:00-20:00;08:00-20:00
24.07.2013;в работе;в работе;в работе;в работе;в работе;в работе;в работе;в работе;в работе;в работе;в работе;в работе;в работе;в работе;в работе;в работе;в работе;;в работе;в работе;в работе;в работе;в работе;в работе;в работе;в работе;в работе;в работе;в работе;в работе;в работе;в работе;в работе;в работе;в работе;в работе;08:00-20:00;08:00-20:00;08:00-20:00;08:00-20:00
25.07.2013;в работе;в работе;в работе;в работе;в работе;в работе;в работе;в работе;в работе;в работе;в работе;в работе;в работе;в работе;в работе;в работе;в работе;;в работе;в работе;в работе;в работе;в работе;в работе;в работе;в работе;в работе;в работе;в работе;в работе;в работе;в работе;в работе;в работе;в работе;в работе;08:00-20:00;08:00-20:00;08:00-20:00;08:00-20:00
26.07.2013;в работе;в работе;в работе;в работе;в работе;в работе;в работе;в работе;в работе;в работе;в работе;в работе;в работе;в работе;в работе;в работе;в работе;;в работе;в работе;в работе;в работе;в работе;в работе;в работе;в работе;в работе;в работе;в работе;в работе;в работе;в работе;в работе;в работе;в работе;в работе;08:00-20:00;08:00-20:00;08:00-20:00;08:00-20:00
27.07.2013;в работе;в работе;в работе;в работе;в работе;в работе;в работе;в работе;в работе;в работе;в работе;в работе;в работе;в работе;в работе;в работе;в работе;;в работе;в работе;в работе;в работе;в работе;в работе;в работе;в работе;в работе;в работе;в работе;в работе;в работе;в работе;в работе;в работе;в работе;в работе;08:00-20:00;08:00-20:00;08:00-20:00;08:00-20:00
28.07.2013;в работе;в работе;в работе;в работе;в работе;в работе;в работе;в работе;в работе;в работе;в работе;в работе;в работе;в работе;в работе;в работе;в работе;;в работе;в работе;в работе;в работе;в работе;в работе;в работе;в работе;в работе;в работе;в работе;в работе;в работе;в работе;в работе;в работе;в работе;в работе;08:00-20:00;08:00-20:00;08:00-20:00;08:00-20:00
29.07.2013;в работе;в работе;в работе;в работе;в работе;в работе;в работе;в работе;в работе;в работе;в работе;в работе;в работе;в работе;в работе;в работе;в работе;;в работе;в работе;в работе;в работе;в работе;в работе;в работе;в работе;в работе;в работе;в работе;в работе;в работе;в работе;в работе;в работе;в работе;в работе;08:00-20:00;08:00-20:00;08:00-20:00;08:00-20:00
30.07.2013;в работе;в работе;в работе;в работе;в работе;в работе;в работе;в работе;в работе;в работе;в работе;в работе;в работе;в работе;в работе;в работе;в работе;;в работе;в работе;в работе;в работе;в работе;в работе;в работе;в работе;в работе;в работе;в работе;в работе;в работе;в работе;в работе;в работе;в работе;в работе;08:00-20:00;08:00-20:00;08:00-20:00;08:00-20:00
31.07.2013;в работе;в работе;в работе;в работе;в работе;в работе;в работе;в работе;в работе;в работе;в работе;в работе;в работе;в работе;в работе;в работе;в работе;;в работе;в работе;в работе;в работе;в работе;в работе;в работе;в работе;в работе;в работе;в работе;в работе;в работе;в работе;в работе;в работе;в работе;в работе;08:00-20:00;08:00-20:00;08:00-20:00;08:00-20:00
01.08.2013;в работе;в работе;в работе;в работе;в работе;в работе;в работе;в работе;в работе;в работе;в работе;в работе;в работе;в работе;в работе;в работе;в работе;;в работе;в работе;в работе;в работе;в работе;в работе;в работе;в работе;в работе;в работе;в работе;в работе;в работе;в работе;в работе;в работе;в работе;в работе;08:00-20:00;08:00-20:00;08:00-20:00;08:00-20:00
02.08.2013;в работе;в работе;в работе;в работе;в работе;в работе;в работе;в работе;в работе;в работе;в работе;в работе;в работе;в работе;в работе;в работе;в работе;;в работе;в работе;в работе;в работе;в работе;в работе;в работе;в работе;в работе;в работе;в работе;в работе;в работе;в работе;в работе;в работе;в работе;в работе;08:00-20:00;08:00-20:00;08:00-20:00;08:00-20:00
03.08.2013;в работе;в работе;в работе;в работе;в работе;в работе;в работе;в работе;в работе;в работе;в работе;в работе;в работе;в работе;в работе;в работе;в работе;;в работе;в работе;в работе;в работе;в работе;в работе;в работе;в работе;в работе;в работе;в работе;в работе;в работе;в работе;в работе;в работе;в работе;в работе;08:00-20:00;08:00-20:00;08:00-20:00;08:00-20:00
04.08.2013;в работе;в работе;в работе;в работе;в работе;в работе;в работе;в работе;в работе;в работе;в работе;в работе;в работе;в работе;в работе;в работе;в работе;;в работе;в работе;в работе;в работе;в работе;в работе;в работе;в работе;в работе;в работе;в работе;в работе;в работе;в работе;в работе;в работе;в работе;в работе;08:00-20:00;08:00-20:00;08:00-20:00;08:00-20:00
05.08.2013;в работе;в работе;в работе;в работе;в работе;в работе;в работе;в работе;в работе;в работе;в работе;в работе;в работе;в работе;в работе;в работе;в работе;;в работе;в работе;в работе;в работе;в работе;в работе;в работе;в работе;в работе;в работе;в работе;в работе;в работе;в работе;в работе;в работе;в работе;в работе;08:00-20:00;08:00-20:00;08:00-20:00;08:00-20:00
06.08.2013;в работе;в работе;в работе;в работе;в работе;в работе;в работе;в работе;в работе;в работе;в работе;в работе;в работе;в работе;в работе;в работе;в работе;;в работе;в работе;в работе;в работе;в работе;в работе;в работе;в работе;в работе;в работе;в работе;в работе;в работе;в работе;в работе;в работе;в работе;в работе;08:00-20:00;08:00-20:00;08:00-20:00;08:00-20:00
07.08.2013;в работе;в работе;в работе;в работе;в работе;в работе;в работе;в работе;в работе;в работе;в работе;в работе;в работе;в работе;в работе;в работе;в работе;;в работе;в работе;в работе;в работе;в работе;в работе;в работе;в работе;в работе;в работе;в работе;в работе;в работе;в работе;в работе;в работе;в работе;в работе;в работе;в работе;в работе;в работе
08.08.2013;в работе;в работе;в работе;в работе;в работе;в работе;в работе;в работе;в работе;в работе;в работе;в работе;в работе;в работе;в работе;в работе;в работе;;в работе;в работе;в работе;в работе;в работе;в работе;в работе;в работе;в работе;в работе;в работе;в работе;в работе;в работе;в работе;в работе;в работе;в работе;в работе;в работе;в работе;в работе
09.08.2013;в работе;в работе;в работе;в работе;в работе;в работе;в работе;в работе;в работе;в работе;в работе;в работе;в работе;в работе;в работе;в работе;в работе;;в работе;в работе;в работе;в работе;в работе;в работе;в работе;в работе;в работе;в работе;в работе;в работе;в работе;в работе;в работе;в работе;в работе;в работе;в работе;в работе;в работе;в работе
10.08.2013;в работе;в работе;в работе;в работе;в работе;в работе;в работе;в работе;в работе;в работе;в работе;в работе;в работе;в работе;в работе;в работе;в работе;;в работе;в работе;в работе;в работе;в работе;в работе;в работе;в работе;в работе;в работе;в работе;в работе;в работе;в работе;в работе;в работе;в работе;в работе;в работе;в работе;в работе;в работе
11.08.2013;в работе;в работе;в работе;в работе;в работе;в работе;в работе;в работе;в работе;в работе;в работе;в работе;в работе;в работе;в работе;в работе;в работе;;в работе;в работе;в работе;в работе;в работе;в работе;в работе;в работе;в работе;в работе;в работе;в работе;в работе;в работе;в работе;в работе;в работе;в работе;в работе;в работе;в работе;в работе
12.08.2013;в работе;в работе;в работе;в работе;в работе;в работе;в работе;в работе;в работе;в работе;в работе;в работе;в работе;в работе;в работе;в работе;в работе;;в работе;в работе;в работе;в работе;в работе;в работе;в работе;в работе;в работе;в работе;в работе;в работе;в работе;в работе;в работе;в работе;в работе;в работе;в работе;в работе;в работе;в работе
13.08.2013;в работе;в работе;в работе;в работе;в работе;в работе;в работе;в работе;в работе;в работе;в работе;в работе;в работе;в работе;в работе;в работе;в работе;;в работе;в работе;в работе;в работе;в работе;в работе;в работе;в работе;в работе;в работе;в работе;в работе;в работе;в работе;в работе;в работе;в работе;в работе;в работе;в работе;в работе;в работе
14.08.2013;в работе;в работе;в работе;в работе;в работе;в работе;в работе;в работе;в работе;в работе;в работе;в работе;в работе;в работе;в работе;в работе;в работе;;в работе;в работе;в работе;в работе;в работе;в работе;в работе;в работе;в работе;в работе;в работе;в работе;в работе;в работе;в работе;в работе;в работе;в работе;в работе;в работе;в работе;в работе
15.08.2013;в работе;в работе;в работе;в работе;в работе;в работе;в работе;в работе;в работе;в работе;в работе;в работе;в работе;в работе;в работе;в работе;в работе;;в работе;в работе;в работе;в работе;в работе;в работе;в работе;в работе;в работе;в работе;в работе;в работе;в работе;в работе;в работе;в работе;в работе;в работе;в работе;в работе;в работе;в работе
16.08.2013;в работе;в работе;в работе;в работе;в работе;в работе;в работе;в работе;в работе;в работе;в работе;в работе;в работе;в работе;в работе;в работе;в работе;;в работе;в работе;в работе;в работе;в работе;в работе;в работе;в работе;в работе;в работе;в работе;в работе;в работе;в работе;в работе;в работе;в работе;в работе;в работе;в работе;в работе;в работе
17.08.2013;в работе;в работе;в работе;в работе;в работе;в работе;в работе;в работе;в работе;в работе;в работе;в работе;в работе;в работе;в работе;в работе;в работе;;в работе;в работе;в работе;в работе;в работе;в работе;в работе;в работе;в работе;в работе;в работе;в работе;в работе;в работе;в работе;в работе;в работе;в работе;в работе;в работе;в работе;в работе
18.08.2013;в работе;в работе;в работе;в работе;в работе;в работе;в работе;в работе;в работе;в работе;в работе;в работе;в работе;в работе;в работе;в работе;в работе;;в работе;в работе;в работе;в работе;в работе;в работе;в работе;в работе;в работе;в работе;в работе;в работе;в работе;в работе;в работе;в работе;в работе;в работе;в работе;в работе;в работе;в работе
19.08.2013;в работе;в работе;в работе;в работе;в работе;в работе;в работе;в работе;в работе;в работе;в работе;в работе;в работе;в работе;в работе;в работе;в работе;;в работе;в работе;в работе;в работе;в работе;в работе;в работе;в работе;в работе;в работе;в работе;в работе;в работе;в работе;в работе;в работе;в работе;в работе;в работе;в работе;в работе;в работе
20.08.2013;в работе;в работе;в работе;в работе;в работе;в работе;в работе;в работе;в работе;в работе;в работе;в работе;в работе;в работе;в работе;в работе;в работе;;в работе;в работе;в работе;в работе;в работе;в работе;в работе;в работе;в работе;в работе;в работе;в работе;в работе;в работе;в работе;в работе;в работе;в работе;в работе;в работе;в работе;в работе
21.08.2013;в работе;в работе;в работе;в работе;в работе;в работе;в работе;в работе;в работе;в работе;в работе;в работе;в работе;в работе;в работе;в работе;в работе;;в работе;в работе;в работе;в работе;в работе;в работе;в работе;в работе;в работе;в работе;в работе;в работе;в работе;в работе;в работе;в работе;в работе;в работе;в работе;в работе;в работе;в работе
22.08.2013;в работе;в работе;в работе;в работе;в работе;в работе;в работе;в работе;в работе;в работе;в работе;в работе;в работе;в работе;в работе;в работе;в работе;;в работе;в работе;в работе;в работе;в работе;в работе;в работе;в работе;в работе;в работе;в работе;в работе;в работе;в работе;в работе;в работе;в работе;в работе;в работе;в работе;в работе;в работе
23.08.2013;в работе;в работе;в работе;в работе;в работе;в работе;в работе;в работе;в работе;в работе;в работе;в работе;в работе;в работе;в работе;в работе;в работе;;в работе;в работе;в работе;в работе;в работе;в работе;в работе;в работе;в работе;в работе;в работе;в работе;в работе;в работе;в работе;в работе;в работе;в работе;в работе;в работе;в работе;в работе
24.08.2013;в работе;в работе;в работе;в работе;в работе;в работе;в работе;в работе;в работе;в работе;в работе;в работе;в работе;в работе;в работе;в работе;в работе;;в работе;в работе;в работе;в работе;в работе;в работе;в работе;в работе;в работе;в работе;в работе;в работе;в работе;в работе;в работе;в работе;в работе;в работе;в работе;в работе;в работе;в работе
25.08.2013;в работе;в работе;в работе;в работе;в работе;в работе;в работе;в работе;в работе;в работе;в работе;в работе;в работе;в работе;в работе;в работе;в работе;;в работе;в работе;в работе;в работе;в работе;в работе;в работе;в работе;в работе;в работе;в работе;в работе;в работе;в работе;в работе;в работе;в работе;в работе;в работе;в работе;в работе;в работе
26.08.2013;в работе;в работе;в работе;в работе;в работе;в работе;в работе;в работе;в работе;в работе;в работе;в работе;в работе;в работе;в работе;в работе;в работе;;в работе;в работе;в работе;в работе;в работе;в работе;в работе;в работе;в работе;в работе;в работе;в работе;в работе;в работе;в работе;в работе;в работе;в работе;в работе;в работе;в работе;в работе
27.08.2013;в работе;в работе;в работе;в работе;в работе;в работе;в работе;в работе;в работе;в работе;в работе;в работе;в работе;в работе;в работе;в работе;в работе;;в работе;в работе;в работе;в работе;в работе;в работе;в работе;в работе;в работе;в работе;в работе;в работе;в работе;в работе;в работе;в работе;в работе;в работе;в работе;в работе;в работе;в работе
28.08.2013;в работе;в работе;в работе;в работе;в работе;в работе;в работе;в работе;в работе;в работе;в работе;в работе;в работе;в работе;в работе;в работе;в работе;;в работе;в работе;в работе;в работе;в работе;в работе;в работе;в работе;в работе;в работе;в работе;в работе;в работе;в работе;в работе;в работе;в работе;в работе;в работе;в работе;в работе;в работе
29.08.2013;в работе;в работе;в работе;в работе;в работе;в работе;в работе;в работе;в работе;в работе;в работе;в работе;в работе;в работе;в работе;в работе;в работе;;в работе;в работе;в работе;в работе;в работе;в работе;в работе;в работе;в работе;в работе;в работе;в работе;в работе;в работе;в работе;в работе;в работе;в работе;в работе;в работе;в работе;в работе
30.08.2013;в работе;в работе;в работе;в работе;в работе;в работе;в работе;в работе;в работе;в работе;в работе;в работе;в работе;в работе;в работе;в работе;в работе;;в работе;в работе;в работе;в работе;в работе;в работе;в работе;в работе;в работе;в работе;в работе;в работе;в работе;в работе;в работе;в работе;в работе;в работе;в работе;в работе;в работе;в работе
31.08.2013;в работе;в работе;в работе;в работе;в работе;в работе;в работе;в работе;в работе;в работе;в работе;в работе;в работе;в работе;в работе;в работе;в работе;;в работе;в работе;в работе;в работе;в работе;в работе;в работе;в работе;в работе;в работе;в работе;в работе;в работе;в работе;в работе;в работе;в работе;в работе;в работе;в работе;в работе;в работе
01.09.2013;в работе;в работе;в работе;в работе;в работе;в работе;в работе;в работе;в работе;в работе;в работе;в работе;в работе;в работе;в работе;в работе;в работе;;в работе;в работе;в работе;в работе;в работе;в работе;в работе;в работе;в работе;в работе;в работе;в работе;в работе;в работе;в работе;в работе;в работе;в работе;в работе;в работе;в работе;в работе
02.09.2013;в работе;в работе;в работе;в работе;в работе;в работе;в работе;в работе;в работе;в работе;в работе;в работе;в работе;в работе;в работе;в работе;в работе;в работе;в работе;в работе;в работе;в работе;в работе;в работе;в работе;в работе;в работе;в работе;в работе;в работе;в работе;в работе;в работе;в работе;в работе;в работе;в работе;в работе;в работе;в работе
03.09.2013;в работе;в работе;в работе;в работе;в работе;в работе;в работе;в работе;в работе;в работе;в работе;в работе;в работе;в работе;в работе;в работе;в работе;в работе;в работе;в работе;в работе;в работе;в работе;в работе;в работе;в работе;в работе;в работе;в работе;в работе;в работе;в работе;в работе;в работе;в работе;в работе;в работе;в работе;в работе;в работе
04.09.2013;в работе;в работе;в работе;в работе;в работе;в работе;в работе;в работе;в работе;в работе;в работе;в работе;в работе;в работе;в работе;в работе;в работе;в работе;в работе;в работе;в работе;в работе;в работе;в работе;в работе;в работе;в работе;в работе;в работе;в работе;в работе;в работе;в работе;в работе;в работе;в работе;в работе;в работе;в работе;в работе
05.09.2013;в работе;в работе;в работе;в работе;в работе;в работе;в работе;в работе;в работе;в работе;в работе;в работе;в работе;в работе;в работе;в работе;в работе;в работе;в работе;в работе;в работе;в работе;в работе;в работе;в работе;в работе;в работе;в работе;в работе;в работе;в работе;в работе;в работе;в работе;в работе;в работе;в работе;в работе;в работе;в работе
06.09.2013;в работе;в работе;в работе;в работе;в работе;в работе;в работе;в работе;в работе;в работе;в работе;в работе;в работе;в работе;в работе;в работе;в работе;в работе;в работе;в работе;в работе;в работе;в работе;в работе;в работе;в работе;в работе;в работе;в работе;в работе;в работе;в работе;в работе;в работе;в работе;в работе;в работе;в работе;в работе;в работе
07.09.2013;в работе;в работе;в работе;в работе;в работе;в работе;в работе;в работе;в работе;в работе;в работе;в работе;в работе;в работе;в работе;в работе;в работе;в работе;в работе;в работе;в работе;в работе;в работе;в работе;в работе;в работе;в работе;в работе;в работе;в работе;в работе;в работе;в работе;в работе;в работе;в работе;в работе;в работе;в работе;в работе
08.09.2013;в работе;в работе;в работе;в работе;в работе;в работе;в работе;в работе;в работе;в работе;в работе;в работе;в работе;в работе;в работе;в работе;в работе;в работе;в работе;в работе;в работе;в работе;в работе;в работе;в работе;в работе;в работе;в работе;в работе;в работе;в работе;в работе;в работе;в работе;в работе;в работе;в работе;в работе;в работе;в работе
09.09.2013;в работе;в работе;в работе;в работе;в работе;в работе;в работе;в работе;в работе;в работе;в работе;в работе;в работе;в работе;в работе;в работе;в работе;в работе;в работе;в работе;в работе;в работе;в работе;в работе;в работе;в работе;в работе;в работе;в работе;в работе;в работе;в работе;в работе;в работе;в работе;в работе;в работе;в работе;в работе;в работе
10.09.2013;в работе;в работе;в работе;в работе;в работе;в работе;в работе;в работе;в работе;в работе;в работе;в работе;в работе;в работе;в работе;в работе;в работе;в работе;в работе;в работе;в работе;в работе;в работе;в работе;в работе;в работе;в работе;в работе;в работе;в работе;в работе;в работе;в работе;в работе;в работе;в работе;в работе;в работе;в работе;в работе
11.09.2013;в работе;в работе;в работе;в работе;в работе;в работе;в работе;в работе;в работе;в работе;в работе;в работе;в работе;в работе;в работе;в работе;в работе;в работе;в работе;в работе;в работе;в работе;в работе;в работе;в работе;в работе;в работе;в работе;в работе;в работе;в работе;в работе;в работе;в работе;в работе;в работе;в работе;в работе;в работе;в работе
12.09.2013;в работе;в работе;в работе;в работе;в работе;в работе;в работе;в работе;в работе;в работе;в работе;в работе;в работе;в работе;в работе;в работе;в работе;в работе;в работе;в работе;в работе;в работе;в работе;в работе;в работе;в работе;в работе;в работе;в работе;в работе;в работе;в работе;в работе;в работе;в работе;в работе;в работе;в работе;в работе;в работе
13.09.2013;в работе;в работе;в работе;в работе;в работе;в работе;в работе;в работе;в работе;в работе;в работе;в работе;в работе;в работе;в работе;в работе;в работе;в работе;в работе;в работе;в работе;в работе;в работе;в работе;в работе;в работе;в работе;в работе;в работе;в работе;в работе;в работе;в работе;в работе;в работе;в работе;в работе;в работе;в работе;в работе
14.09.2013;в работе;в работе;в работе;в работе;в работе;в работе;в работе;в работе;в работе;в работе;в работе;в работе;в работе;в работе;в работе;в работе;в работе;в работе;в работе;в работе;в работе;в работе;в работе;в работе;в работе;в работе;в работе;в работе;в работе;в работе;в работе;в работе;в работе;в работе;в работе;в работе;в работе;в работе;в работе;в работе
15.09.2013;в работе;в работе;в работе;в работе;в работе;в работе;в работе;в работе;в работе;в работе;в работе;в работе;в работе;в работе;в работе;в работе;в работе;в работе;в работе;в работе;в работе;в работе;в работе;в работе;в работе;в работе;в работе;в работе;в работе;в работе;в работе;в работе;в работе;в работе;в работе;в работе;в работе;в работе;в работе;в работе
16.09.2013;в работе;в работе;в работе;в работе;в работе;в работе;в работе;в работе;в работе;в работе;в работе;в работе;в работе;в работе;в работе;в работе;в работе;в работе;в работе;в работе;в работе;в работе;в работе;в работе;в работе;в работе;в работе;в работе;в работе;в работе;в работе;в работе;в работе;в работе;в работе;в работе;в работе;в работе;в работе;в работе
17.09.2013;в работе;в работе;в работе;в работе;в работе;в работе;в работе;в работе;в работе;в работе;в работе;в работе;в работе;в работе;в работе;в работе;в работе;в работе;в работе;в работе;в работе;в работе;в работе;в работе;в работе;в работе;в работе;в работе;в работе;в работе;в работе;в работе;в работе;в работе;в работе;в работе;в работе;в работе;в работе;в работе
18.09.2013;в работе;в работе;в работе;в работе;в работе;в работе;в работе;в работе;в работе;в работе;в работе;в работе;в работе;в работе;в работе;в работе;в работе;в работе;в работе;в работе;в работе;в работе;в работе;в работе;в работе;в работе;в работе;в работе;в работе;в работе;в работе;в работе;в работе;в работе;в работе;в работе;в работе;в работе;в работе;в работе
19.09.2013;в работе;в работе;в работе;в работе;в работе;в работе;в работе;в работе;в работе;в работе;в работе;в работе;в работе;в работе;в работе;в работе;в работе;в работе;в работе;в работе;в работе;в работе;в работе;в работе;в работе;в работе;в работе;в работе;в работе;в работе;в работе;в работе;в работе;в работе;в работе;в работе;в работе;в работе;в работе;в работе
20.09.2013;в работе;в работе;в работе;в работе;в работе;в работе;в работе;в работе;в работе;в работе;в работе;в работе;в работе;в работе;в работе;в работе;в работе;в работе;в работе;в работе;в работе;в работе;в работе;в работе;в работе;в работе;в работе;в работе;в работе;в работе;в работе;в работе;в работе;в работе;в работе;в работе;в работе;в работе;в работе;в работе
21.09.2013;в работе;в работе;в работе;в работе;в работе;в работе;в работе;в работе;в работе;в работе;в работе;в работе;в работе;в работе;в работе;в работе;в работе;в работе;в работе;в работе;в работе;в работе;в работе;в работе;в работе;в работе;в работе;в работе;в работе;в работе;в работе;в работе;в работе;в работе;в работе;в работе;в работе;в работе;в работе;в работе
22.09.2013;в работе;в работе;в работе;в работе;в работе;в работе;в работе;в работе;в работе;в работе;в работе;в работе;в работе;в работе;в работе;в работе;в работе;в работе;в работе;в работе;в работе;в работе;в работе;в работе;в работе;в работе;в работе;в работе;в работе;в работе;в работе;в работе;в работе;в работе;в работе;в работе;в работе;в работе;в работе;в работе
23.09.2013;в работе;в работе;в работе;в работе;в работе;в работе;в работе;в работе;в работе;в работе;в работе;в работе;в работе;в работе;в работе;в работе;в работе;в работе;в работе;в работе;в работе;в работе;в работе;в работе;в работе;в работе;в работе;в работе;в работе;в работе;в работе;в работе;в работе;в работе;в работе;в работе;в работе;в работе;в работе;в работе
24.09.2013;в работе;в работе;в работе;в работе;в работе;в работе;в работе;в работе;в работе;в работе;в работе;в работе;в работе;в работе;в работе;в работе;в работе;в работе;в работе;в работе;в работе;в работе;в работе;в работе;в работе;в работе;в работе;в работе;в работе;в работе;в работе;в работе;в работе;в работе;в работе;в работе;в работе;в работе;в работе;в работе
25.09.2013;в работе;в работе;в работе;в работе;в работе;в работе;в работе;в работе;в работе;в работе;в работе;в работе;в работе;в работе;в работе;в работе;в работе;в работе;в работе;в работе;в работе;в работе;в работе;в работе;в работе;в работе;в работе;в работе;в работе;в работе;в работе;в работе;в работе;в работе;в работе;в работе;в работе;в работе;в работе;в работе
26.09.2013;в работе;в работе;в работе;в работе;в работе;в работе;в работе;в работе;в работе;в работе;в работе;в работе;в работе;в работе;в работе;в работе;в работе;в работе;в работе;в работе;в работе;в работе;в работе;в работе;в работе;в работе;в работе;в работе;в работе;в работе;в работе;в работе;в работе;в работе;в работе;в работе;в работе;в работе;в работе;в работе
27.09.2013;в работе;в работе;в работе;в работе;в работе;в работе;в работе;в работе;в работе;в работе;в работе;в работе;в работе;в работе;в работе;в работе;в работе;в работе;в работе;в работе;в работе;в работе;в работе;в работе;в работе;в работе;в работе;в работе;в работе;в работе;в работе;в работе;в работе;в работе;в работе;в работе;в работе;в работе;в работе;в работе
28.09.2013;в работе;в работе;в работе;в работе;в работе;в работе;в работе;в работе;в работе;в работе;в работе;в работе;в работе;в работе;в работе;в работе;в работе;в работе;в работе;в работе;в работе;в работе;в работе;в работе;в работе;в работе;в работе;в работе;в работе;в работе;в работе;в работе;в работе;в работе;в работе;в работе;в работе;в работе;в работе;в работе
29.09.2013;в работе;в работе;в работе;в работе;в работе;в работе;в работе;в работе;в работе;в работе;в работе;в работе;в работе;в работе;в работе;в работе;в работе;в работе;в работе;в работе;в работе;в работе;в работе;в работе;в работе;в работе;в работе;в работе;в работе;в работе;в работе;в работе;в работе;в работе;в работе;в работе;в работе;в работе;в работе;в работе
30.09.2013;в работе;в работе;в работе;в работе;в работе;в работе;в работе;в работе;в работе;в работе;в работе;в работе;в работе;в работе;в работе;в работе;в работе;в работе;в работе;в работе;в работе;в работе;в работе;в работе;в работе;в работе;в работе;в работе;в работе;в работе;в работе;в работе;в работе;в работе;в работе;в работе;в работе;в работе;в работе;в работе
01.10.2013;в работе;в работе;в работе;в работе;в работе;в работе;в работе;в работе;в работе;в работе;в работе;в работе;в работе;в работе;в работе;в работе;в работе;в работе;в работе;в работе;в работе;в работе;в работе;в работе;в работе;в работе;в работе;в работе;в работе;в работе;в работе;в работе;в работе;в работе;в работе;в работе;в работе;в работе;в работе;в работе
02.10.2013;в работе;в работе;в работе;в работе;в работе;в работе;в работе;в работе;в работе;в работе;в работе;в работе;в работе;в работе;в работе;в работе;в работе;в работе;в работе;в работе;в работе;в работе;в работе;в работе;в работе;в работе;в работе;в работе;в работе;в работе;в работе;в работе;в работе;в работе;в работе;в работе;в работе;в работе;в работе;в работе
03.10.2013;в работе;в работе;в работе;в работе;в работе;в работе;в работе;в работе;в работе;в работе;в работе;в работе;в работе;в работе;в работе;в работе;в работе;в работе;в работе;в работе;в работе;в работе;в работе;в работе;в работе;в работе;в работе;в работе;в работе;в работе;в работе;в работе;в работе;в работе;в работе;в работе;в работе;в работе;в работе;в работе
04.10.2013;в работе;в работе;в работе;в работе;в работе;в работе;в работе;в работе;в работе;в работе;в работе;в работе;в работе;в работе;в работе;в работе;в работе;в работе;в работе;в работе;в работе;в работе;в работе;в работе;в работе;в работе;в работе;в работе;в работе;в работе;в работе;в работе;в работе;в работе;в работе;в работе;в работе;в работе;в работе;в работе
05.10.2013;в работе;в работе;в работе;в работе;в работе;в работе;в работе;в работе;в работе;в работе;в работе;в работе;в работе;в работе;в работе;в работе;в работе;в работе;в работе;в работе;в работе;в работе;в работе;в работе;в работе;в работе;в работе;в работе;в работе;в работе;в работе;в работе;в работе;в работе;в работе;в работе;в работе;в работе;в работе;в работе
06.10.2013;в работе;в работе;в работе;в работе;в работе;в работе;в работе;в работе;в работе;в работе;в работе;в работе;в работе;в работе;в работе;в работе;в работе;в работе;в работе;в работе;в работе;в работе;в работе;в работе;в работе;в работе;в работе;в работе;в работе;в работе;в работе;в работе;в работе;в работе;в работе;в работе;в работе;в работе;в работе;в работе
07.10.2013;в работе;в работе;в работе;в работе;в работе;в работе;в работе;в работе;в работе;в работе;в работе;в работе;в работе;в работе;в работе;в работе;в работе;в работе;в работе;в работе;в работе;в работе;в работе;в работе;в работе;в работе;в работе;в работе;в работе;в работе;в работе;в работе;в работе;в работе;в работе;в работе;в работе;в работе;в работе;в работе
08.10.2013;в работе;в работе;в работе;в работе;в работе;в работе;в работе;в работе;в работе;в работе;в работе;в работе;в работе;в работе;в работе;в работе;в работе;в работе;в работе;в работе;в работе;в работе;в работе;в работе;в работе;в работе;в работе;в работе;в работе;в работе;в работе;в работе;в работе;в работе;в работе;в работе;в работе;в работе;в работе;в работе
09.10.2013;в работе;в работе;в работе;в работе;в работе;в работе;в работе;в работе;в работе;в работе;в работе;в работе;в работе;в работе;в работе;в работе;в работе;в работе;в работе;в работе;в работе;в работе;в работе;в работе;в работе;в работе;в работе;в работе;в работе;в работе;в работе;в работе;в работе;в работе;в работе;в работе;в работе;в работе;в работе;в работе
10.10.2013;в работе;в работе;в работе;в работе;в работе;в работе;в работе;в работе;в работе;в работе;в работе;в работе;в работе;в работе;в работе;в работе;в работе;в работе;в работе;в работе;в работе;в работе;в работе;в работе;в работе;в работе;в работе;в работе;в работе;в работе;в работе;в работе;в работе;в работе;в работе;в работе;в работе;в работе;в работе;в работе
11.10.2013;в работе;в работе;в работе;в работе;в работе;в работе;в работе;в работе;в работе;в работе;в работе;в работе;в работе;в работе;в работе;в работе;в работе;в работе;в работе;в работе;в работе;в работе;в работе;в работе;в работе;в работе;в работе;в работе;в работе;в работе;в работе;в работе;в работе;в работе;в работе;в работе;в работе;в работе;в работе;в работе
12.10.2013;в работе;в работе;в работе;в работе;в работе;в работе;в работе;в работе;в работе;в работе;в работе;в работе;в работе;в работе;в работе;в работе;в работе;в работе;в работе;в работе;в работе;в работе;в работе;в работе;в работе;в работе;в работе;в работе;в работе;в работе;в работе;в работе;в работе;в работе;в работе;в работе;в работе;в работе;в работе;в работе
13.10.2013;в работе;в работе;в работе;в работе;в работе;в работе;в работе;в работе;в работе;в работе;в работе;в работе;в работе;в работе;в работе;в работе;в работе;в работе;в работе;в работе;в работе;в работе;в работе;в работе;в работе;в работе;в работе;в работе;в работе;в работе;в работе;в работе;в работе;в работе;в работе;в работе;в работе;в работе;в работе;в работе
14.10.2013;в работе;в работе;в работе;в работе;в работе;в работе;в работе;в работе;в работе;в работе;в работе;в работе;в работе;в работе;в работе;в работе;в работе;в работе;в работе;в работе;в работе;в работе;в работе;в работе;в работе;в работе;в работе;в работе;в работе;в работе;в работе;в работе;в работе;в работе;в работе;в работе;в работе;в работе;в работе;в работе
15.10.2013;в работе;в работе;в работе;в работе;в работе;в работе;в работе;в работе;в работе;в работе;в работе;в работе;в работе;в работе;в работе;в работе;в работе;в работе;в работе;в работе;в работе;в работе;в работе;в работе;в работе;в работе;в работе;в работе;в работе;в работе;в работе;в работе;в работе;в работе;в работе;в работе;в работе;в работе;в работе;в работе
16.10.2013;в работе;в работе;в работе;в работе;в работе;в работе;в работе;в работе;в работе;в работе;в работе;в работе;в работе;в работе;в работе;в работе;в работе;в работе;в работе;в работе;в работе;в работе;в работе;в работе;в работе;в работе;в работе;в работе;в работе;в работе;в работе;в работе;в работе;в работе;в работе;в работе;в работе;в работе;в работе;в работе
17.10.2013;в работе;в работе;в работе;в работе;в работе;в работе;в работе;в работе;в работе;в работе;в работе;в работе;в работе;в работе;в работе;в работе;в работе;в работе;в работе;в работе;в работе;в работе;в работе;в работе;в работе;в работе;в работе;в работе;в работе;в работе;в работе;в работе;в работе;в работе;в работе;в работе;в работе;в работе;в работе;в работе
18.10.2013;в работе;в работе;в работе;в работе;в работе;в работе;в работе;в работе;в работе;в работе;в работе;в работе;в работе;в работе;в работе;в работе;в работе;в работе;в работе;в работе;в работе;в работе;в работе;в работе;в работе;в работе;в работе;в работе;в работе;в работе;в работе;в работе;в работе;в работе;в работе;в работе;в работе;в работе;в работе;в работе
19.10.2013;в работе;в работе;в работе;в работе;в работе;в работе;в работе;в работе;в работе;в работе;в работе;в работе;в работе;в работе;в работе;в работе;в работе;в работе;в работе;в работе;в работе;в работе;в работе;в работе;в работе;в работе;в работе;в работе;в работе;в работе;в работе;в работе;в работе;в работе;в работе;в работе;в работе;в работе;в работе;в работе
20.10.2013;в работе;в работе;в работе;в работе;в работе;в работе;в работе;в работе;в работе;в работе;в работе;в работе;в работе;в работе;в работе;в работе;в работе;в работе;в работе;в работе;в работе;в работе;в работе;в работе;в работе;в работе;в работе;в работе;в работе;в работе;в работе;в работе;в работе;в работе;в работе;в работе;в работе;в работе;в работе;в работе
21.10.2013;в работе;в работе;в работе;в работе;в работе;в работе;в работе;в работе;в работе;в работе;в работе;в работе;в работе;в работе;в работе;в работе;в работе;в работе;в работе;в работе;в работе;в работе;в работе;в работе;в работе;в работе;в работе;в работе;в работе;в работе;в работе;в работе;в работе;в работе;в работе;в работе;в работе;в работе;в работе;в работе
22.10.2013;в работе;в работе;в работе;в работе;в работе;в работе;в работе;в работе;в работе;в работе;в работе;в работе;в работе;в работе;в работе;в работе;в работе;в работе;в работе;в работе;в работе;в работе;в работе;в работе;в работе;в работе;в работе;в работе;в работе;в работе;в работе;в работе;в работе;в работе;в работе;в работе;в работе;в работе;в работе;в работе
23.10.2013;в работе;в работе;в работе;в работе;в работе;в работе;в работе;в работе;в работе;в работе;в работе;в работе;в работе;в работе;в работе;в работе;в работе;в работе;в работе;в работе;в работе;в работе;в работе;в работе;в работе;в работе;в работе;в работе;в работе;в работе;в работе;в работе;в работе;в работе;в работе;в работе;в работе;в работе;в работе;в работе
24.10.2013;в работе;в работе;в работе;в работе;в работе;в работе;в работе;в работе;в работе;в работе;в работе;в работе;в работе;в работе;в работе;в работе;в работе;в работе;в работе;в работе;в работе;в работе;в работе;в работе;в работе;в работе;в работе;в работе;в работе;в работе;в работе;в работе;в работе;в работе;в работе;в работе;в работе;в работе;в работе;в работе
25.10.2013;в работе;в работе;в работе;в работе;в работе;в работе;в работе;в работе;в работе;в работе;в работе;в работе;в работе;в работе;в работе;в работе;в работе;в работе;в работе;в работе;в работе;в работе;в работе;в работе;в работе;в работе;в работе;в работе;в работе;в работе;в работе;в работе;в работе;в работе;в работе;в работе;в работе;в работе;в работе;в работе
26.10.2013;в работе;в работе;в работе;в работе;в работе;в работе;в работе;в работе;в работе;в работе;в работе;в работе;в работе;в работе;в работе;в работе;в работе;в работе;в работе;в работе;в работе;в работе;в работе;в работе;в работе;в работе;в работе;в работе;в работе;в работе;в работе;в работе;в работе;в работе;в работе;в работе;в работе;в работе;в работе;в работе
27.10.2013;в работе;в работе;в работе;в работе;в работе;в работе;в работе;в работе;в работе;в работе;в работе;в работе;в работе;в работе;в работе;в работе;в работе;в работе;в работе;в работе;в работе;в работе;в работе;в работе;в работе;в работе;в работе;в работе;в работе;в работе;в работе;в работе;в работе;в работе;в работе;в работе;в работе;в работе;в работе;в работе
28.10.2013;в работе;в работе;в работе;в работе;в работе;в работе;в работе;;в работе;в работе;в работе;в работе;в работе;в работе;в работе;в работе;в работе;в работе;в работе;в работе;в работе;в работе;в работе;в работе;в работе;в работе;в работе;в работе;в работе;в работе;в работе;в работе;в работе;в работе;в работе;в работе;в работе;в работе;в работе;в работе
29.10.2013;в работе;в работе;в работе;в работе;в работе;в работе;в работе;;в работе;в работе;в работе;в работе;в работе;в работе;в работе;в работе;в работе;в работе;в работе;в работе;в работе;в работе;в работе;в работе;в работе;в работе;в работе;в работе;в работе;в работе;в работе;в работе;в работе;в работе;в работе;в работе;в работе;в работе;в работе;в работе
30.10.2013;;;в работе;в работе;;в работе;;;;;;;в работе;в работе;в работе;в работе;;;;;в работе;;в работе;;;в работе;в работе;в работе;в работе;в работе;в работе;в работе;в работе;в работе;в работе;в работе;в работе;в работе;в работе;в работе
31.10.2013;;;в работе;в работе;;в работе;;;;;;;в работе;в работе;в работе;в работе;;в работе;;;в работе;;в работе;;;в работе;в работе;в работе;в работе;в работе;в работе;в работе;в работе;в работе;в работе;в работе;в работе;в работе;в работе;в работе
01.11.2013;;;в работе;в работе;;в работе;;;;;;;в работе;в работе;в работе;в работе;;00:00-05:00;;;в работе;;в работе;;;в работе;в работе;в работе;в работе;в работе;в работе;в работе;в работе;в работе;в работе;в работе;в работе;в работе;в работе;в работе
02.11.2013;20:00-24:00;20:00-24:00;в работе;в работе;15:00-24:00;в работе;15:00-24:00;;15:00-24:00;15:00-24:00;15:00-24:00;15:00-24:00;в работе;в работе;в работе;в работе;10:00-23:59;10:00-23:59;;;в работе;;в работе;;;в работе;в работе;в работе;в работе;в работе;в работе;в работе;в работе;в работе;в работе;в работе;в работе;в работе;в работе;в работе
03.11.2013;в работе;в работе;в работе;в работе;в работе;в работе;в работе;;в работе;в работе;в работе;в работе;в работе;в работе;в работе;в работе;в работе;в работе;в работе;в работе;в работе;в работе;в работе;в работе;в работе;в работе;в работе;в работе;в работе;в работе;в работе;в работе;в работе;в работе;в работе;в работе;в работе;в работе;в работе;в работе
04.11.2013;в работе;в работе;в работе;в работе;в работе;в работе;в работе;;в работе;в работе;в работе;в работе;в работе;в работе;в работе;в работе;в работе;в работе;в работе;в работе;в работе;в работе;в работе;в работе;в работе;в работе;в работе;в работе;в работе;в работе;в работе;в работе;в работе;в работе;в работе;в работе;в работе;в работе;в работе;в работе
05.11.2013;в работе;в работе;в работе;в работе;в работе;в работе;в работе;;в работе;в работе;в работе;в работе;в работе;в работе;в работе;в работе;в работе;в работе;в работе;в работе;в работе;в работе;в работе;в работе;в работе;в работе;в работе;в работе;в работе;в работе;в работе;в работе;в работе;в работе;в работе;в работе;в работе;в работе;в работе;в работе
06.11.2013;в работе;в работе;в работе;в работе;в работе;в работе;в работе;;в работе;в работе;в работе;в работе;в работе;в работе;в работе;в работе;в работе;в работе;в работе;в работе;в работе;в работе;в работе;в работе;в работе;в работе;в работе;в работе;в работе;в работе;в работе;в работе;в работе;в работе;в работе;в работе;в работе;в работе;в работе;в работе
07.11.2013;в работе;в работе;в работе;в работе;в работе;в работе;в работе;;в работе;в работе;в работе;в работе;в работе;в работе;в работе;в работе;в работе;в работе;в работе;в работе;в работе;в работе;в работе;в работе;в работе;в работе;в работе;в работе;в работе;в работе;в работе;в работе;в работе;в работе;в работе;в работе;в работе;в работе;в работе;в работе
08.11.2013;в работе;в работе;в работе;в работе;в работе;в работе;в работе;;в работе;в работе;в работе;в работе;в работе;в работе;в работе;в работе;в работе;в работе;в работе;в работе;в работе;в работе;в работе;в работе;в работе;в работе;в работе;в работе;в работе;в работе;в работе;в работе;в работе;в работе;в работе;в работе;в работе;в работе;в работе;в работе
09.11.2013;в работе;в работе;в работе;в работе;в работе;в работе;в работе;;в работе;в работе;в работе;в работе;в работе;в работе;в работе;в работе;в работе;в работе;в работе;в работе;в работе;в работе;в работе;в работе;в работе;в работе;в работе;в работе;в работе;в работе;в работе;в работе;в работе;в работе;в работе;в работе;в работе;в работе;в работе;в работе
10.11.2013;в работе;в работе;в работе;в работе;в работе;в работе;в работе;;в работе;в работе;в работе;в работе;в работе;в работе;в работе;в работе;в работе;в работе;в работе;в работе;в работе;в работе;в работе;в работе;в работе;в работе;в работе;в работе;в работе;в работе;в работе;в работе;в работе;в работе;в работе;в работе;в работе;в работе;в работе;в работе
11.11.2013;в работе;в работе;в работе;в работе;в работе;в работе;в работе;;в работе;в работе;в работе;в работе;в работе;в работе;в работе;в работе;в работе;в работе;в работе;в работе;в работе;в работе;в работе;в работе;в работе;в работе;в работе;в работе;в работе;в работе;в работе;в работе;в работе;в работе;в работе;в работе;в работе;в работе;в работе;в работе
12.11.2013;в работе;в работе;в работе;в работе;в работе;в работе;в работе;;в работе;в работе;в работе;в работе;в работе;в работе;в работе;в работе;в работе;в работе;в работе;в работе;в работе;в работе;в работе;в работе;в работе;в работе;в работе;в работе;в работе;в работе;в работе;в работе;в работе;в работе;в работе;в работе;в работе;в работе;в работе;в работе
13.11.2013;в работе;в работе;в работе;04:00-09:00 ТО;04:00-09:00 ТО;08:00-10:00 ТО;08:00-10:00 ТО;;08:00-10:30 standby;08:00-10:30 standby;08:00-10:30 standby;08:00-10:30 standby;08:00-10:30 standby;08:00-10:30 standby;08:00-10:30 standby;08:00-10:30 standby;08:00-10:30 standby;08:00-10:30 standby;в работе;в работе;в работе;в работе;в работе;в работе;в работе;в работе;08:00-10:00 ТО;08:00-10:00 ТО;в работе;в работе;в работе;в работе;в работе;в работе;в работе;в работе;в работе;в работе;в работе;в работе
14.11.2013;в работе;в работе;в работе;в работе;в работе;в работе;в работе;;в работе;в работе;в работе;в работе;в работе;в работе;в работе;в работе;в работе;в работе;в работе;в работе;в работе;в работе;08:00-10:00 ТО;в работе;в работе;в работе;в работе;в работе;в работе;в работе;в работе;в работе;в работе;в работе;в работе;в работе;в работе;в работе;в работе;в работе
15.11.2013;в работе;в работе;в работе;в работе;в работе;в работе;в работе;;в работе;в работе;в работе;в работе;в работе;в работе;в работе;в работе;в работе;в работе;в работе;в работе;в работе;в работе;в работе;в работе;в работе;в работе;в работе;в работе;в работе;в работе;в работе;в работе;в работе;в работе;в работе;в работе;в работе;в работе;в работе;в работе
16.11.2013;в работе;в работе;в работе;в работе;в работе;в работе;в работе;;в работе;в работе;в работе;в работе;в работе;в работе;в работе;в работе;в работе;в работе;в работе;в работе;в работе;в работе;в работе;в работе;в работе;в работе;в работе;в работе;в работе;в работе;в работе;в работе;в работе;в работе;в работе;в работе;в работе;в работе;в работе;в работе
17.11.2013;в работе;в работе;в работе;в работе;в работе;в работе;в работе;;в работе;в работе;в работе;в работе;в работе;в работе;в работе;в работе;в работе;в работе;в работе;в работе;в работе;в работе;в работе;в работе;в работе;в работе;в работе;в работе;в работе;в работе;в работе;в работе;в работе;в работе;;в работе;в работе;в работе;в работе;в работе
18.11.2013;в работе;в работе;в работе;в работе;в работе;в работе;в работе;;в работе;в работе;в работе;в работе;в работе;в работе;в работе;в работе;в работе;в работе;в работе;в работе;в работе;в работе;в работе;в работе;в работе;в работе;в работе;в работе;в работе;в работе;00:00-16:00;00:00-16:00;00:00-16:00;00:00-16:00;;00:00-12:00;в работе;в работе;в работе;в работе
19.11.2013;в работе;в работе;в работе;в работе;в работе;в работе;в работе;;в работе;в работе;в работе;в работе;в работе;в работе;в работе;в работе;в работе;в работе;в работе;в работе;в работе;в работе;в работе;в работе;в работе;в работе;в работе;в работе;в работе;в работе;;;;;;;в работе;в работе;в работе;в работе
20.11.2013;в работе;в работе;в работе;в работе;в работе;в работе;в работе;;в работе;в работе;в работе;в работе;в работе;в работе;в работе;в работе;в работе;в работе;в работе;в работе;в работе;в работе;в работе;в работе;в работе;в работе;в работе;в работе;в работе;в работе;;;;;;;в работе;в работе;в работе;в работе
21.11.2013;в работе;в работе;в работе;в работе;в работе;в работе;в работе;;в работе;в работе;в работе;в работе;в работе;в работе;в работе;в работе;в работе;в работе;в работе;в работе;в работе;в работе;в работе;в работе;в работе;в работе;в работе;в работе;в работе;в работе;;;;;;;в работе;в работе;в работе;в работе
22.11.2013;в работе;в работе;в работе;в работе;в работе;в работе;в работе;;в работе;в работе;в работе;в работе;в работе;в работе;в работе;в работе;в работе;в работе;в работе;в работе;в работе;в работе;в работе;в работе;в работе;в работе;в работе;в работе;в работе;в работе;;;;;;;в работе;в работе;в работе;в работе
23.11.2013;в работе;в работе;в работе;в работе;в работе;в работе;в работе;;в работе;в работе;в работе;в работе;в работе;в работе;в работе;в работе;в работе;в работе;в работе;в работе;в работе;в работе;в работе;в работе;в работе;в работе;в работе;в работе;в работе;в работе;;;;;;;в работе;в работе;в работе;в работе
24.11.2013;в работе;в работе;в работе;в работе;в работе;в работе;в работе;;в работе;в работе;в работе;в работе;в работе;в работе;в работе;в работе;в работе;в работе;в работе;в работе;в работе;в работе;в работе;в работе;в работе;в работе;в работе;в работе;в работе;в работе;;;;;;;в работе;в работе;в работе;в работе
25.11.2013;в работе;в работе;в работе;в работе;в работе;в работе;в работе;;в работе;в работе;в работе;в работе;в работе;в работе;в работе;в работе;в работе;в работе;в работе;в работе;в работе;в работе;в работе;в работе;в работе;в работе;в работе;в работе;в работе;в работе;;;;;;;в работе;в работе;в работе;в работе
26.11.2013;в работе;в работе;в работе;в работе;в работе;в работе;в работе;;в работе;в работе;в работе;в работе;в работе;в работе;в работе;в работе;в работе;в работе;в работе;в работе;в работе;в работе;в работе;в работе;в работе;в работе;в работе;в работе;в работе;в работе;;;;;;;в работе;в работе;в работе;в работе
27.11.2013;в работе;в работе;в работе;в работе;в работе;в работе;в работе;;в работе;в работе;в работе;в работе;в работе;в работе;в работе;в работе;в работе;в работе;в работе;в работе;в работе;в работе;в работе;в работе;в работе;в работе;в работе;в работе;в работе;в работе;;;;;;;в работе;в работе;в работе;в работе
28.11.2013;в работе;в работе;в работе;в работе;в работе;в работе;в работе;;в работе;в работе;в работе;в работе;в работе;в работе;в работе;в работе;в работе;в работе;в работе;в работе;в работе;в работе;в работе;в работе;в работе;в работе;в работе;в работе;в работе;в работе;;;;;;;в работе;в работе;в работе;в работе
29.11.2013;в работе;в работе;в работе;в работе;в работе;в работе;в работе;;в работе;в работе;в работе;в работе;в работе;в работе;в работе;в работе;в работе;в работе;в работе;в работе;в работе;в работе;в работе;в работе;в работе;в работе;в работе;в работе;в работе;в работе;;;;;;;в работе;в работе;в работе;в работе
30.11.2013;в работе;в работе;в работе;в работе;в работе;в работе;в работе;;в работе;в работе;в работе;в работе;в работе;в работе;в работе;в работе;в работе;в работе;в работе;в работе;в работе;в работе;в работе;в работе;в работе;в работе;в работе;в работе;в работе;в работе;;;;;;;в работе;в работе;в работе;в работе
01.12.2013;в работе;в работе;в работе;в работе;в работе;в работе;в работе;;в работе;в работе;в работе;в работе;в работе;в работе;в работе;в работе;в работе;в работе;в работе;в работе;в работе;в работе;в работе;в работе;в работе;в работе;08:00-17:00 ТО;08:00-17:00 ТО;в работе;в работе;;;;;;;в работе;в работе;в работе;в работе
02.12.2013;в работе;в работе;в работе;в работе;в работе;в работе;в работе;;в работе;в работе;в работе;в работе;в работе;в работе;в работе;в работе;в работе;в работе;в работе;в работе;в работе;в работе;в работе;в работе;в работе;в работе;в работе;в работе;в работе;в работе;;;;;;;в работе;в работе;в работе;в работе
03.12.2013;в работе;в работе;в работе;в работе;в работе;в работе;в работе;;в работе;в работе;в работе;в работе;в работе;в работе;в работе;в работе;в работе;в работе;в работе;в работе;в работе;в работе;в работе;в работе;в работе;в работе;в работе;в работе;в работе;демонтаж;;;;;;;в работе;в работе;в работе;в работе
04.12.2013;08:00-17:00 ТО;08:00-17:00 ТО;в работе;в работе;в работе;в работе;в работе;;в работе;в работе;в работе;в работе;в работе;в работе;в работе;в работе;в работе;в работе;в работе;в работе;в работе;в работе;в работе;в работе;в работе;в работе;в работе;в работе;демонтаж;;;;;;;;в работе;в работе;в работе;в работе
05.12.2013;в работе;в работе;08:00-17:00 ТО;в работе;в работе;в работе;в работе;;в работе;в работе;в работе;в работе;в работе;в работе;в работе;в работе;в работе;в работе;в работе;в работе;в работе;в работе;в работе;в работе;08:00-17:00 ТО;08:00-17:00 ТО;в работе;в работе;;;;;;;;;в работе;в работе;в работе;в работе
06.12.2013;в работе;в работе;в работе;в работе;в работе;в работе;в работе;;в работе;в работе;в работе;в работе;в работе;в работе;в работе;в работе;в работе;в работе;в работе;08:00-03:00 замена мишеней;в работе;в работе;в работе;в работе;в работе;в работе;в работе;в работе;;;;;;;;;в работе;в работе;в работе;в работе
07.12.2013;в работе;в работе;в работе;в работе;в работе;в работе;в работе;;в работе;в работе;в работе;в работе;в работе;в работе;в работе;в работе;в работе;в работе;в работе;в работе;в работе;в работе;в работе;в работе;в работе;в работе;в работе;в работе;;;;;;;;;в работе;в работе;в работе;в работе
08.12.2013;в работе;в работе;в работе;в работе;в работе;в работе;в работе;;в работе;в работе;в работе;в работе;в работе;в работе;в работе;в работе;в работе;в работе;в работе;в работе;08:00-19:00 замена мишеней;в работе;08:00-17:00 ТО;в работе;в работе;в работе;в работе;в работе;;;;;;;;;в работе;в работе;в работе;в работе
09.12.2013;в работе;в работе;в работе;в работе;в работе;в работе;в работе;;в работе;в работе;в работе;в работе;в работе;в работе;в работе;в работе;в работе;в работе;в работе;в работе;в работе;в работе;в работе;в работе;в работе;в работе;в работе;в работе;;;;;;;;;в работе;в работе;в работе;в работе
10.12.2013;;;в работе;в работе;;в работе;;;в работе;в работе;в работе;;;в работе;в работе;в работе;;;;;в работе;;в работе;;;в работе;в работе;в работе;;;;;;;;;в работе;в работе;в работе;в работе
11.12.2013;;;в работе;в работе;;в работе;;;в работе;в работе;в работе;;;в работе;в работе;в работе;;;;;в работе;;в работе;;;в работе;в работе;в работе;;;;;;;;;00:00-16:00;00:00-16:00;00:00-19:00;00:00-19:00
12.12.2013;;;в работе;в работе;;в работе;;;в работе;в работе;в работе;;;в работе;в работе;в работе;;;;;в работе;;в работе;;;в работе;в работе;в работе;;;;;;;;;;;;
13.12.2013;;;в работе;в работе;;в работе;;;в работе;в работе;в работе;;;в работе;в работе;в работе;;;;;в работе;;в работе;;;в работе;в работе;в работе;;;;;;;;;;;;
14.12.2013;;;в работе;в работе;;в работе;;;в работе;в работе;в работе;;;в работе;в работе;в работе;;;;;в работе;;в работе;;;в работе;в работе;в работе;;;;;;;;;08:00-24:00;08:00-24:00;08:00-24:00;08:00-24:00
15.12.2013;;;в работе;в работе;;в работе;;;в работе;в работе;в работе;;;в работе;в работе;в работе;;;;;в работе;;в работе;;;в работе;в работе;в работе;;;;;;;;;в работе;в работе;в работе;в работе
16.12.2013;;;в работе;в работе;;в работе;;;в работе;в работе;в работе;;;в работе;в работе;в работе;;;;;в работе;;в работе;;;в работе;в работе;в работе;;;;;;;;;в работе;в работе;в работе;в работе
17.12.2013;;;в работе;в работе;;в работе;;;в работе;в работе;в работе;;;в работе;в работе;в работе;;;;;в работе;;в работе;;;в работе;в работе;в работе;;;;;;;;;в работе;в работе;в работе;в работе
18.12.2013;;;в работе;в работе;;в работе;;;в работе;в работе;в работе;;;в работе;в работе;в работе;;;;;в работе;;в работе;;;в работе;в работе;в работе;;;;;;;;;в работе;в работе;в работе;в работе
19.12.2013;;;в работе;в работе;;в работе;;;в работе;в работе;в работе;;;в работе;в работе;в работе;;;;;в работе;;в работе;;;в работе;в работе;в работе;;;;;;;;;в работе;в работе;в работе;в работе
20.12.2013;;;в работе;в работе;;в работе;;;в работе;в работе;в работе;;;в работе;в работе;в работе;;;;;в работе;;в работе;;;в работе;в работе;в работе;;;;;;;;;в работе;в работе;в работе;в работе
21.12.2013;;;в работе;в работе;;в работе;;;в работе;в работе;в работе;;;в работе;в работе;в работе;;;;;в работе;;в работе;;;в работе;в работе;в работе;;;;;;;;;в работе;в работе;в работе;в работе
22.12.2013;;;в работе;в работе;;в работе;;;в работе;в работе;в работе;;;в работе;в работе;в работе;;;;;в работе;;в работе;;;в работе;в работе;в работе;;;;;;;;;в работе;в работе;в работе;в работе
23.12.2013;;;в работе;в работе;;в работе;;;в работе;в работе;в работе;;;в работе;в работе;в работе;;;;;в работе;;в работе;;;в работе;в работе;в работе;;;;;;;;;в работе;в работе;в работе;в работе
24.12.2013;;;в работе;в работе;;в работе;;;в работе;в работе;в работе;;;в работе;в работе;в работе;;;;;в работе;;в работе;;;в работе;в работе;в работе;;;;;;;;;в работе;в работе;в работе;в работе
25.12.2013;;;в работе;в работе;;в работе;;;в работе;в работе;в работе;;;в работе;в работе;в работе;;;;;в работе;;в работе;;;в работе;в работе;в работе;;;;;;;;;в работе;в работе;в работе;в работе
26.12.2013;в работе;в работе;в работе;в работе;в работе;в работе;в работе;;в работе;в работе;в работе;в работе;в работе;в работе;в работе;в работе;;;в работе;;в работе;в работе;в работе;в работе;в работе;в работе;в работе;в работе;;;;;;;;;в работе;в работе;в работе;в работе
27.12.2013;в работе;в работе;в работе;в работе;в работе;в работе;в работе;;в работе;в работе;в работе;в работе;в работе;в работе;в работе;в работе;;;в работе;;в работе;в работе;в работе;в работе;в работе;в работе;в работе;в работе;;;;;;;;;в работе;в работе;в работе;в работе
28.12.2013;в работе;в работе;в работе;в работе;в работе;в работе;в работе;;в работе;в работе;в работе;в работе;в работе;в работе;в работе;в работе;;;в работе;;в работе;в работе;в работе;в работе;в работе;в работе;в работе;в работе;;;;;;;;;в работе;в работе;в работе;в работе
29.12.2013;в работе;в работе;в работе;в работе;в работе;в работе;в работе;;в работе;в работе;в работе;в работе;в работе;в работе;в работе;в работе;;;в работе;;в работе;в работе;в работе;в работе;в работе;в работе;в работе;в работе;;;;;;;;;в работе;в работе;в работе;в работе
30.12.2013;в работе;в работе;в работе;в работе;в работе;в работе;в работе;;в работе;в работе;в работе;в работе;в работе;в работе;в работе;в работе;;;в работе;;в работе;в работе;в работе;в работе;в работе;в работе;в работе;в работе;;;;;;;;;в работе;в работе;в работе;в работе
31.12.2013;в работе;в работе;в работе;в работе;в работе;в работе;в работе;;в работе;в работе;в работе;в работе;в работе;в работе;в работе;в работе;;;в работе;;в работе;в работе;в работе;в работе;в работе;в работе;в работе;в работе;;;;;;;;;в работе;в работе;в работе;в работе
01.01.2014;в работе;в работе;в работе;в работе;в работе;в работе;в работе;;в работе;в работе;в работе;в работе;в работе;в работе;в работе;в работе;;;в работе;;в работе;в работе;в работе;в работе;в работе;в работе;в работе;в работе;;;;;;;;;в работе;в работе;в работе;в работе
02.01.2014;в работе;в работе;в работе;в работе;в работе;в работе;в работе;;в работе;в работе;в работе;в работе;в работе;в работе;в работе;в работе;;;в работе;;в работе;в работе;в работе;в работе;в работе;в работе;в работе;в работе;;;;;;;;;в работе;в работе;в работе;в работе
03.01.2014;в работе;в работе;в работе;в работе;в работе;в работе;в работе;;в работе;в работе;в работе;в работе;в работе;в работе;в работе;в работе;;;в работе;;в работе;в работе;в работе;в работе;в работе;в работе;в работе;в работе;;;;;;;;;в работе;в работе;в работе;в работе
04.01.2014;в работе;в работе;в работе;в работе;в работе;в работе;в работе;;в работе;в работе;в работе;в работе;в работе;в работе;в работе;в работе;;;в работе;;в работе;в работе;в работе;в работе;в работе;в работе;в работе;в работе;;;;;;;;;в работе;в работе;в работе;в работе
05.01.2014;в работе;в работе;в работе;в работе;в работе;в работе;в работе;;в работе;в работе;в работе;в работе;в работе;в работе;в работе;в работе;;;в работе;;в работе;в работе;в работе;в работе;в работе;в работе;в работе;в работе;;;;;;;;;в работе;в работе;в работе;в работе
06.01.2014;в работе;в работе;в работе;в работе;в работе;в работе;в работе;;в работе;в работе;в работе;в работе;в работе;в работе;в работе;в работе;;;в работе;;в работе;в работе;в работе;в работе;в работе;в работе;в работе;в работе;;;;;;;;;в работе;в работе;в работе;в работе
07.01.2014;в работе;в работе;в работе;в работе;в работе;в работе;в работе;;в работе;в работе;в работе;в работе;в работе;в работе;в работе;в работе;;;в работе;;в работе;в работе;в работе;в работе;в работе;в работе;в работе;в работе;;;;;;;;;в работе;в работе;в работе;в работе
08.01.2014;в работе;в работе;в работе;в работе;в работе;в работе;в работе;;в работе;в работе;в работе;в работе;в работе;в работе;в работе;в работе;;;в работе;;в работе;в работе;в работе;в работе;в работе;в работе;в работе;в работе;;;;;;;;;в работе;в работе;в работе;в работе
09.01.2014;в работе;в работе;в работе;в работе;в работе;в работе;в работе;;в работе;в работе;в работе;в работе;в работе;в работе;в работе;в работе;;;в работе;;в работе;в работе;в работе;в работе;в работе;в работе;в работе;в работе;;;;;;;;;в работе;в работе;в работе;в работе
10.01.2014;в работе;в работе;в работе;в работе;в работе;в работе;в работе;;в работе;в работе;в работе;в работе;в работе;в работе;в работе;в работе;;;в работе;;в работе;в работе;в работе;в работе;в работе;в работе;в работе;в работе;;;;;;;;;в работе;в работе;в работе;в работе
11.01.2014;в работе;в работе;в работе;в работе;в работе;в работе;в работе;;в работе;в работе;в работе;в работе;в работе;в работе;в работе;в работе;;;в работе;;в работе;в работе;в работе;в работе;в работе;в работе;в работе;в работе;;;;;;;;;в работе;в работе;в работе;в работе
12.01.2014;в работе;в работе;в работе;в работе;в работе;в работе;в работе;;в работе;в работе;в работе;в работе;в работе;в работе;в работе;в работе;;;в работе;;в работе;в работе;в работе;в работе;в работе;в работе;в работе;в работе;;;;;;;;;в работе;в работе;в работе;в работе
13.01.2014;в работе;в работе;в работе;в работе;в работе;в работе;в работе;;в работе;в работе;в работе;в работе;в работе;в работе;в работе;в работе;;;в работе;;в работе;в работе;в работе;в работе;в работе;в работе;в работе;в работе;;;;;;;;;в работе;в работе;в работе;в работе
14.01.2014;в работе;в работе;в работе;в работе;в работе;в работе;в работе;;в работе;в работе;в работе;в работе;в работе;в работе;в работе;в работе;;;в работе;;в работе;в работе;в работе;в работе;в работе;в работе;в работе;в работе;;;;;;;;;в работе;в работе;в работе;в работе
15.01.2014;в работе;в работе;в работе;в работе;в работе;в работе;в работе;;в работе;в работе;в работе;в работе;в работе;в работе;в работе;в работе;;;в работе;;в работе;в работе;в работе;в работе;в работе;в работе;в работе;в работе;;;;;;;;;в работе;в работе;в работе;в работе
16.01.2014;в работе;в работе;в работе;в работе;в работе;в работе;в работе;;в работе;в работе;в работе;в работе;в работе;в работе;в работе;в работе;;;в работе;;в работе;в работе;в работе;в работе;в работе;в работе;в работе;в работе;;;;;;;;;в работе;в работе;в работе;в работе
17.01.2014;в работе;в работе;в работе;в работе;в работе;в работе;в работе;;в работе;в работе;в работе;в работе;в работе;в работе;в работе;в работе;;;в работе;;в работе;в работе;в работе;в работе;в работе;в работе;в работе;в работе;;;;;;;;;в работе;в работе;в работе;в работе
18.01.2014;в работе;в работе;в работе;в работе;в работе;в работе;в работе;;в работе;в работе;в работе;в работе;в работе;в работе;в работе;в работе;;;в работе;;в работе;в работе;в работе;в работе;в работе;в работе;в работе;в работе;;;в работе;в работе;в работе;в работе;;в работе;в работе;в работе;в работе;в работе
19.01.2014;в работе;в работе;в работе;в работе;в работе;в работе;в работе;;в работе;в работе;в работе;в работе;в работе;в работе;в работе;в работе;;;в работе;;в работе;в работе;в работе;в работе;в работе;в работе;в работе;в работе;;;в работе;в работе;в работе;в работе;;в работе;в работе;в работе;в работе;в работе
20.01.2014;в работе;в работе;в работе;в работе;в работе;в работе;в работе;;в работе;в работе;в работе;в работе;в работе;в работе;в работе;в работе;;;в работе;;в работе;в работе;в работе;в работе;в работе;в работе;в работе;в работе;;;в работе;в работе;в работе;в работе;;в работе;в работе;в работе;в работе;в работе
21.01.2014;;standby;в работе;в работе;;в работе;;;в работе;в работе;в работе;;;в работе;в работе;в работе;;;;;в работе;;в работе;;;в работе;в работе;в работе;;;в работе;в работе;в работе;в работе;;в работе;в работе;в работе;в работе;в работе
22.01.2014;;standby;в работе;в работе;;в работе;;;в работе;в работе;в работе;;;в работе;в работе;в работе;;;;;в работе;;в работе;;;в работе;в работе;в работе;;;в работе;в работе;в работе;в работе;;в работе;в работе;в работе;в работе;в работе
23.01.2014;;standby;в работе;в работе;;в работе;;;в работе;в работе;в работе;;;в работе;в работе;в работе;;;;;в работе;;в работе;;;в работе;в работе;в работе;;;в работе;в работе;в работе;в работе;;в работе;в работе;в работе;в работе;в работе
24.01.2014;;standby;в работе;в работе;;в работе;;;в работе;в работе;в работе;;;;в работе;в работе;;;;;в работе;;в работе;;;в работе;в работе;в работе;;;в работе;в работе;в работе;в работе;;в работе;в работе;;в работе;в работе
25.01.2014;;standby;в работе;в работе;;в работе;;;в работе;в работе;в работе;;;;в работе;в работе;;;;;в работе;;в работе;;;в работе;в работе;в работе;;;в работе;в работе;в работе;в работе;;в работе;в работе;;в работе;в работе
26.01.2014;;standby;в работе;в работе;;в работе;;;в работе;в работе;в работе;;;;в работе;в работе;;;;;в работе;;в работе;;;в работе;в работе;в работе;;;в работе;в работе;в работе;в работе;;в работе;в работе;;в работе;в работе
27.01.2014;;standby;в работе;в работе;;в работе;;;в работе;в работе;в работе;;;;в работе;в работе;;;;;замена мишеней;;в работе;;;в работе;в работе;в работе;;;в работе;в работе;в работе;в работе;;в работе;в работе;;в работе;в работе
28.01.2014;;standby;в работе;в работе;;в работе;;;в работе;в работе;в работе;;;в работе;в работе;в работе;;;;;в работе;;в работе;в работе;в работе;в работе;в работе;в работе;;;в работе;в работе;в работе;в работе;;в работе;в работе;;в работе;в работе
29.01.2014;;standby;в работе;в работе;;в работе;;;в работе;в работе;;;;в работе;в работе;в работе;;;;;в работе;;в работе;;;в работе;в работе;в работе;;;в работе;в работе;в работе;в работе;;в работе;в работе;;в работе;в работе
30.01.2014;;standby;в работе;в работе;;в работе;;;в работе;в работе;в работе;;;в работе;в работе;в работе;;;;;в работе;;в работе;;;в работе;в работе;в работе;;;в работе;в работе;в работе;в работе;;в работе;в работе;;в работе;в работе
31.01.2014;;standby;в работе;в работе;;в работе;;;в работе;в работе;в работе;;;;в работе;в работе;;;;;в работе;;в работе;;;в работе;в работе;в работе;;;в работе;в работе;в работе;в работе;;в работе;в работе;;в работе;в работе
01.02.2014;;standby;в работе;в работе;;в работе;;;в работе;в работе;в работе;;;;в работе;в работе;;;;;в работе;;в работе;;;в работе;в работе;в работе;;;в работе;в работе;в работе;в работе;;в работе;в работе;в работе;в работе;в работе
02.02.2014;;standby;в работе;в работе;;в работе;;;в работе;в работе;в работе;;;;в работе;в работе;;;;;в работе;;в работе;;;в работе;в работе;в работе;;;в работе;в работе;в работе;в работе;;в работе;в работе;в работе;в работе;в работе
03.02.2014;;standby;в работе;в работе;;в работе;;;в работе;в работе;в работе;;;;в работе;в работе;;;;;в работе;;в работе;;;в работе;в работе;в работе;;;в работе;в работе;в работе;в работе;;в работе;в работе;в работе;в работе;в работе
04.02.2014;;standby;в работе;в работе;;в работе;;;в работе;в работе;в работе;;;;в работе;в работе;;;;;в работе;;в работе;;;в работе;в работе;в работе;;;в работе;в работе;в работе;в работе;;в работе;в работе;в работе;в работе;в работе
05.02.2014;;standby;в работе;в работе;;в работе;;;в работе;в работе;в работе;;;;в работе;в работе;;;;;в работе;;в работе;;;в работе;в работе;в работе;;;в работе;в работе;в работе;в работе;;в работе;в работе;в работе;в работе;в работе
06.02.2014;;standby;в работе;в работе;;в работе;;;в работе;в работе;в работе;;;;в работе;в работе;;;;;в работе;;в работе;;;в работе;в работе;в работе;;;в работе;в работе;в работе;в работе;;в работе;в работе;в работе;в работе;в работе
07.02.2014;;standby;в работе;в работе;;в работе;;;в работе;в работе;в работе;;;;в работе;в работе;;;;;в работе;;в работе;;;в работе;в работе;в работе;;;в работе;в работе;в работе;в работе;;в работе;в работе;в работе;в работе;в работе
08.02.2014;;standby;в работе;в работе;;в работе;;;в работе;в работе;в работе;;;;в работе;в работе;;;;;в работе;;в работе;;;в работе;в работе;в работе;;;в работе;в работе;в работе;в работе;;в работе;в работе;в работе;в работе;в работе
09.02.2014;;standby;в работе;в работе;;в работе;;;в работе;в работе;в работе;;;;в работе;в работе;;;;;в работе;;в работе;;;в работе;в работе;в работе;;;в работе;в работе;в работе;в работе;;в работе;в работе;в работе;в работе;в работе
10.02.2014;;standby;в работе;в работе;;в работе;;;в работе;в работе;в работе;;;;в работе;в работе;;;;;в работе;;в работе;;;в работе;в работе;в работе;;;в работе;в работе;в работе;в работе;;в работе;в работе;в работе;в работе;в работе
11.02.2014;;standby;в работе;в работе;;в работе;;;в работе;в работе;в работе;;;;в работе;в работе;;;;;в работе;;в работе;;;в работе;в работе;в работе;;;в работе;в работе;в работе;в работе;;в работе;в работе;в работе;в работе;в работе
12.02.2014;;standby;в работе;в работе;;в работе;;;в работе;в работе;в работе;;;;в работе;в работе;;;;;в работе;;в работе;;;в работе;в работе;в работе;;;в работе;в работе;в работе;в работе;;в работе;в работе;в работе;в работе;в работе
13.02.2014;;standby;в работе;в работе;;в работе;;;в работе;в работе;в работе;;;;в работе;в работе;;;;;в работе;;в работе;;;в работе;в работе;в работе;;;в работе;в работе;в работе;в работе;;в работе;в работе;в работе;в работе;в работе
14.02.2014;;standby;в работе;в работе;;в работе;;;в работе;в работе;в работе;;;;в работе;в работе;;;;;в работе;;в работе;;;в работе;в работе;в работе;;;в работе;в работе;в работе;в работе;;в работе;в работе;в работе;в работе;в работе
15.02.2014;;standby;в работе;в работе;;в работе;;;в работе;в работе;в работе;;;;в работе;в работе;;;;;в работе;;в работе;;;в работе;в работе;в работе;;;в работе;в работе;в работе;в работе;;в работе;в работе;в работе;в работе;в работе
16.02.2014;;standby;в работе;в работе;;в работе;;;в работе;в работе;в работе;;;;в работе;в работе;;;;;в работе;;в работе;;;в работе;в работе;в работе;;;в работе;в работе;в работе;в работе;;в работе;в работе;в работе;в работе;в работе
17.02.2014;;standby;в работе;в работе;;в работе;;;в работе;в работе;в работе;;;;в работе;в работе;;;;;в работе;;в работе;;;в работе;в работе;в работе;;;в работе;в работе;в работе;в работе;;в работе;в работе;в работе;в работе;в работе
18.02.2014;;standby;в работе;в работе;;в работе;;;в работе;в работе;в работе;;;;в работе;в работе;;;;;в работе;;в работе;;;в работе;в работе;в работе;;;в работе;в работе;в работе;в работе;;в работе;в работе;в работе;в работе;в работе
19.02.2014;;standby;в работе;в работе;;в работе;;;в работе;в работе;в работе;;;;в работе;в работе;;;;;в работе;;в работе;;;в работе;в работе;в работе;;;в работе;в работе;в работе;в работе;;в работе;в работе;в работе;в работе;в работе
20.02.2014;;standby;в работе;в работе;;в работе;;;в работе;в работе;в работе;;;;в работе;в работе;;;;;в работе;;в работе;;;в работе;в работе;в работе;;;в работе;в работе;в работе;в работе;;в работе;в работе;в работе;в работе;в работе
21.02.2014;;standby;в работе;в работе;;в работе;;;в работе;в работе;в работе;;;;в работе;в работе;;;;;в работе;;в работе;;;в работе;в работе;в работе;;;в работе;в работе;в работе;в работе;;в работе;в работе;в работе;в работе;в работе
22.02.2014;;standby;в работе;в работе;;в работе;;;в работе;в работе;в работе;;;;в работе;в работе;;;;;в работе;;в работе;;;в работе;в работе;в работе;;;в работе;в работе;в работе;в работе;;в работе;в работе;в работе;в работе;в работе
23.02.2014;;standby;в работе;в работе;;в работе;;;в работе;в работе;в работе;;;;в работе;в работе;;;;;в работе;;в работе;;;в работе;в работе;в работе;;;ТО ;ТО ;ТО ;ТО ;;ТО ;08:00-20:00 ТО;08:00-20:00 ТО;08:00-20:00 ТО;08:00-20:00 ТО
24.02.2014;;standby;в работе;в работе;;в работе;;;в работе;в работе;в работе;;;;в работе;в работе;;;;;в работе;;в работе;;;в работе;в работе;в работе;;;в работе;в работе;в работе;в работе;;в работе;в работе;в работе;в работе;в работе
25.02.2014;;standby;в работе;в работе;;в работе;;;в работе;в работе;в работе;;;;в работе;в работе;;;;;в работе;;в работе;;;в работе;в работе;в работе;;;в работе;в работе;в работе;в работе;;в работе;в работе;в работе;в работе;в работе
26.02.2014;;standby;10:00-14:00 ТО;в работе;;10:00-14:00 ТО;;;standby;standby;standby;;;;standby;standby;;;;;08:00-15:30 ТО;;09:00-14:00 ТО;;;в работе;в работе;в работе;;;в работе;в работе;в работе;в работе;;в работе;в работе;в работе;в работе;в работе
27.02.2014;;standby;в работе;в работе;;в работе;;;в работе;в работе;в работе;;;;в работе;в работе;;;;;в работе;;в работе;;;в работе;в работе;в работе;;;в работе;в работе;в работе;в работе;подача питания;в работе;в работе;в работе;в работе;в работе
28.02.2014;;standby;в работе;в работе;;в работе;;;в работе;в работе;в работе;;;;в работе;в работе;;;;;в работе;;в работе;;;в работе;в работе;в работе;;;в работе;в работе;в работе;в работе;ПНР;в работе;в работе;в работе;в работе;в работе
29.02.2014;;standby;в работе;в работе;;в работе;;;в работе;в работе;в работе;;;;в работе;в работе;;;;;в работе;;в работе;;;в работе;в работе;в работе;;;в работе;в работе;в работе;в работе;ПНР Поставили в нагрев второй этаж. ;в работе;в работе;в работе;в работе;в работе
01.03.2014;;standby;в работе;в работе;;в работе;;;в работе;в работе;в работе;;;;в работе;в работе;;;;;в работе;;в работе;;;в работе;в работе;в работе;;;в работе;в работе;в работе;в работе;в работе;в работе;в работе;в работе;в работе;в работе
02.03.2014;;standby;в работе;в работе;;в работе;;;в работе;в работе;в работе;;;;в работе;в работе;;;;;в работе;;в работе;;;в работе;в работе;в работе;;;в работе;в работе;в работе;в работе;в работе;в работе;в работе;в работе;в работе;в работе
03.03.2014;;standby;в работе;в работе;;в работе;;;в работе;в работе;в работе;;;;в работе;в работе;;;;;в работе;;в работе;;;в работе;в работе;в работе;;;в работе;в работе;в работе;в работе;в работе;в работе;в работе;в работе;в работе;в работе
04.03.2014;;standby;в работе;в работе;;в работе;;;в работе;в работе;в работе;;;;в работе;в работе;;;;;в работе;;в работе;;;в работе;в работе;в работе;;;в работе;в работе;в работе;в работе;в работе;в работе;в работе;в работе;в работе;в работе
05.03.2014;;standby;в работе;в работе;;в работе;;;в работе;в работе;в работе;;;запуск вакуум. насосов;в работе;в работе;;;;;в работе;;в работе;;;в работе;в работе;в работе;;;в работе;в работе;в работе;в работе;в работе;в работе;в работе;в работе;в работе;в работе
06.03.2014;;standby;в работе;в работе;;в работе;;;в работе;в работе;в работе;;;с 08:00 нагрев;в работе;в работе;;;;;в работе;;в работе;;;в работе;в работе;в работе;;;в работе;в работе;в работе;в работе;в работе;в работе;в работе;в работе;в работе;в работе
07.03.2014;;standby;в работе;в работе;;в работе;;;в работе;в работе;в работе;;;в работе;в работе;в работе;;;;;в работе;;в работе;;;в работе;в работе;в работе;;;в работе;в работе;в работе;в работе;в работе;в работе;в работе;в работе;в работе;в работе
08.03.2014;;standby;в работе;в работе;;в работе;;;в работе;в работе;в работе;;;в работе;в работе;в работе;;;;;в работе;;в работе;;;в работе;в работе;в работе;;;в работе;в работе;в работе;в работе;в работе;в работе;в работе;в работе;в работе;в работе
09.03.2014;;standby;в работе;в работе;;в работе;;;в работе;в работе;в работе;;;в работе;в работе;в работе;;;;;в работе;;в работе;;;в работе;в работе;в работе;;;в работе;в работе;в работе;в работе;в работе;в работе;в работе;в работе;в работе;в работе
10.03.2014;;standby;в работе;в работе;;в работе;;;в работе;в работе;в работе;;;в работе;в работе;в работе;;;;;в работе;;в работе;;;в работе;в работе;в работе;;;в работе;в работе;в работе;в работе;в работе;в работе;в работе;в работе;в работе;в работе
11.03.2014;;standby;в работе;в работе;;в работе;;;в работе;в работе;в работе;;;в работе;в работе;в работе;;;;;08:00-15:00 замена мишеней;;08:00-15:00 ТО;;;08:00-15:00 ТО;в работе;в работе;;;в работе;в работе;в работе;в работе;в работе;в работе;в работе;в работе;в работе;в работе
12.03.2014;;standby;в работе;в работе;;в работе;;;в работе;в работе;в работе;;;в работе;в работе;в работе;;;;;в работе;;в работе;;;в работе;в работе;в работе;;;в работе;в работе;в работе;в работе;в работе;в работе;в работе;в работе;в работе;в работе
13.03.2014;;standby;в работе;в работе;;в работе;;;в работе;в работе;в работе;;;в работе;в работе;в работе;;;;;в работе;;в работе;;;в работе;в работе;в работе;;;в работе;в работе;в работе;в работе;в работе;в работе;в работе;в работе;в работе;в работе
14.03.2014;;standby;в работе;в работе;в работе;в работе;;;в работе;в работе;в работе;;;в работе;в работе;в работе;;;;;в работе;;в работе;;;в работе;в работе;в работе;;;в работе;в работе;в работе;в работе;в работе;в работе;в работе;в работе;в работе;в работе
15.03.2014;;в работе;в работе;в работе;в работе;в работе;;;в работе;в работе;в работе;;;в работе;в работе;в работе;;;;;в работе;;в работе;;;в работе;в работе;в работе;;;в работе;в работе;в работе;в работе;в работе;в работе;в работе;в работе;в работе;в работе
16.03.2014;;в работе;standby;standby;в работе;в работе;;;в работе;в работе;в работе;;;в работе;в работе;в работе;;;;;в работе;;в работе;;;в работе;в работе;в работе;;;в работе;в работе;в работе;в работе;в работе;в работе;в работе;в работе;в работе;в работе
17.03.2014;;в работе;standby;standby;в работе;в работе;;;в работе;в работе;в работе;;;в работе;в работе;в работе;;;;;в работе;;в работе;;;в работе;в работе;в работе;;;в работе;в работе;в работе;в работе;в работе;в работе;в работе;в работе;в работе;в работе
18.03.2014;;в работе;standby;standby;в работе;в работе;;;в работе;в работе;в работе;;;в работе;в работе;в работе;;;;;в работе;;в работе;;;в работе;в работе;в работе;;;в работе;в работе;в работе;в работе;в работе;в работе;в работе;в работе;в работе;в работе
19.03.2014;;в работе;standby;standby;в работе;в работе;;;в работе;в работе;в работе;;;в работе;в работе;в работе;;;;;в работе;;в работе;;;в работе;в работе;в работе;;;в работе;в работе;в работе;в работе;в работе;в работе;ТО;ТО;ТО;ТО
20.03.2014;;в работе;standby;standby;в работе;в работе;;;в работе;в работе;в работе;;;в работе;в работе;в работе;;;;;в работе;;в работе;;;в работе;в работе;в работе;;;в работе;в работе;в работе;в работе;в работе;в работе;в работе;в работе;в работе;в работе
21.03.2014;;в работе;в работе;standby;в работе;в работе;;;в работе;в работе;в работе;;;в работе;в работе;в работе;;;;;в работе;;в работе;;;в работе;в работе;в работе;;;в работе;в работе;в работе;в работе;в работе;в работе;в работе;в работе;в работе;в работе
22.03.2014;;в работе;в работе;standby;в работе;в работе;;;в работе;в работе;в работе;;;в работе;в работе;в работе;;;;;в работе;;в работе;;;в работе;в работе;в работе;;;в работе;в работе;в работе;в работе;в работе;в работе;в работе;в работе;в работе;в работе
23.03.2014;;в работе;в работе;standby;в работе;в работе;;;в работе;в работе;в работе;;;в работе;в работе;в работе;;;;;в работе;;в работе;;;в работе;в работе;в работе;;;в работе;в работе;в работе;в работе;в работе;в работе;в работе;в работе;в работе;в работе
24.03.2014;;в работе;в работе;standby;в работе;в работе;;;в работе;в работе;в работе;;;в работе;в работе;в работе;;;;;в работе;;в работе;;;в работе;в работе;в работе;;;в работе;в работе;в работе;в работе;в работе;в работе;в работе;в работе;в работе;в работе
25.03.2014;;в работе;в работе;в работе;в работе;в работе;;;в работе;в работе;в работе;;;в работе;в работе;в работе;;;;;в работе;;в работе;;;в работе;в работе;в работе;;;ТО;ТО;ТО;ТО;ТО;ТО;в работе;в работе;в работе;в работе
26.03.2014;в работе;в работе;в работе;в работе;в работе;в работе;в работе;;в работе;в работе;в работе;;;в работе;в работе;в работе;;;в работе;;замена мишеней;в работе;в работе;;;в работе;в работе;в работе;;;в работе;в работе;в работе;в работе;в работе;в работе;в работе;в работе;в работе;в работе
27.03.2014;в работе;в работе;в работе;в работе;в работе;в работе;в работе;;в работе;в работе;в работе;;;в работе;в работе;в работе;;;в работе;;в работе;в работе;в работе;;;в работе;в работе;в работе;;;в работе;в работе;в работе;в работе;в работе;в работе;в работе;в работе;в работе;в работе
28.03.2014;;в работе;в работе;в работе;в работе;в работе;в работе;;в работе;в работе;в работе;;;в работе;в работе;в работе;;;в работе;;в работе;в работе;в работе;;;в работе;в работе;в работе;;;в работе;в работе;в работе;в работе;в работе;в работе;в работе;в работе;в работе;в работе
29.03.2014;;в работе;в работе;в работе;в работе;в работе;;;в работе;в работе;в работе;;;в работе;в работе;в работе;;;в работе;;в работе;в работе;в работе;;;в работе;в работе;в работе;;;в работе;в работе;в работе;в работе;в работе;в работе;в работе;в работе;в работе;в работе
30.03.2014;;в работе;в работе;в работе;в работе;в работе;;;в работе;в работе;в работе;;;в работе;в работе;в работе;;;в работе;;в работе;в работе;в работе;;;в работе;в работе;в работе;;;в работе;в работе;в работе;в работе;в работе;в работе;в работе;в работе;в работе;в работе
31.03.2014;;в работе;в работе;в работе;в работе;в работе;;;в работе;в работе;в работе;;;в работе;в работе;в работе;;;в работе;;в работе;в работе;в работе;;;в работе;в работе;в работе;;;в работе;в работе;в работе;в работе;в работе;в работе;в работе;в работе;в работе;в работе
01.04.2014;;в работе;в работе;в работе;в работе;в работе;;;в работе;в работе;в работе;;;в работе;в работе;в работе;;;в работе;;в работе;в работе;в работе;;;в работе;в работе;в работе;;;в работе;в работе;в работе;в работе;в работе;в работе;в работе;в работе;в работе;в работе
02.04.2014;;в работе;в работе;в работе;в работе;в работе;;;в работе;в работе;в работе;;;в работе;в работе;в работе;;;в работе;;в работе;в работе;в работе;;;в работе;в работе;в работе;;;в работе;в работе;в работе;в работе;в работе;в работе;в работе;в работе;в работе;в работе
03.04.2014;;в работе;в работе;в работе;в работе;в работе;;;в работе;в работе;в работе;;;в работе;в работе;в работе;;;в работе;;в работе;в работе;в работе;;;в работе;в работе;в работе;;;в работе;в работе;в работе;в работе;в работе;в работе;в работе;в работе;в работе;в работе
04.04.2014;;в работе;в работе;в работе;в работе;в работе;;;в работе;в работе;в работе;;;в работе;в работе;в работе;;;;;в работе;;в работе;;;в работе;в работе;в работе;;;в работе;в работе;в работе;в работе;в работе;в работе;в работе;в работе;в работе;в работе
05.04.2014;;в работе;в работе;в работе;в работе;в работе;;;в работе;в работе;в работе;;;в работе;в работе;в работе;;;;;в работе;;в работе;;;в работе;в работе;в работе;;;в работе;в работе;в работе;в работе;в работе;в работе;в работе;в работе;в работе;в работе
06.04.2014;;в работе;в работе;;в работе;в работе;;;в работе;в работе;в работе;;;в работе;в работе;в работе;;;;;в работе;;в работе;;;в работе;в работе;в работе;;;в работе;в работе;в работе;в работе;в работе;в работе;в работе;в работе;в работе;в работе
07.04.2014;;в работе;в работе;;в работе;в работе;;;в работе;в работе;в работе;;;в работе;в работе;в работе;;;;;в работе;;в работе;;;в работе;в работе;в работе;;;в работе;в работе;в работе;в работе;в работе;в работе;в работе;в работе;в работе;в работе
08.04.2014;;;;;;;;;00:00-04:00;00:00-04:00;00:00-04:00;;;00:00-04:00;00:00-04:00;00:00-04:00;;;;;00:00-04:00;;00:00-08:00;;;00:00-08:00;00:00-08:00;00:00-08:00;;;в работе;в работе;в работе;в работе;в работе;в работе;"00:00-08:00
20:00-00:00";"00:00-08:00
20:00-00:00";"00:00-08:00
20:00-00:00";"00:00-08:00
20:00-00:00"
09.04.2014;;;;;;;;;;;;;;;;;;;;;;;;;;;;;;;в работе;в работе;в работе;в работе;в работе;в работе;в работе;в работе;в работе;в работе
10.04.2014;;18:00-00:00;18:00-00:00;;18:00-00:00;18:00-00:00;;;18:00-00:00;18:00-00:00;18:00-00:00;;;18:00-00:00;;18:00-00:00;;;;;18:00-00:00;;15:00;;;;;;;;в работе;в работе;в работе;в работе;в работе;в работе;в работе;в работе;в работе;в работе
11.04.2014;;в работе;в работе;;в работе;в работе;;;в работе;в работе;в работе;;;в работе;в работе;в работе;;;;;в работе;;в работе;;;в работе;в работе;в работе;;;в работе;в работе;в работе;в работе;в работе;в работе;в работе;в работе;в работе;в работе
12.04.2014;;в работе;в работе;;в работе;в работе;;;в работе;в работе;в работе;;;в работе;в работе;в работе;;;;;в работе;;в работе;;;в работе;в работе;в работе;;;в работе;в работе;в работе;в работе;в работе;в работе;в работе;в работе;в работе;в работе
13.04.2014;;в работе;в работе;;в работе;в работе;;;в работе;в работе;в работе;;;в работе;в работе;в работе;;;;;в работе;;в работе;;;в работе;в работе;в работе;;;в работе;в работе;в работе;в работе;в работе;в работе;в работе;в работе;в работе;в работе
14.04.2014;;в работе;в работе;;в работе;в работе;;;в работе;в работе;в работе;;;в работе;в работе;в работе;;;;;в работе;;в работе;;;в работе;в работе;в работе;;;в работе;в работе;в работе;в работе;в работе;в работе;в работе;в работе;в работе;в работе
15.04.2014;;в работе;в работе;;в работе;в работе;;;в работе;в работе;в работе;;;в работе;в работе;в работе;;;;;в работе;;в работе;;;в работе;в работе;в работе;;;в работе;в работе;в работе;в работе;в работе;в работе;в работе;в работе;в работе;в работе
16.04.2014;;в работе;в работе;;в работе;в работе;;;в работе;в работе;в работе;;;в работе;в работе;в работе;;;;;в работе;;в работе;;;в работе;в работе;в работе;;;в работе;в работе;в работе;в работе;в работе;в работе;в работе;в работе;в работе;в работе
17.04.2014;;в работе;в работе;;в работе;в работе;;;в работе;в работе;в работе;;;в работе;в работе;в работе;;;;;в работе;;в работе;;;в работе;в работе;в работе;;;в работе;в работе;в работе;в работе;в работе;в работе;в работе;в работе;в работе;в работе
18.04.2014;в работе;в работе;в работе;;в работе;в работе;;;в работе;в работе;в работе;;;в работе;в работе;в работе;;;;;в работе;;в работе;;;в работе;в работе;в работе;;;в работе;в работе;в работе;в работе;в работе;в работе;в работе;в работе;в работе;в работе
19.04.2014;в работе;в работе;в работе;;в работе;в работе;;;в работе;в работе;в работе;;;в работе;в работе;в работе;;;;;в работе;;в работе;;;в работе;в работе;в работе;;;в работе;в работе;в работе;в работе;в работе;в работе;в работе;в работе;в работе;в работе
20.04.2014;в работе;в работе;в работе;;в работе;в работе;;;в работе;в работе;в работе;;;в работе;в работе;в работе;;;;;в работе;;в работе;;;в работе;в работе;в работе;;;в работе;в работе;в работе;в работе;в работе;в работе;в работе;в работе;в работе;в работе
21.04.2014;в работе;в работе;в работе;;в работе;в работе;;;в работе;в работе;в работе;;;в работе;в работе;в работе;;;;;в работе;;в работе;;;в работе;в работе;в работе;;;в работе;в работе;в работе;в работе;в работе;в работе;в работе;в работе;в работе;в работе
22.04.2014;в работе;в работе;в работе;;в работе;в работе;;;в работе;в работе;в работе;;;в работе;в работе;в работе;;;;;в работе;;в работе;;;в работе;в работе;в работе;в работе;;в работе;в работе;в работе;в работе;в работе;в работе;ТО 08до13;ТО 08до13;ТО 08до13;ТО 08до13
23.04.2014;в работе;в работе;в работе;;в работе;в работе;;;в работе;в работе;в работе;;;в работе;в работе;в работе;;;;;в работе;;в работе;;;в работе;в работе;в работе;в работе;;ТО 08до15;ТО 08до15;ТО 08до15;ТО 08до15;ТО 08до15;ТО 08до15;в работе;в работе;в работе;в работе
24.04.2014;в работе;в работе;в работе;;в работе;в работе;;;в работе;в работе;в работе;;;в работе;в работе;в работе;;;;;в работе;;в работе;;;в работе;в работе;в работе;в работе;;в работе;в работе;в работе;в работе;в работе;в работе;в работе;в работе;в работе;в работе
25.04.2014;в работе;в работе;в работе;с 09:30-24:00;в работе;в работе;;;в работе;в работе;в работе;;;в работе;в работе;в работе;;;;;в работе;;в работе;;;в работе;в работе;в работе;в работе;в работе;в работе;в работе;в работе;в работе;в работе;в работе;в работе;в работе;в работе;в работе
26.04.2014;в работе;в работе;в работе;в работе;в работе;в работе;;;в работе;в работе;в работе;;;в работе;в работе;в работе;;;;;в работе;;в работе;;;в работе;в работе;в работе;в работе;в работе;в работе;в работе;в работе;в работе;в работе;в работе;в работе;в работе;в работе;в работе
27.04.2014;в работе;в работе;;;в работе;в работе;;;в работе;в работе;в работе;;;в работе;в работе;в работе;;;;;в работе;;в работе;;;в работе;в работе;в работе;в работе;в работе;в работе;в работе;в работе;в работе;в работе;в работе;в работе;в работе;в работе;в работе
28.04.2014;в работе;в работе;;;в работе;в работе;;;в работе;в работе;в работе;;;в работе;в работе;в работе;;;;;в работе;;в работе;;;в работе;в работе;в работе;в работе;в работе;в работе;в работе;в работе;в работе;в работе;в работе;в работе;в работе;в работе;в работе
29.04.2014;в работе;в работе;;;в работе;в работе;;;в работе;в работе;в работе;;;в работе;в работе;в работе;;;;;в работе;;в работе;;;в работе;в работе;в работе;в работе;в работе;в работе;в работе;в работе;в работе;в работе;в работе;в работе;в работе;в работе;в работе
30.04.2014;в работе;в работе;;;в работе;в работе;;;в работе;в работе;в работе;;;в работе;в работе;в работе;;;;;в работе;;в работе;;;в работе;в работе;в работе;в работе;в работе;в работе;в работе;в работе;в работе;в работе;в работе;в работе;в работе;в работе;в работе
01.05.2014;в работе;в работе;;;в работе;в работе;;;в работе;в работе;в работе;;;в работе;в работе;в работе;;;;;в работе;;в работе;;;в работе;в работе;в работе;в работе;в работе;в работе;в работе;в работе;в работе;в работе;в работе;в работе;в работе;в работе;в работе
02.05.2014;в работе;в работе;;;в работе;в работе;;;в работе;в работе;в работе;;;в работе;в работе;в работе;;;;;в работе;;в работе;;;в работе;в работе;в работе;в работе;в работе;в работе;в работе;в работе;в работе;в работе;в работе;в работе;в работе;в работе;в работе
03.05.2014;в работе;в работе;;;в работе;в работе;;;в работе;в работе;в работе;;;в работе;в работе;в работе;;;;;в работе;;в работе;;;в работе;в работе;в работе;в работе;в работе;в работе;в работе;в работе;в работе;в работе;в работе;в работе;в работе;в работе;в работе
04.05.2014;в работе;в работе;;;в работе;в работе;;;в работе;в работе;в работе;;;в работе;в работе;в работе;;;;;в работе;;в работе;;;в работе;в работе;в работе;в работе;в работе;в работе;в работе;в работе;в работе;в работе;в работе;в работе;в работе;в работе;в работе
05.05.2014;в работе;в работе;;;в работе;в работе;;;в работе;в работе;в работе;;;в работе;в работе;в работе;;;;;в работе;;в работе;;;в работе;в работе;в работе;в работе;в работе;в работе;в работе;в работе;в работе;в работе;в работе;в работе;в работе;в работе;в работе
06.05.2014;в работе;в работе;;;в работе;в работе;;;в работе;в работе;в работе;;;в работе;в работе;в работе;;;;;в работе;;в работе;;;в работе;в работе;в работе;в работе;в работе;в работе;в работе;в работе;в работе;в работе;в работе;в работе;в работе;в работе;в работе
07.05.2014;в работе;в работе;;;в работе;в работе;;;в работе;в работе;в работе;;;в работе;в работе;в работе;;;;;в работе;;в работе;;;в работе;в работе;в работе;в работе;в работе;в работе;в работе;в работе;в работе;в работе;в работе;в работе;в работе;в работе;в работе
08.05.2014;в работе;в работе;;;в работе;в работе;;;в работе;в работе;в работе;;;в работе;в работе;в работе;;;;;в работе;;в работе;;;в работе;в работе;в работе;в работе;в работе;ЕТО с 08:00-15:00;ЕТО с 08:00-15:00;ЕТО с 08:00-15:00;ЕТО с 08:00-15:00;ЕТО с 08:00-15:00;ЕТО с 08:00-15:00;в работе;в работе;в работе;в работе
09.05.2014;в работе;в работе;;;в работе;в работе;;;в работе;в работе;в работе;;;в работе;в работе;в работе;;;;;в работе;;в работе;;;в работе;в работе;в работе;в работе;в работе;в работе;в работе;в работе;в работе;в работе;в работе;в работе;в работе;в работе;в работе
10.05.2014;в работе;в работе;;;в работе;в работе;;;в работе;в работе;в работе;;;в работе;в работе;в работе;;;;;в работе;;в работе;;;в работе;в работе;в работе;в работе;в работе;в работе;в работе;в работе;в работе;в работе;в работе;в работе;в работе;в работе;в работе
11.05.2014;в работе;в работе;;;в работе;в работе;;;в работе;в работе;в работе;;;в работе;в работе;в работе;;;;;в работе;;в работе;;;в работе;в работе;в работе;в работе;в работе;в работе;в работе;в работе;в работе;в работе;в работе;в работе;в работе;в работе;в работе
12.05.2014;в работе;в работе;;;в работе;в работе;;;00:00-23:55;в работе;в работе;;;в работе;в работе;в работе;;;;;в работе;;в работе;;;в работе;в работе;в работе;в работе;в работе;в работе;в работе;в работе;в работе;в работе;в работе;в работе;в работе;в работе;в работе
13.05.2014;в работе;в работе;;;в работе;в работе;;;ремонт. ;в работе;в работе;;;в работе;в работе;в работе;;;;;в работе;;в работе;;;в работе;в работе;в работе;в работе;в работе;в работе;в работе;в работе;в работе;в работе;в работе;в работе;в работе;в работе;в работе
14.05.2014;в работе;в работе;;;в работе;в работе;;;в работе;в работе;в работе;;;в работе;в работе;в работе;;;;;в работе;;в работе;;;в работе;в работе;в работе;в работе;в работе;в работе;в работе;в работе;в работе;в работе;в работе;в работе;в работе;в работе;в работе
15.05.2014;в работе;в работе;;;в работе;в работе;;;в работе;в работе;в работе;;;в работе;в работе;в работе;;;;;в работе;;в работе;;;в работе;в работе;в работе;в работе;в работе;в работе;в работе;в работе;в работе;в работе;в работе;в работе;в работе;в работе;в работе
16.05.2014;в работе;в работе;;;в работе;в работе;;;в работе;в работе;в работе;;;в работе;в работе;в работе;;;;;в работе;;в работе;;;в работе;в работе;в работе;в работе;в работе;в работе;в работе;в работе;в работе;в работе;в работе;в работе;в работе;в работе;в работе
17.05.2014;в работе;в работе;;;в работе;в работе;;;в работе;в работе;в работе;;;в работе;в работе;в работе;;;;;в работе;;в работе;;;в работе;в работе;в работе;в работе;в работе;в работе;в работе;в работе;в работе;в работе;в работе;в работе;в работе;в работе;в работе
18.05.2014;в работе;в работе;;;в работе;в работе;;;в работе;в работе;в работе;;;в работе;в работе;в работе;;;;;в работе;;в работе;;;в работе;в работе;в работе;в работе;в работе;в работе;в работе;в работе;в работе;в работе;в работе;в работе;в работе;в работе;в работе
19.05.2014;в работе;в работе;;;в работе;в работе;;;в работе;в работе;в работе;;;в работе;в работе;в работе;;;;;в работе;;в работе;;;в работе;в работе;в работе;в работе;в работе;в работе;в работе;в работе;в работе;в работе;в работе;в работе;в работе;в работе;в работе
20.05.2014;в работе;в работе;;;в работе;в работе;;;в работе;в работе;в работе;;;в работе;в работе;в работе;;;;;в работе;;в работе;;;в работе;в работе;в работе;в работе;в работе;в работе;в работе;в работе;в работе;в работе;в работе;в работе;в работе;в работе;в работе
21.05.2014;в работе;в работе;;;в работе;в работе;;;в работе;в работе;в работе;;;в работе;в работе;в работе;;;;;в работе;;в работе;;;в работе;в работе;в работе;в работе;в работе;в работе;в работе;в работе;в работе;в работе;в работе;в работе;в работе;в работе;в работе
22.05.2014;в работе;в работе;;;в работе;в работе;;;в работе;в работе;в работе;;;в работе;в работе;в работе;;;;;в работе;;в работе;;;в работе;в работе;в работе;в работе;в работе;в работе;в работе;в работе;в работе;в работе;в работе;в работе;в работе;в работе;в работе
23.05.2014;в работе;в работе;;;в работе;в работе;;;в работе;в работе;в работе;;;в работе;в работе;в работе;;;;;в работе;;в работе;;;в работе;в работе;в работе;в работе;в работе;в работе;в работе;в работе;в работе;в работе;в работе;в работе;в работе;в работе;в работе
24.05.2014;в работе;в работе;;;в работе;в работе;;;в работе;в работе;в работе;;;в работе;в работе;в работе;;;;;в работе;;в работе;;;в работе;в работе;в работе;в работе;в работе;в работе;в работе;в работе;в работе;в работе;в работе;в работе;в работе;в работе;в работе
25.05.2014;в работе;в работе;;;в работе;в работе;;;в работе;в работе;в работе;;;в работе;в работе;в работе;;;;;в работе;;в работе;;;в работе;в работе;в работе;в работе;в работе;в работе;в работе;в работе;в работе;в работе;в работе;в работе;в работе;в работе;в работе
26.05.2014;в работе;в работе;;;в работе;в работе;;;в работе;в работе;в работе;;;в работе;в работе;в работе;;;;;в работе;;в работе;;;в работе;в работе;в работе;в работе;в работе;в работе;в работе;в работе;в работе;в работе;в работе;в работе;в работе;в работе;в работе
